episode,status,runtime,reward,collisions_agent,collisions_obs,success
0,Success,3.11,-4.378,0,0,1
1,Obstacle Collision,4.74,-3.006,0,1,0
2,Success,7.82,-0.128,0,0,1
3,Success,8.66,-0.028,0,0,1
4,Obstacle Collision,9.47,-5.528,0,1,0
5,Success,11.85,-3.489,0,0,1
6,Success,14.5,-0.067,0,0,1
7,Obstacle Collision,16.75,-2.167,0,1,0
8,Obstacle Collision,19.21,-1.107,0,1,0
9,Success,21.61,-0.067,0,0,1
10,Obstacle Collision,23.41,-1.328,0,1,0
11,Agent Collision,24.9,-2.611,1,0,0
12,Success,26.8,-0.061,0,0,1
13,Success,28.61,-0.056,0,0,1
14,Obstacle Collision,29.81,-1.3,0,1,0
15,Success,31.66,-0.061,0,0,1
16,Obstacle Collision,32.07,-1.722,0,1,0
17,Success,33.85,-2.622,0,0,1
18,Obstacle Collision,35.28,-1.289,0,1,0
19,Success,37.14,-0.061,0,0,1
20,Success,38.3,-0.05,0,0,1
21,Success,39.3,-0.044,0,0,1
22,Obstacle Collision,39.74,-1.261,0,1,0
23,Success,40.9,-0.039,0,0,1
24,Obstacle Collision,41.74,-1.172,0,1,0
25,Success,43.45,-0.078,0,0,1
26,Success,46.29,-0.094,0,0,1
27,Success,49.14,-0.139,0,0,1
28,Success,50.85,-0.05,0,0,1
29,Success,52.76,-0.911,0,0,1
30,Success,54.78,-0.056,0,0,1
31,Success,56.24,-0.05,0,0,1
32,Success,57.86,-0.056,0,0,1
33,Success,60.58,-1.8,0,0,1
34,Success,61.5,-0.039,0,0,1
35,Success,63.31,-0.067,0,0,1
36,Obstacle Collision,64.84,-1.294,0,1,0
37,Success,66.09,-0.039,0,0,1
38,Obstacle Collision,66.86,-0.952,0,1,0
39,Success,69.58,-0.939,0,0,1
40,Success,72.1,-0.083,0,0,1
41,Obstacle Collision,72.53,-1.261,0,1,0
42,Success,75.78,-2.656,0,0,1
43,Success,78.86,-5.244,0,0,1
44,Obstacle Collision,79.98,-1.306,0,1,0
45,Obstacle Collision,80.57,-2.978,0,1,0
46,Obstacle Collision,81.77,-1.3,0,1,0
47,Obstacle Collision,83.31,-1.103,0,1,0
48,Obstacle Collision,84.45,-1.283,0,1,0
49,Obstacle Collision,85.85,-1.311,0,1,0
50,Success,87.62,-0.05,0,0,1
51,Obstacle Collision,88.53,-1.294,0,1,0
52,Timeout,95.94,-0.6,0,0,0
53,Obstacle Collision,97.1,-1.278,0,1,0
54,Obstacle Collision,98.09,-1.278,0,1,0
55,Obstacle Collision,99.85,-1.294,0,1,0
56,Agent Collision,102.63,-1.789,1,0,0
57,Success,105.3,-0.078,0,0,1
58,Obstacle Collision,106.97,-1.07,0,1,0
59,Success,110.98,-0.111,0,0,1
60,Obstacle Collision,112.1,-1.173,0,1,0
61,Success,114.18,-0.078,0,0,1
62,Obstacle Collision,115.31,-1.278,0,1,0
63,Success,116.79,-0.05,0,0,1
64,Obstacle Collision,117.88,-1.278,0,1,0
65,Success,119.58,-0.061,0,0,1
66,Obstacle Collision,120.92,-1.294,0,1,0
67,Obstacle Collision,122.3,-1.306,0,1,0
68,Success,124.34,-0.056,0,0,1
69,Obstacle Collision,125.46,-3.705,0,1,0
70,Success,128.2,-4.356,0,0,1
71,Success,130.93,-1.822,0,0,1
72,Obstacle Collision,133.14,-1.328,0,1,0
73,Success,134.54,-0.039,0,0,1
74,Success,135.7,-0.039,0,0,1
75,Agent Collision,136.62,-4.306,1,0,0
76,Success,139.54,-0.939,0,0,1
77,Success,142.07,-0.094,0,0,1
78,Success,144.68,-1.817,0,0,1
79,Success,145.84,-0.033,0,0,1
80,Obstacle Collision,146.53,-1.272,0,1,0
81,Success,148.32,-0.072,0,0,1
82,Obstacle Collision,149.81,-1.306,0,1,0
83,Success,151.2,-0.05,0,0,1
84,Success,153.88,-0.072,0,0,1
85,Success,155.1,-0.039,0,0,1
86,Agent Collision,157.23,-2.65,1,0,0
87,Obstacle Collision,158.34,-0.967,0,1,0
88,Success,160.77,-0.128,0,0,1
89,Success,161.75,-0.039,0,0,1
90,Success,162.91,-0.056,0,0,1
91,Success,163.76,-0.039,0,0,1
92,Success,166.03,-0.067,0,0,1
93,Obstacle Collision,166.87,-1.278,0,1,0
94,Obstacle Collision,169.63,-1.383,0,1,0
95,Obstacle Collision,171.04,-1.294,0,1,0
96,Success,172.59,-0.072,0,0,1
97,Success,174.8,-0.956,0,0,1
98,Success,176.76,-0.067,0,0,1
99,Success,178.47,-2.639,0,0,1
100,Obstacle Collision,179.07,-1.158,0,1,0
101,Success,180.23,-0.039,0,0,1
102,Success,181.72,-0.056,0,0,1
103,Success,183.0,-0.056,0,0,1
104,Obstacle Collision,183.79,-1.05,0,1,0
105,Obstacle Collision,185.16,-2.6,0,1,0
106,Obstacle Collision,187.6,-3.465,0,1,0
107,Obstacle Collision,193.97,-1.772,0,1,0
108,Success,195.18,-0.044,0,0,1
109,Success,197.06,-0.067,0,0,1
110,Obstacle Collision,197.7,-1.267,0,1,0
111,Success,200.22,-0.078,0,0,1
112,Success,202.1,-0.089,0,0,1
113,Obstacle Collision,203.45,-1.289,0,1,0
114,Obstacle Collision,205.02,-1.311,0,1,0
115,Obstacle Collision,208.08,-1.433,0,1,0
116,Success,210.81,-3.5,0,0,1
117,Success,213.01,-0.089,0,0,1
118,Success,214.2,-0.05,0,0,1
119,Success,215.52,-0.039,0,0,1
120,Success,216.6,-0.039,0,0,1
121,Success,218.23,-0.072,0,0,1
122,Success,219.24,-0.039,0,0,1
123,Obstacle Collision,220.12,-1.272,0,1,0
124,Obstacle Collision,220.56,-1.261,0,1,0
125,Success,221.98,-0.061,0,0,1
126,Success,223.96,-0.078,0,0,1
127,Success,226.63,-0.078,0,0,1
128,Success,227.71,-0.039,0,0,1
129,Success,229.67,-0.089,0,0,1
130,Success,230.52,-0.028,0,0,1
131,Obstacle Collision,231.39,-1.272,0,1,0
132,Success,233.92,-1.8,0,0,1
133,Obstacle Collision,234.7,-0.998,0,1,0
134,Success,237.11,-0.067,0,0,1
135,Success,238.2,-0.044,0,0,1
136,Success,239.89,-0.056,0,0,1
137,Obstacle Collision,240.52,-1.267,0,1,0
138,Success,243.64,-0.083,0,0,1
139,Success,245.75,-0.083,0,0,1
140,Success,247.47,-0.061,0,0,1
141,Success,250.36,-0.122,0,0,1
142,Obstacle Collision,253.18,-1.367,0,1,0
143,Obstacle Collision,254.78,-5.567,0,1,0
144,Success,257.84,-2.661,0,0,1
145,Success,258.77,-0.033,0,0,1
146,Success,261.61,-0.083,0,0,1
147,Success,262.21,-0.022,0,0,1
148,Success,264.64,-0.067,0,0,1
149,Obstacle Collision,267.59,-2.289,0,1,0
150,Success,269.15,-0.072,0,0,1
151,Success,271.67,-0.072,0,0,1
152,Obstacle Collision,272.35,-1.267,0,1,0
153,Agent Collision,275.55,-6.15,1,0,0
154,Obstacle Collision,276.47,-2.983,0,1,0
155,Success,278.07,-0.067,0,0,1
156,Success,280.92,-0.95,0,0,1
157,Obstacle Collision,281.96,-1.317,0,1,0
158,Obstacle Collision,283.51,-0.932,0,1,0
159,Success,285.21,-0.056,0,0,1
160,Success,287.69,-0.078,0,0,1
161,Success,289.16,-1.761,0,0,1
162,Success,291.74,-0.117,0,0,1
163,Obstacle Collision,294.64,-1.217,0,1,0
164,Success,297.01,-0.094,0,0,1
165,Success,298.41,-0.044,0,0,1
166,Success,300.43,-0.067,0,0,1
167,Obstacle Collision,301.33,-2.128,0,1,0
168,Success,303.8,-0.078,0,0,1
169,Obstacle Collision,304.72,-1.272,0,1,0
170,Success,305.92,-0.044,0,0,1
171,Success,307.18,-0.044,0,0,1
172,Success,309.12,-0.083,0,0,1
173,Obstacle Collision,309.55,-1.261,0,1,0
174,Success,312.13,-0.078,0,0,1
175,Success,315.22,-0.089,0,0,1
176,Success,317.11,-0.072,0,0,1
177,Obstacle Collision,317.78,-1.267,0,1,0
178,Success,319.53,-0.056,0,0,1
179,Success,321.24,-0.078,0,0,1
180,Success,323.02,-0.05,0,0,1
181,Obstacle Collision,324.07,-2.139,0,1,0
182,Success,326.02,-0.056,0,0,1
183,Obstacle Collision,327.47,-5.567,0,1,0
184,Obstacle Collision,328.21,-1.05,0,1,0
185,Obstacle Collision,329.36,-0.95,0,1,0
186,Success,330.92,-0.067,0,0,1
187,Success,331.92,-0.039,0,0,1
188,Obstacle Collision,332.55,-1.267,0,1,0
189,Success,334.63,-0.067,0,0,1
190,Success,338.17,-0.95,0,0,1
191,Success,340.21,-0.089,0,0,1
192,Success,342.59,-0.089,0,0,1
193,Agent Collision,344.74,-0.917,1,0,0
194,Obstacle Collision,345.91,-1.283,0,1,0
195,Success,348.07,-0.061,0,0,1
196,Success,349.7,-0.056,0,0,1
197,Obstacle Collision,350.55,-1.272,0,1,0
198,Obstacle Collision,351.24,-1.272,0,1,0
199,Obstacle Collision,354.52,-1.411,0,1,0
200,Obstacle Collision,355.31,-1.05,0,1,0
201,Obstacle Collision,358.5,-1.389,0,1,0
202,Success,359.88,-2.617,0,0,1
203,Success,361.91,-0.1,0,0,1
204,Success,363.75,-0.056,0,0,1
205,Obstacle Collision,365.3,-1.289,0,1,0
206,Obstacle Collision,368.34,-1.333,0,1,0
207,Success,369.6,-0.039,0,0,1
208,Agent Collision,370.86,-5.167,1,0,0
209,Success,372.17,-0.061,0,0,1
210,Success,375.18,-0.1,0,0,1
211,Success,377.34,-0.056,0,0,1
212,Success,379.32,-0.072,0,0,1
213,Agent Collision,382.66,-2.683,1,0,0
214,Success,384.88,-0.083,0,0,1
215,Obstacle Collision,386.28,-1.283,0,1,0
216,Success,388.35,-0.083,0,0,1
217,Success,389.84,-0.067,0,0,1
218,Obstacle Collision,390.25,-1.261,0,1,0
219,Obstacle Collision,391.82,-1.294,0,1,0
220,Success,394.02,-0.072,0,0,1
221,Success,395.42,-0.05,0,0,1
222,Success,396.42,-0.028,0,0,1
223,Success,397.67,-0.044,0,0,1
224,Obstacle Collision,399.74,-3.781,0,1,0
225,Success,401.53,-0.061,0,0,1
226,Success,404.37,-0.111,0,0,1
227,Obstacle Collision,405.5,-1.278,0,1,0
228,Success,406.52,-0.028,0,0,1
229,Success,408.17,-0.056,0,0,1
230,Success,410.93,-0.144,0,0,1
231,Success,413.68,-0.089,0,0,1
232,Success,416.37,-0.089,0,0,1
233,Success,418.95,-0.072,0,0,1
234,Success,421.47,-0.072,0,0,1
235,Success,423.04,-0.056,0,0,1
236,Obstacle Collision,424.1,-1.055,0,1,0
237,Obstacle Collision,424.53,-1.261,0,1,0
238,Obstacle Collision,425.11,-1.053,0,1,0
239,Success,426.75,-0.067,0,0,1
240,Obstacle Collision,427.8,-1.073,0,1,0
241,Success,430.35,-0.1,0,0,1
242,Success,432.34,-0.072,0,0,1
243,Obstacle Collision,436.44,-1.572,0,1,0
244,Success,438.56,-0.083,0,0,1
245,Obstacle Collision,438.99,-1.261,0,1,0
246,Success,440.06,-0.033,0,0,1
247,Success,441.7,-0.056,0,0,1
248,Success,443.03,-0.061,0,0,1
249,Success,445.25,-0.106,0,0,1
250,Obstacle Collision,446.72,-1.317,0,1,0
251,Success,449.51,-0.083,0,0,1
252,Obstacle Collision,450.24,-1.162,0,1,0
253,Success,452.4,-0.094,0,0,1
254,Obstacle Collision,456.09,-1.461,0,1,0
255,Success,458.56,-1.8,0,0,1
256,Success,461.2,-0.089,0,0,1
257,Success,463.16,-0.083,0,0,1
258,Obstacle Collision,465.42,-1.212,0,1,0
259,Obstacle Collision,466.03,-1.157,0,1,0
260,Success,469.11,-0.083,0,0,1
261,Success,470.94,-0.078,0,0,1
262,Success,472.24,-0.044,0,0,1
263,Success,473.53,-0.056,0,0,1
264,Success,474.39,-0.028,0,0,1
265,Obstacle Collision,475.18,-0.952,0,1,0
266,Obstacle Collision,478.46,-1.417,0,1,0
267,Success,480.12,-4.344,0,0,1
268,Success,482.07,-0.067,0,0,1
269,Obstacle Collision,483.55,-2.048,0,1,0
270,Success,485.34,-0.056,0,0,1
271,Obstacle Collision,486.17,-0.618,0,1,0
272,Obstacle Collision,488.9,-1.417,0,1,0
273,Obstacle Collision,489.48,-1.044,0,1,0
274,Obstacle Collision,490.84,-1.283,0,1,0
275,Obstacle Collision,493.46,-1.839,0,1,0
276,Success,494.77,-0.044,0,0,1
277,Success,497.2,-0.072,0,0,1
278,Success,499.07,-1.789,0,0,1
279,Success,500.07,-0.033,0,0,1
280,Success,502.74,-0.083,0,0,1
281,Obstacle Collision,504.39,-1.294,0,1,0
282,Success,507.88,-0.133,0,0,1
283,Obstacle Collision,510.17,-3.478,0,1,0
284,Success,511.5,-0.05,0,0,1
285,Success,513.38,-0.072,0,0,1
286,Success,514.93,-1.767,0,0,1
287,Success,517.4,-0.117,0,0,1
288,Success,518.89,-0.05,0,0,1
289,Obstacle Collision,521.44,-2.183,0,1,0
290,Success,523.13,-0.089,0,0,1
291,Success,524.95,-0.061,0,0,1
292,Success,526.11,-0.033,0,0,1
293,Success,527.58,-0.067,0,0,1
294,Obstacle Collision,529.68,-1.333,0,1,0
295,Success,531.33,-0.061,0,0,1
296,Success,532.9,-0.044,0,0,1
297,Obstacle Collision,534.72,-0.989,0,1,0
298,Success,536.27,-0.056,0,0,1
299,Obstacle Collision,537.38,-1.278,0,1,0
300,Obstacle Collision,538.38,-0.944,0,1,0
301,Obstacle Collision,539.89,-1.097,0,1,0
302,Obstacle Collision,541.12,-1.18,0,1,0
303,Success,542.54,-0.061,0,0,1
304,Success,543.86,-0.044,0,0,1
305,Success,545.99,-0.083,0,0,1
306,Success,547.94,-0.05,0,0,1
307,Success,549.66,-0.072,0,0,1
308,Success,551.69,-0.072,0,0,1
309,Success,553.08,-0.039,0,0,1
310,Success,555.31,-0.089,0,0,1
311,Obstacle Collision,555.99,-1.267,0,1,0
312,Obstacle Collision,559.2,-1.339,0,1,0
313,Success,561.17,-0.067,0,0,1
314,Obstacle Collision,563.72,-1.211,0,1,0
315,Obstacle Collision,564.35,-1.267,0,1,0
316,Success,566.02,-0.078,0,0,1
317,Success,569.19,-0.1,0,0,1
318,Obstacle Collision,576.11,-1.683,0,1,0
319,Success,578.77,-0.1,0,0,1
320,Success,581.58,-0.1,0,0,1
321,Success,582.9,-0.033,0,0,1
322,Obstacle Collision,583.54,-1.267,0,1,0
323,Success,585.94,-0.956,0,0,1
324,Obstacle Collision,587.16,-1.189,0,1,0
325,Obstacle Collision,588.34,-1.306,0,1,0
326,Success,591.14,-3.506,0,0,1
327,Success,593.72,-0.944,0,0,1
328,Obstacle Collision,594.18,-1.261,0,1,0
329,Success,596.62,-0.072,0,0,1
330,Obstacle Collision,597.56,-0.848,0,1,0
331,Success,599.05,-0.056,0,0,1
332,Obstacle Collision,599.49,-1.261,0,1,0
333,Success,602.13,-1.8,0,0,1
334,Success,605.1,-0.106,0,0,1
335,Success,606.65,-0.061,0,0,1
336,Success,609.2,-0.067,0,0,1
337,Success,610.27,-0.044,0,0,1
338,Obstacle Collision,610.66,-1.261,0,1,0
339,Obstacle Collision,611.57,-1.733,0,1,0
340,Obstacle Collision,612.01,-1.261,0,1,0
341,Success,614.23,-0.083,0,0,1
342,Obstacle Collision,614.83,-1.156,0,1,0
343,Obstacle Collision,618.01,-1.411,0,1,0
344,Success,620.2,-0.089,0,0,1
345,Success,621.84,-0.072,0,0,1
346,Obstacle Collision,622.25,-1.261,0,1,0
347,Success,623.99,-0.072,0,0,1
348,Obstacle Collision,625.31,-1.297,0,1,0
349,Success,627.44,-0.067,0,0,1
350,Obstacle Collision,629.03,-1.289,0,1,0
351,Success,630.55,-0.078,0,0,1
352,Success,632.57,-0.061,0,0,1
353,Success,634.63,-0.072,0,0,1
354,Success,636.82,-0.083,0,0,1
355,Success,638.13,-0.039,0,0,1
356,Success,639.7,-0.056,0,0,1
357,Agent Collision,643.13,-1.833,1,0,0
358,Obstacle Collision,644.42,-1.042,0,1,0
359,Obstacle Collision,645.96,-2.15,0,1,0
360,Obstacle Collision,646.86,-1.272,0,1,0
361,Success,648.93,-0.078,0,0,1
362,Success,651.4,-0.117,0,0,1
363,Success,653.27,-0.056,0,0,1
364,Success,654.34,-0.033,0,0,1
365,Obstacle Collision,654.78,-1.261,0,1,0
366,Success,655.95,-0.044,0,0,1
367,Obstacle Collision,658.48,-1.367,0,1,0
368,Obstacle Collision,658.92,-1.261,0,1,0
369,Success,661.14,-0.078,0,0,1
370,Success,662.47,-0.039,0,0,1
371,Obstacle Collision,663.22,-1.929,0,1,0
372,Success,665.39,-0.067,0,0,1
373,Obstacle Collision,668.25,-1.356,0,1,0
374,Obstacle Collision,668.69,-1.261,0,1,0
375,Success,671.62,-0.111,0,0,1
376,Obstacle Collision,672.29,-1.267,0,1,0
377,Success,674.3,-0.061,0,0,1
378,Obstacle Collision,676.65,-1.322,0,1,0
379,Success,678.83,-0.061,0,0,1
380,Obstacle Collision,679.25,-1.261,0,1,0
381,Obstacle Collision,682.53,-3.637,0,1,0
382,Success,683.72,-0.044,0,0,1
383,Obstacle Collision,684.33,-1.157,0,1,0
384,Success,685.73,-0.044,0,0,1
385,Success,688.25,-0.1,0,0,1
386,Success,689.71,-0.044,0,0,1
387,Success,691.44,-0.067,0,0,1
388,Success,693.71,-0.083,0,0,1
389,Obstacle Collision,694.76,-1.278,0,1,0
390,Success,695.86,-0.033,0,0,1
391,Success,698.13,-0.078,0,0,1
392,Obstacle Collision,700.45,-1.344,0,1,0
393,Success,702.1,-0.061,0,0,1
394,Success,704.53,-0.083,0,0,1
395,Success,706.56,-0.078,0,0,1
396,Agent Collision,708.87,-2.628,1,0,0
397,Success,710.88,-0.061,0,0,1
398,Success,712.67,-0.067,0,0,1
399,Obstacle Collision,713.35,-1.267,0,1,0
400,Success,715.11,-0.061,0,0,1
401,Success,716.93,-0.067,0,0,1
402,Success,718.74,-0.061,0,0,1
403,Obstacle Collision,719.91,-1.278,0,1,0
404,Success,721.41,-0.906,0,0,1
405,Obstacle Collision,723.56,-1.306,0,1,0
406,Success,725.03,-0.061,0,0,1
407,Obstacle Collision,726.4,-1.283,0,1,0
408,Obstacle Collision,730.05,-1.417,0,1,0
409,Success,731.35,-0.039,0,0,1
410,Success,733.36,-0.067,0,0,1
411,Success,734.75,-1.767,0,0,1
412,Obstacle Collision,735.41,-1.267,0,1,0
413,Success,736.33,-0.044,0,0,1
414,Success,738.83,-0.083,0,0,1
415,Agent Collision,739.85,-4.306,1,0,0
416,Success,741.4,-0.044,0,0,1
417,Success,742.81,-0.067,0,0,1
418,Success,743.81,-0.039,0,0,1
419,Success,745.98,-4.339,0,0,1
420,Success,750.43,-3.628,0,0,1
421,Success,751.58,-0.044,0,0,1
422,Success,753.13,-0.056,0,0,1
423,Obstacle Collision,753.73,-1.155,0,1,0
424,Success,755.92,-0.078,0,0,1
425,Success,757.4,-0.067,0,0,1
426,Success,759.77,-0.067,0,0,1
427,Obstacle Collision,765.45,-1.667,0,1,0
428,Success,766.95,-0.056,0,0,1
429,Success,769.57,-0.078,0,0,1
430,Obstacle Collision,770.52,-1.073,0,1,0
431,Success,772.51,-0.067,0,0,1
432,Obstacle Collision,773.19,-1.267,0,1,0
433,Success,774.61,-0.05,0,0,1
434,Success,777.01,-0.111,0,0,1
435,Success,778.01,-0.039,0,0,1
436,Success,779.04,-0.05,0,0,1
437,Success,780.44,-0.044,0,0,1
438,Obstacle Collision,782.77,-1.311,0,1,0
439,Obstacle Collision,783.17,-1.261,0,1,0
440,Obstacle Collision,783.86,-3.833,0,1,0
441,Success,786.39,-0.083,0,0,1
442,Success,789.4,-0.078,0,0,1
443,Success,792.27,-1.811,0,0,1
444,Success,794.25,-0.089,0,0,1
445,Success,795.92,-0.067,0,0,1
446,Obstacle Collision,796.96,-1.3,0,1,0
447,Success,798.61,-0.067,0,0,1
448,Obstacle Collision,800.44,-1.294,0,1,0
449,Obstacle Collision,801.09,-2.583,0,1,0
450,Agent Collision,802.5,-2.617,1,0,0
451,Success,803.5,-0.044,0,0,1
452,Obstacle Collision,804.54,-1.278,0,1,0
453,Success,806.98,-0.067,0,0,1
454,Success,809.57,-0.072,0,0,1
455,Obstacle Collision,811.14,-1.289,0,1,0
456,Success,812.64,-0.078,0,0,1
457,Obstacle Collision,814.41,-1.294,0,1,0
458,Success,816.68,-0.078,0,0,1
459,Success,819.4,-0.133,0,0,1
460,Success,820.24,-0.028,0,0,1
461,Obstacle Collision,821.16,-0.73,0,1,0
462,Success,823.84,-0.089,0,0,1
463,Success,826.43,-0.078,0,0,1
464,Success,827.51,-0.033,0,0,1
465,Success,831.69,-3.402,0,0,1
466,Success,834.03,-0.083,0,0,1
467,Success,836.64,-0.106,0,0,1
468,Success,838.12,-0.044,0,0,1
469,Success,839.89,-0.061,0,0,1
470,Success,841.29,-0.039,0,0,1
471,Success,843.74,-0.1,0,0,1
472,Success,845.32,-0.072,0,0,1
473,Obstacle Collision,847.96,-1.35,0,1,0
474,Obstacle Collision,849.99,-1.311,0,1,0
475,Success,852.39,-0.922,0,0,1
476,Obstacle Collision,853.54,-1.278,0,1,0
477,Success,855.04,-0.056,0,0,1
478,Success,857.41,-0.089,0,0,1
479,Success,858.59,-0.044,0,0,1
480,Success,859.82,-0.05,0,0,1
481,Success,861.29,-0.072,0,0,1
482,Success,863.65,-0.089,0,0,1
483,Success,865.43,-0.05,0,0,1
484,Success,867.28,-0.083,0,0,1
485,Success,869.15,-0.072,0,0,1
486,Success,870.32,-0.05,0,0,1
487,Obstacle Collision,871.23,-1.272,0,1,0
488,Obstacle Collision,872.16,-1.278,0,1,0
489,Success,874.37,-0.072,0,0,1
490,Success,876.1,-0.061,0,0,1
491,Success,877.6,-0.05,0,0,1
492,Success,879.16,-0.05,0,0,1
493,Obstacle Collision,880.48,-1.294,0,1,0
494,Obstacle Collision,887.91,-2.611,0,1,0
495,Success,888.87,-0.028,0,0,1
496,Agent Collision,891.72,-2.65,1,0,0
497,Agent Collision,892.64,-3.444,1,0,0
498,Obstacle Collision,893.45,-1.05,0,1,0
499,Obstacle Collision,895.46,-1.328,0,1,0
500,Success,896.87,-0.056,0,0,1
501,Success,898.05,-0.044,0,0,1
502,Obstacle Collision,899.33,-1.283,0,1,0
503,Success,901.35,-0.056,0,0,1
504,Obstacle Collision,902.34,-0.968,0,1,0
505,Success,905.02,-0.089,0,0,1
506,Success,906.05,-0.039,0,0,1
507,Obstacle Collision,909.18,-1.339,0,1,0
508,Obstacle Collision,911.81,-1.344,0,1,0
509,Success,913.7,-0.067,0,0,1
510,Obstacle Collision,917.01,-1.489,0,1,0
511,Obstacle Collision,917.99,-0.775,0,1,0
512,Success,919.84,-0.061,0,0,1
513,Obstacle Collision,921.07,-1.067,0,1,0
514,Success,922.91,-0.067,0,0,1
515,Success,923.58,-0.022,0,0,1
516,Success,925.96,-0.083,0,0,1
517,Success,926.97,-0.044,0,0,1
518,Success,929.57,-0.078,0,0,1
519,Obstacle Collision,933.69,-1.483,0,1,0
520,Success,936.22,-0.094,0,0,1
521,Success,937.79,-0.906,0,0,1
522,Obstacle Collision,938.47,-1.267,0,1,0
523,Success,941.18,-0.15,0,0,1
524,Success,942.98,-0.072,0,0,1
525,Obstacle Collision,943.55,-1.044,0,1,0
526,Obstacle Collision,945.63,-9.0,0,1,0
527,Obstacle Collision,946.06,-1.261,0,1,0
528,Success,948.7,-0.1,0,0,1
529,Obstacle Collision,949.3,-1.156,0,1,0
530,Obstacle Collision,949.89,-1.267,0,1,0
531,Obstacle Collision,954.06,-1.378,0,1,0
532,Obstacle Collision,955.43,-1.283,0,1,0
533,Success,957.2,-0.061,0,0,1
534,Success,958.78,-0.061,0,0,1
535,Obstacle Collision,960.36,-1.189,0,1,0
536,Success,962.41,-0.933,0,0,1
537,Success,964.36,-0.061,0,0,1
538,Obstacle Collision,965.03,-1.267,0,1,0
539,Success,967.37,-0.089,0,0,1
540,Success,969.11,-0.067,0,0,1
541,Success,971.61,-0.072,0,0,1
542,Timeout,980.11,-0.6,0,0,0
543,Obstacle Collision,981.88,-2.167,0,1,0
544,Success,983.2,-0.061,0,0,1
545,Success,985.57,-0.072,0,0,1
546,Success,987.25,-0.05,0,0,1
547,Timeout,994.14,-0.6,0,0,0
548,Obstacle Collision,995.13,-1.278,0,1,0
549,Obstacle Collision,996.73,-1.199,0,1,0
550,Success,997.84,-0.05,0,0,1
551,Success,1000.34,-0.078,0,0,1
552,Success,1002.56,-0.067,0,0,1
553,Obstacle Collision,1003.22,-1.267,0,1,0
554,Obstacle Collision,1003.88,-1.267,0,1,0
555,Obstacle Collision,1004.78,-1.278,0,1,0
556,Success,1005.76,-0.033,0,0,1
557,Success,1008.07,-0.078,0,0,1
558,Obstacle Collision,1008.96,-1.272,0,1,0
559,Success,1011.18,-0.061,0,0,1
560,Success,1012.35,-0.039,0,0,1
561,Success,1014.17,-0.917,0,0,1
562,Success,1015.32,-0.033,0,0,1
563,Success,1017.11,-0.044,0,0,1
564,Obstacle Collision,1017.61,-1.267,0,1,0
565,Obstacle Collision,1018.21,-1.267,0,1,0
566,Success,1019.69,-0.056,0,0,1
567,Success,1021.38,-0.056,0,0,1
568,Success,1023.57,-0.072,0,0,1
569,Obstacle Collision,1024.4,-1.17,0,1,0
570,Success,1026.39,-0.078,0,0,1
571,Success,1029.02,-0.106,0,0,1
572,Obstacle Collision,1029.46,-1.261,0,1,0
573,Obstacle Collision,1033.93,-1.522,0,1,0
574,Success,1036.68,-0.106,0,0,1
575,Success,1038.39,-0.056,0,0,1
576,Obstacle Collision,1039.51,-1.278,0,1,0
577,Success,1040.83,-0.067,0,0,1
578,Obstacle Collision,1041.97,-3.844,0,1,0
579,Obstacle Collision,1042.41,-1.261,0,1,0
580,Obstacle Collision,1043.51,-3.844,0,1,0
581,Success,1045.47,-0.078,0,0,1
582,Success,1046.32,-0.028,0,0,1
583,Success,1047.57,-0.044,0,0,1
584,Success,1050.53,-0.106,0,0,1
585,Success,1054.5,-0.222,0,0,1
586,Success,1056.81,-0.95,0,0,1
587,Success,1059.6,-0.083,0,0,1
588,Obstacle Collision,1060.71,-1.283,0,1,0
589,Success,1063.15,-0.961,0,0,1
590,Agent Collision,1064.86,-5.178,1,0,0
591,Obstacle Collision,1066.74,-2.178,0,1,0
592,Success,1069.76,-0.089,0,0,1
593,Success,1072.66,-0.089,0,0,1
594,Success,1075.31,-0.944,0,0,1
595,Obstacle Collision,1077.97,-1.075,0,1,0
596,Obstacle Collision,1078.52,-1.045,0,1,0
597,Success,1079.54,-0.044,0,0,1
598,Obstacle Collision,1080.75,-1.283,0,1,0
599,Obstacle Collision,1081.22,-1.261,0,1,0
600,Success,1082.72,-0.911,0,0,1
601,Success,1084.44,-0.067,0,0,1
602,Success,1087.07,-0.117,0,0,1
603,Obstacle Collision,1088.24,-1.283,0,1,0
604,Success,1089.7,-0.039,0,0,1
605,Obstacle Collision,1091.3,-1.227,0,1,0
606,Obstacle Collision,1093.11,-1.199,0,1,0
607,Success,1095.59,-0.072,0,0,1
608,Success,1097.07,-0.067,0,0,1
609,Obstacle Collision,1098.63,-1.3,0,1,0
610,Success,1100.66,-0.078,0,0,1
611,Success,1102.74,-0.089,0,0,1
612,Success,1104.59,-0.072,0,0,1
613,Success,1105.41,-0.028,0,0,1
614,Success,1108.17,-5.183,0,0,1
615,Obstacle Collision,1109.59,-1.344,0,1,0
616,Success,1111.66,-0.078,0,0,1
617,Success,1113.27,-0.078,0,0,1
618,Obstacle Collision,1114.64,-1.299,0,1,0
619,Success,1117.78,-0.133,0,0,1
620,Obstacle Collision,1118.23,-1.261,0,1,0
621,Success,1119.78,-0.05,0,0,1
622,Obstacle Collision,1123.01,-4.383,0,1,0
623,Obstacle Collision,1123.58,-1.046,0,1,0
624,Success,1125.97,-0.928,0,0,1
625,Success,1128.64,-0.089,0,0,1
626,Success,1130.2,-0.083,0,0,1
627,Obstacle Collision,1130.85,-1.267,0,1,0
628,Success,1132.86,-0.083,0,0,1
629,Obstacle Collision,1134.22,-1.283,0,1,0
630,Success,1135.41,-0.05,0,0,1
631,Obstacle Collision,1136.21,-1.278,0,1,0
632,Success,1138.09,-0.056,0,0,1
633,Success,1139.18,-0.05,0,0,1
634,Obstacle Collision,1139.95,-0.94,0,1,0
635,Obstacle Collision,1140.63,-1.267,0,1,0
636,Obstacle Collision,1141.27,-1.159,0,1,0
637,Success,1142.2,-0.039,0,0,1
638,Obstacle Collision,1143.69,-1.339,0,1,0
639,Obstacle Collision,1147.51,-1.439,0,1,0
640,Success,1149.85,-1.8,0,0,1
641,Success,1151.33,-0.906,0,0,1
642,Success,1153.9,-0.083,0,0,1
643,Success,1155.69,-0.061,0,0,1
644,Success,1157.94,-0.922,0,0,1
645,Obstacle Collision,1158.59,-0.828,0,1,0
646,Success,1159.9,-0.044,0,0,1
647,Success,1162.36,-0.1,0,0,1
648,Success,1163.58,-0.044,0,0,1
649,Success,1165.19,-0.072,0,0,1
650,Success,1166.73,-0.061,0,0,1
651,Success,1168.58,-0.1,0,0,1
652,Obstacle Collision,1170.66,-1.311,0,1,0
653,Success,1172.18,-0.056,0,0,1
654,Success,1173.47,-0.044,0,0,1
655,Success,1175.83,-0.067,0,0,1
656,Success,1176.91,-0.039,0,0,1
657,Success,1179.75,-0.094,0,0,1
658,Success,1181.13,-0.044,0,0,1
659,Obstacle Collision,1182.21,-1.283,0,1,0
660,Agent Collision,1183.79,-5.172,1,0,0
661,Obstacle Collision,1184.72,-1.278,0,1,0
662,Obstacle Collision,1185.87,-1.3,0,1,0
663,Obstacle Collision,1188.35,-0.531,0,1,0
664,Obstacle Collision,1190.16,-1.333,0,1,0
665,Success,1191.66,-0.083,0,0,1
666,Obstacle Collision,1192.52,-1.272,0,1,0
667,Success,1195.81,-0.983,0,0,1
668,Agent Collision,1197.36,-0.9,1,0,0
669,Success,1198.59,-0.044,0,0,1
670,Success,1199.92,-0.044,0,0,1
671,Timeout,1207.58,-0.6,0,0,0
672,Success,1209.13,-0.056,0,0,1
673,Success,1210.13,-0.033,0,0,1
674,Success,1212.19,-0.078,0,0,1
675,Success,1214.63,-0.083,0,0,1
676,Success,1216.9,-0.061,0,0,1
677,Success,1218.79,-0.067,0,0,1
678,Success,1221.4,-0.1,0,0,1
679,Obstacle Collision,1222.0,-1.156,0,1,0
680,Success,1223.49,-2.611,0,0,1
681,Success,1224.57,-0.039,0,0,1
682,Success,1227.0,-0.089,0,0,1
683,Obstacle Collision,1227.87,-2.982,0,1,0
684,Obstacle Collision,1229.91,-1.317,0,1,0
685,Obstacle Collision,1231.99,-1.083,0,1,0
686,Obstacle Collision,1233.15,-1.083,0,1,0
687,Success,1235.18,-0.072,0,0,1
688,Obstacle Collision,1237.36,-1.069,0,1,0
689,Success,1239.23,-0.067,0,0,1
690,Success,1240.06,-0.028,0,0,1
691,Success,1241.36,-0.033,0,0,1
692,Success,1244.78,-0.1,0,0,1
693,Success,1246.16,-0.044,0,0,1
694,Success,1248.49,-2.628,0,0,1
695,Success,1250.07,-0.056,0,0,1
696,Obstacle Collision,1250.47,-1.261,0,1,0
697,Obstacle Collision,1255.83,-1.589,0,1,0
698,Success,1258.27,-0.089,0,0,1
699,Agent Collision,1259.14,-3.444,1,0,0
700,Success,1260.86,-0.083,0,0,1
701,Obstacle Collision,1261.3,-1.261,0,1,0
702,Obstacle Collision,1262.49,-1.744,0,1,0
703,Obstacle Collision,1264.05,-2.061,0,1,0
704,Success,1265.7,-0.061,0,0,1
705,Obstacle Collision,1266.38,-1.267,0,1,0
706,Obstacle Collision,1267.04,-1.267,0,1,0
707,Success,1269.37,-0.094,0,0,1
708,Success,1270.21,-0.033,0,0,1
709,Success,1272.63,-0.083,0,0,1
710,Success,1273.7,-0.039,0,0,1
711,Obstacle Collision,1275.27,-1.201,0,1,0
712,Success,1278.71,-0.094,0,0,1
713,Success,1281.98,-0.094,0,0,1
714,Success,1283.86,-0.078,0,0,1
715,Obstacle Collision,1284.85,-1.278,0,1,0
716,Obstacle Collision,1285.68,-1.161,0,1,0
717,Success,1287.78,-0.061,0,0,1
718,Success,1290.56,-0.089,0,0,1
719,Obstacle Collision,1291.13,-2.122,0,1,0
720,Success,1292.22,-0.044,0,0,1
721,Success,1293.45,-0.039,0,0,1
722,Agent Collision,1297.41,-8.561,1,0,0
723,Success,1298.82,-0.056,0,0,1
724,Success,1301.44,-0.133,0,0,1
725,Obstacle Collision,1302.12,-1.267,0,1,0
726,Obstacle Collision,1303.98,-1.294,0,1,0
727,Success,1305.38,-0.917,0,0,1
728,Obstacle Collision,1307.83,-3.872,0,1,0
729,Obstacle Collision,1309.12,-1.067,0,1,0
730,Obstacle Collision,1312.48,-1.5,0,1,0
731,Success,1313.8,-0.9,0,0,1
732,Obstacle Collision,1314.48,-1.267,0,1,0
733,Success,1316.65,-0.933,0,0,1
734,Success,1319.27,-0.067,0,0,1
735,Success,1322.1,-0.083,0,0,1
736,Success,1323.95,-0.094,0,0,1
737,Success,1326.57,-0.111,0,0,1
738,Obstacle Collision,1327.67,-1.172,0,1,0
739,Success,1329.33,-0.056,0,0,1
740,Obstacle Collision,1330.43,-1.278,0,1,0
741,Success,1332.55,-0.933,0,0,1
742,Success,1335.21,-0.106,0,0,1
743,Obstacle Collision,1337.38,-2.178,0,1,0
744,Obstacle Collision,1338.49,-1.739,0,1,0
745,Obstacle Collision,1339.38,-1.272,0,1,0
746,Success,1340.86,-0.067,0,0,1
747,Success,1342.85,-0.089,0,0,1
748,Success,1344.35,-0.061,0,0,1
749,Obstacle Collision,1345.34,-1.224,0,1,0
750,Success,1347.08,-0.044,0,0,1
751,Obstacle Collision,1348.25,-1.061,0,1,0
752,Success,1349.67,-0.05,0,0,1
753,Success,1351.65,-0.078,0,0,1
754,Success,1353.82,-0.083,0,0,1
755,Success,1355.58,-0.094,0,0,1
756,Success,1357.43,-0.05,0,0,1
757,Obstacle Collision,1357.87,-1.283,0,1,0
758,Obstacle Collision,1358.77,-1.272,0,1,0
759,Success,1360.24,-0.056,0,0,1
760,Obstacle Collision,1362.23,-0.905,0,1,0
761,Success,1364.43,-0.128,0,0,1
762,Obstacle Collision,1365.82,-1.178,0,1,0
763,Success,1367.45,-0.056,0,0,1
764,Obstacle Collision,1368.56,-1.278,0,1,0
765,Obstacle Collision,1370.39,-1.294,0,1,0
766,Obstacle Collision,1372.29,-1.306,0,1,0
767,Success,1375.44,-0.094,0,0,1
768,Success,1378.35,-0.106,0,0,1
769,Success,1379.57,-0.039,0,0,1
770,Success,1381.48,-0.083,0,0,1
771,Success,1384.35,-0.089,0,0,1
772,Success,1386.46,-0.056,0,0,1
773,Obstacle Collision,1388.98,-1.836,0,1,0
774,Success,1390.46,-0.056,0,0,1
775,Obstacle Collision,1390.9,-1.261,0,1,0
776,Success,1392.53,-0.061,0,0,1
777,Obstacle Collision,1394.66,-1.333,0,1,0
778,Success,1395.91,-0.039,0,0,1
779,Success,1397.78,-0.089,0,0,1
780,Obstacle Collision,1399.26,-1.289,0,1,0
781,Success,1400.95,-0.056,0,0,1
782,Success,1402.82,-0.067,0,0,1
783,Success,1405.35,-0.094,0,0,1
784,Success,1407.45,-0.072,0,0,1
785,Success,1409.32,-0.05,0,0,1
786,Success,1411.19,-0.078,0,0,1
787,Success,1413.64,-0.094,0,0,1
788,Obstacle Collision,1417.23,-1.444,0,1,0
789,Success,1419.45,-0.089,0,0,1
790,Obstacle Collision,1420.33,-1.05,0,1,0
791,Success,1421.91,-0.067,0,0,1
792,Success,1423.46,-0.044,0,0,1
793,Success,1426.09,-0.072,0,0,1
794,Success,1428.22,-0.083,0,0,1
795,Success,1431.48,-0.089,0,0,1
796,Success,1432.95,-0.056,0,0,1
797,Success,1435.44,-2.65,0,0,1
798,Success,1436.98,-0.044,0,0,1
799,Success,1438.53,-0.05,0,0,1
800,Obstacle Collision,1439.46,-0.944,0,1,0
801,Obstacle Collision,1441.28,-1.2,0,1,0
802,Obstacle Collision,1442.6,-2.6,0,1,0
803,Obstacle Collision,1443.28,-1.267,0,1,0
804,Obstacle Collision,1443.98,-1.267,0,1,0
805,Success,1445.37,-0.039,0,0,1
806,Obstacle Collision,1448.12,-2.183,0,1,0
807,Success,1449.75,-0.05,0,0,1
808,Success,1451.22,-0.056,0,0,1
809,Success,1452.94,-0.078,0,0,1
810,Success,1454.18,-2.617,0,0,1
811,Success,1456.97,-0.083,0,0,1
812,Success,1457.8,-0.028,0,0,1
813,Success,1460.6,-0.078,0,0,1
814,Obstacle Collision,1461.22,-1.155,0,1,0
815,Success,1463.94,-0.089,0,0,1
816,Success,1465.26,-0.044,0,0,1
817,Obstacle Collision,1468.44,-1.394,0,1,0
818,Success,1470.33,-0.067,0,0,1
819,Success,1472.39,-0.067,0,0,1
820,Obstacle Collision,1473.37,-0.729,0,1,0
821,Success,1475.67,-0.95,0,0,1
822,Obstacle Collision,1476.59,-0.855,0,1,0
823,Success,1478.86,-0.072,0,0,1
824,Obstacle Collision,1480.7,-1.3,0,1,0
825,Agent Collision,1483.09,-3.489,1,0,0
826,Success,1484.89,-0.056,0,0,1
827,Success,1487.02,-1.806,0,0,1
828,Success,1490.1,-6.861,0,0,1
829,Success,1491.51,-0.061,0,0,1
830,Success,1493.21,-0.05,0,0,1
831,Success,1494.92,-0.05,0,0,1
832,Success,1496.96,-0.072,0,0,1
833,Success,1498.93,-0.089,0,0,1
834,Obstacle Collision,1500.75,-1.294,0,1,0
835,Success,1501.74,-0.039,0,0,1
836,Success,1503.47,-0.044,0,0,1
837,Success,1506.62,-0.144,0,0,1
838,Success,1509.81,-0.139,0,0,1
839,Success,1514.12,-1.833,0,0,1
840,Obstacle Collision,1516.36,-1.317,0,1,0
841,Obstacle Collision,1518.65,-1.322,0,1,0
842,Success,1520.29,-1.8,0,0,1
843,Success,1522.31,-0.922,0,0,1
844,Obstacle Collision,1523.27,-2.133,0,1,0
845,Success,1524.74,-0.067,0,0,1
846,Success,1526.38,-1.811,0,0,1
847,Success,1527.79,-0.911,0,0,1
848,Success,1529.34,-0.067,0,0,1
849,Success,1530.28,-0.033,0,0,1
850,Obstacle Collision,1530.72,-1.722,0,1,0
851,Obstacle Collision,1534.0,-1.444,0,1,0
852,Agent Collision,1535.81,-7.75,1,0,0
853,Success,1536.17,-0.011,0,0,1
854,Success,1537.17,-0.033,0,0,1
855,Obstacle Collision,1538.27,-1.294,0,1,0
856,Success,1541.56,-0.106,0,0,1
857,Success,1542.87,-0.039,0,0,1
858,Success,1544.99,-0.1,0,0,1
859,Success,1546.86,-0.067,0,0,1
860,Obstacle Collision,1548.54,-1.948,0,1,0
861,Obstacle Collision,1549.72,-0.529,0,1,0
862,Success,1552.87,-0.1,0,0,1
863,Success,1555.67,-0.928,0,0,1
864,Obstacle Collision,1556.89,-0.844,0,1,0
865,Success,1558.69,-0.067,0,0,1
866,Obstacle Collision,1560.1,-1.178,0,1,0
867,Success,1561.52,-0.05,0,0,1
868,Success,1562.61,-0.044,0,0,1
869,Obstacle Collision,1564.06,-1.311,0,1,0
870,Success,1565.38,-0.05,0,0,1
871,Success,1567.51,-0.078,0,0,1
872,Success,1570.03,-0.089,0,0,1
873,Success,1572.17,-0.078,0,0,1
874,Obstacle Collision,1572.8,-1.18,0,1,0
875,Obstacle Collision,1573.44,-1.267,0,1,0
876,Obstacle Collision,1574.06,-1.156,0,1,0
877,Success,1575.95,-0.094,0,0,1
878,Success,1578.14,-1.783,0,0,1
879,Success,1579.61,-0.044,0,0,1
880,Success,1580.76,-0.039,0,0,1
881,Success,1583.08,-0.061,0,0,1
882,Success,1585.11,-0.061,0,0,1
883,Success,1587.22,-0.061,0,0,1
884,Obstacle Collision,1588.55,-1.178,0,1,0
885,Obstacle Collision,1590.82,-1.328,0,1,0
886,Obstacle Collision,1591.35,-1.158,0,1,0
887,Success,1593.12,-0.094,0,0,1
888,Obstacle Collision,1595.52,-1.249,0,1,0
889,Success,1597.1,-0.072,0,0,1
890,Success,1599.07,-3.511,0,0,1
891,Success,1600.55,-0.05,0,0,1
892,Success,1602.72,-0.078,0,0,1
893,Success,1606.98,-0.929,0,0,1
894,Obstacle Collision,1607.41,-1.15,0,1,0
895,Success,1609.04,-0.056,0,0,1
896,Obstacle Collision,1611.22,-1.322,0,1,0
897,Success,1612.95,-0.072,0,0,1
898,Success,1614.28,-0.044,0,0,1
899,Obstacle Collision,1614.97,-1.061,0,1,0
900,Success,1617.46,-0.922,0,0,1
901,Success,1619.17,-0.056,0,0,1
902,Success,1620.88,-0.067,0,0,1
903,Success,1624.58,-3.528,0,0,1
904,Obstacle Collision,1626.32,-1.317,0,1,0
905,Success,1627.72,-0.039,0,0,1
906,Success,1629.19,-0.039,0,0,1
907,Success,1631.64,-0.094,0,0,1
908,Success,1632.97,-0.061,0,0,1
909,Obstacle Collision,1634.1,-1.278,0,1,0
910,Success,1636.16,-0.083,0,0,1
911,Obstacle Collision,1637.18,-1.289,0,1,0
912,Success,1638.99,-0.061,0,0,1
913,Success,1642.0,-0.956,0,0,1
914,Obstacle Collision,1643.05,-0.945,0,1,0
915,Success,1643.83,-0.033,0,0,1
916,Obstacle Collision,1646.25,-1.206,0,1,0
917,Success,1647.34,-0.05,0,0,1
918,Obstacle Collision,1648.63,-1.062,0,1,0
919,Success,1650.35,-0.056,0,0,1
920,Obstacle Collision,1651.6,-1.283,0,1,0
921,Obstacle Collision,1652.51,-1.278,0,1,0
922,Obstacle Collision,1652.95,-1.261,0,1,0
923,Success,1655.03,-0.078,0,0,1
924,Obstacle Collision,1655.58,-1.267,0,1,0
925,Success,1657.62,-0.078,0,0,1
926,Success,1659.71,-0.083,0,0,1
927,Success,1662.22,-0.078,0,0,1
928,Success,1664.18,-0.061,0,0,1
929,Agent Collision,1665.3,-5.167,1,0,0
930,Obstacle Collision,1665.84,-1.044,0,1,0
931,Success,1667.94,-0.067,0,0,1
932,Success,1671.19,-0.1,0,0,1
933,Obstacle Collision,1671.92,-1.051,0,1,0
934,Obstacle Collision,1674.67,-1.828,0,1,0
935,Obstacle Collision,1676.01,-1.289,0,1,0
936,Success,1677.65,-0.056,0,0,1
937,Success,1678.17,-0.022,0,0,1
938,Success,1679.9,-0.056,0,0,1
939,Success,1680.81,-0.033,0,0,1
940,Success,1683.44,-1.783,0,0,1
941,Success,1686.3,-0.1,0,0,1
942,Success,1687.85,-0.05,0,0,1
943,Obstacle Collision,1689.19,-0.844,0,1,0
944,Obstacle Collision,1689.95,-0.98,0,1,0
945,Success,1691.69,-1.789,0,0,1
946,Obstacle Collision,1693.74,-1.09,0,1,0
947,Success,1695.0,-0.056,0,0,1
948,Obstacle Collision,1696.38,-1.283,0,1,0
949,Obstacle Collision,1698.19,-1.3,0,1,0
950,Success,1698.94,-0.028,0,0,1
951,Success,1700.34,-0.044,0,0,1
952,Obstacle Collision,1702.41,-1.322,0,1,0
953,Obstacle Collision,1704.47,-2.817,0,1,0
954,Obstacle Collision,1705.33,-1.289,0,1,0
955,Success,1705.92,-0.017,0,0,1
956,Success,1709.63,-3.533,0,0,1
957,Obstacle Collision,1710.68,-1.817,0,1,0
958,Success,1712.68,-0.083,0,0,1
959,Timeout,1721.62,-0.6,0,0,0
960,Obstacle Collision,1722.54,-1.272,0,1,0
961,Success,1724.17,-0.044,0,0,1
962,Timeout,1731.29,-0.6,0,0,0
963,Success,1734.27,-0.089,0,0,1
964,Obstacle Collision,1735.84,-1.289,0,1,0
965,Success,1737.38,-0.039,0,0,1
966,Obstacle Collision,1738.88,-1.3,0,1,0
967,Obstacle Collision,1740.34,-1.203,0,1,0
968,Obstacle Collision,1742.26,-3.05,0,1,0
969,Obstacle Collision,1743.41,-1.294,0,1,0
970,Obstacle Collision,1745.73,-1.35,0,1,0
971,Obstacle Collision,1750.06,-1.517,0,1,0
972,Obstacle Collision,1751.39,-1.283,0,1,0
973,Success,1752.31,-0.039,0,0,1
974,Obstacle Collision,1756.62,-1.5,0,1,0
975,Success,1757.63,-0.05,0,0,1
976,Success,1759.51,-0.061,0,0,1
977,Obstacle Collision,1761.01,-1.311,0,1,0
978,Obstacle Collision,1762.8,-1.322,0,1,0
979,Success,1765.16,-0.094,0,0,1
980,Obstacle Collision,1767.62,-1.317,0,1,0
981,Obstacle Collision,1770.12,-1.317,0,1,0
982,Obstacle Collision,1770.78,-1.159,0,1,0
983,Obstacle Collision,1771.22,-1.261,0,1,0
984,Success,1772.46,-0.044,0,0,1
985,Success,1774.25,-0.056,0,0,1
986,Obstacle Collision,1776.79,-1.311,0,1,0
987,Success,1778.05,-0.061,0,0,1
988,Obstacle Collision,1780.59,-1.406,0,1,0
989,Success,1782.16,-0.056,0,0,1
990,Success,1783.94,-0.067,0,0,1
991,Success,1785.69,-0.067,0,0,1
992,Obstacle Collision,1788.24,-1.361,0,1,0
993,Success,1790.3,-0.061,0,0,1
994,Success,1791.23,-0.033,0,0,1
995,Success,1793.72,-0.089,0,0,1
996,Success,1795.49,-0.05,0,0,1
997,Obstacle Collision,1796.28,-1.05,0,1,0
998,Success,1797.67,-0.044,0,0,1
999,Obstacle Collision,1798.78,-1.278,0,1,0
1000,Success,1801.09,-0.933,0,0,1
1001,Success,1802.28,-0.039,0,0,1
1002,Obstacle Collision,1804.01,-2.611,0,1,0
1003,Obstacle Collision,1804.47,-1.261,0,1,0
1004,Agent Collision,1807.06,-1.806,1,0,0
1005,Success,1809.46,-0.083,0,0,1
1006,Obstacle Collision,1810.18,-0.946,0,1,0
1007,Obstacle Collision,1811.02,-1.166,0,1,0
1008,Success,1812.35,-0.044,0,0,1
1009,Success,1814.2,-0.072,0,0,1
1010,Obstacle Collision,1816.05,-1.117,0,1,0
1011,Agent Collision,1818.16,-3.489,1,0,0
1012,Obstacle Collision,1820.97,-8.075,0,1,0
1013,Success,1821.8,-0.028,0,0,1
1014,Success,1823.84,-0.089,0,0,1
1015,Obstacle Collision,1824.55,-0.939,0,1,0
1016,Timeout,1832.59,-0.6,0,0,0
1017,Success,1834.74,-0.078,0,0,1
1018,Obstacle Collision,1836.15,-1.3,0,1,0
1019,Success,1838.11,-0.089,0,0,1
1020,Obstacle Collision,1838.69,-1.207,0,1,0
1021,Success,1841.92,-5.178,0,0,1
1022,Obstacle Collision,1842.56,-2.122,0,1,0
1023,Obstacle Collision,1844.02,-0.806,0,1,0
1024,Success,1845.56,-0.05,0,0,1
1025,Success,1847.59,-0.078,0,0,1
1026,Success,1848.75,-0.044,0,0,1
1027,Success,1850.88,-0.072,0,0,1
1028,Success,1853.05,-0.094,0,0,1
1029,Success,1855.44,-1.8,0,0,1
1030,Obstacle Collision,1857.48,-1.172,0,1,0
1031,Success,1860.19,-0.083,0,0,1
1032,Success,1861.66,-0.067,0,0,1
1033,Success,1863.45,-0.061,0,0,1
1034,Success,1866.3,-0.106,0,0,1
1035,Success,1868.15,-0.072,0,0,1
1036,Obstacle Collision,1870.49,-1.372,0,1,0
1037,Obstacle Collision,1871.15,-1.267,0,1,0
1038,Obstacle Collision,1872.29,-1.283,0,1,0
1039,Success,1876.29,-0.161,0,0,1
1040,Success,1877.71,-0.061,0,0,1
1041,Success,1879.7,-0.094,0,0,1
1042,Success,1882.17,-2.65,0,0,1
1043,Obstacle Collision,1883.87,-1.294,0,1,0
1044,Obstacle Collision,1885.27,-1.3,0,1,0
1045,Success,1886.76,-0.05,0,0,1
1046,Success,1888.13,-0.044,0,0,1
1047,Obstacle Collision,1888.73,-1.225,0,1,0
1048,Obstacle Collision,1890.23,-1.339,0,1,0
1049,Success,1892.27,-0.1,0,0,1
1050,Success,1894.12,-0.072,0,0,1
1051,Success,1895.15,-0.056,0,0,1
1052,Success,1896.81,-0.083,0,0,1
1053,Success,1898.74,-0.056,0,0,1
1054,Success,1902.28,-0.106,0,0,1
1055,Success,1904.23,-0.05,0,0,1
1056,Success,1906.02,-0.061,0,0,1
1057,Agent Collision,1906.66,-2.583,1,0,0
1058,Success,1908.53,-0.061,0,0,1
1059,Obstacle Collision,1909.5,-1.139,0,1,0
1060,Obstacle Collision,1910.78,-0.972,0,1,0
1061,Obstacle Collision,1911.85,-1.194,0,1,0
1062,Success,1915.08,-0.089,0,0,1
1063,Obstacle Collision,1918.22,-1.08,0,1,0
1064,Success,1919.47,-0.044,0,0,1
1065,Obstacle Collision,1921.38,-1.217,0,1,0
1066,Obstacle Collision,1921.81,-1.261,0,1,0
1067,Obstacle Collision,1922.48,-1.289,0,1,0
1068,Success,1925.63,-0.1,0,0,1
1069,Obstacle Collision,1926.93,-2.144,0,1,0
1070,Success,1928.72,-0.05,0,0,1
1071,Success,1929.82,-0.05,0,0,1
1072,Success,1931.73,-0.083,0,0,1
1073,Success,1933.58,-0.061,0,0,1
1074,Success,1934.75,-0.039,0,0,1
1075,Obstacle Collision,1937.06,-1.186,0,1,0
1076,Success,1938.72,-0.072,0,0,1
1077,Success,1941.95,-0.117,0,0,1
1078,Success,1945.27,-0.1,0,0,1
1079,Success,1947.87,-0.106,0,0,1
1080,Obstacle Collision,1949.15,-1.294,0,1,0
1081,Success,1951.98,-0.083,0,0,1
1082,Obstacle Collision,1952.91,-1.188,0,1,0
1083,Success,1955.67,-0.089,0,0,1
1084,Success,1957.21,-0.056,0,0,1
1085,Success,1958.2,-0.039,0,0,1
1086,Success,1959.85,-0.067,0,0,1
1087,Obstacle Collision,1960.76,-1.272,0,1,0
1088,Success,1962.4,-0.067,0,0,1
1089,Success,1964.17,-0.056,0,0,1
1090,Success,1966.58,-0.083,0,0,1
1091,Success,1968.52,-0.067,0,0,1
1092,Obstacle Collision,1969.37,-1.234,0,1,0
1093,Success,1971.38,-0.056,0,0,1
1094,Success,1972.62,-0.044,0,0,1
1095,Obstacle Collision,1973.45,-1.272,0,1,0
1096,Obstacle Collision,1973.89,-1.261,0,1,0
1097,Obstacle Collision,1975.29,-1.283,0,1,0
1098,Success,1977.54,-0.067,0,0,1
1099,Success,1979.45,-0.094,0,0,1
1100,Obstacle Collision,1980.82,-1.283,0,1,0
1101,Success,1982.41,-0.067,0,0,1
1102,Success,1984.81,-0.094,0,0,1
1103,Obstacle Collision,1985.58,-1.272,0,1,0
1104,Obstacle Collision,1987.95,-0.848,0,1,0
1105,Success,1990.33,-0.072,0,0,1
1106,Obstacle Collision,1991.5,-1.123,0,1,0
1107,Success,1994.02,-2.667,0,0,1
1108,Success,1995.81,-0.078,0,0,1
1109,Obstacle Collision,1996.72,-1.272,0,1,0
1110,Obstacle Collision,1998.35,-1.253,0,1,0
1111,Obstacle Collision,2000.7,-1.394,0,1,0
1112,Obstacle Collision,2003.35,-1.383,0,1,0
1113,Success,2005.88,-0.072,0,0,1
1114,Obstacle Collision,2009.08,-1.45,0,1,0
1115,Success,2010.93,-0.911,0,0,1
1116,Obstacle Collision,2012.04,-1.306,0,1,0
1117,Success,2013.28,-0.039,0,0,1
1118,Obstacle Collision,2014.76,-1.206,0,1,0
1119,Obstacle Collision,2016.33,-1.3,0,1,0
1120,Success,2017.26,-0.028,0,0,1
1121,Success,2020.31,-0.094,0,0,1
1122,Success,2022.97,-0.161,0,0,1
1123,Success,2024.97,-0.067,0,0,1
1124,Success,2026.36,-0.056,0,0,1
1125,Obstacle Collision,2028.04,-1.174,0,1,0
1126,Success,2029.74,-0.067,0,0,1
1127,Success,2031.46,-0.083,0,0,1
1128,Success,2033.18,-0.9,0,0,1
1129,Obstacle Collision,2033.61,-1.261,0,1,0
1130,Success,2036.13,-0.1,0,0,1
1131,Obstacle Collision,2038.22,-1.3,0,1,0
1132,Success,2039.78,-0.061,0,0,1
1133,Success,2041.26,-0.061,0,0,1
1134,Obstacle Collision,2043.15,-1.058,0,1,0
1135,Obstacle Collision,2045.03,-1.328,0,1,0
1136,Success,2046.89,-0.056,0,0,1
1137,Success,2049.13,-0.083,0,0,1
1138,Success,2051.71,-2.661,0,0,1
1139,Obstacle Collision,2055.32,-1.456,0,1,0
1140,Success,2057.88,-0.1,0,0,1
1141,Success,2059.51,-0.056,0,0,1
1142,Success,2062.47,-0.089,0,0,1
1143,Obstacle Collision,2062.9,-1.261,0,1,0
1144,Success,2065.26,-0.111,0,0,1
1145,Success,2066.91,-0.067,0,0,1
1146,Obstacle Collision,2068.28,-1.255,0,1,0
1147,Success,2070.01,-0.072,0,0,1
1148,Success,2072.2,-0.072,0,0,1
1149,Obstacle Collision,2073.07,-1.272,0,1,0
1150,Obstacle Collision,2074.3,-0.894,0,1,0
1151,Success,2077.06,-0.106,0,0,1
1152,Obstacle Collision,2078.92,-1.272,0,1,0
1153,Obstacle Collision,2079.66,-1.082,0,1,0
1154,Obstacle Collision,2081.1,-1.306,0,1,0
1155,Success,2082.93,-0.05,0,0,1
1156,Success,2084.55,-0.05,0,0,1
1157,Obstacle Collision,2087.21,-1.483,0,1,0
1158,Success,2090.15,-0.122,0,0,1
1159,Obstacle Collision,2092.55,-1.333,0,1,0
1160,Success,2093.73,-0.05,0,0,1
1161,Obstacle Collision,2095.18,-1.3,0,1,0
1162,Success,2098.13,-0.117,0,0,1
1163,Obstacle Collision,2098.79,-1.267,0,1,0
1164,Success,2100.71,-0.078,0,0,1
1165,Obstacle Collision,2104.09,-2.811,0,1,0
1166,Obstacle Collision,2104.76,-1.289,0,1,0
1167,Obstacle Collision,2105.18,-1.261,0,1,0
1168,Obstacle Collision,2106.26,-0.93,0,1,0
1169,Success,2108.36,-0.922,0,0,1
1170,Obstacle Collision,2109.25,-1.246,0,1,0
1171,Success,2110.49,-0.039,0,0,1
1172,Success,2112.58,-0.067,0,0,1
1173,Success,2113.72,-0.033,0,0,1
1174,Success,2115.93,-0.078,0,0,1
1175,Obstacle Collision,2118.04,-1.372,0,1,0
1176,Success,2120.04,-0.05,0,0,1
1177,Success,2121.42,-0.044,0,0,1
1178,Success,2122.56,-0.039,0,0,1
1179,Obstacle Collision,2124.31,-1.108,0,1,0
1180,Success,2127.11,-1.794,0,0,1
1181,Obstacle Collision,2133.37,-2.494,0,1,0
1182,Obstacle Collision,2134.31,-1.278,0,1,0
1183,Success,2135.78,-0.061,0,0,1
1184,Success,2137.63,-0.078,0,0,1
1185,Agent Collision,2140.05,-4.344,1,0,0
1186,Success,2143.07,-3.5,0,0,1
1187,Obstacle Collision,2143.94,-1.272,0,1,0
1188,Obstacle Collision,2144.79,-1.268,0,1,0
1189,Obstacle Collision,2146.12,-1.166,0,1,0
1190,Success,2148.89,-0.094,0,0,1
1191,Obstacle Collision,2150.51,-1.333,0,1,0
1192,Success,2152.58,-1.772,0,0,1
1193,Success,2155.28,-0.961,0,0,1
1194,Obstacle Collision,2155.93,-1.267,0,1,0
1195,Success,2157.12,-0.094,0,0,1
1196,Obstacle Collision,2159.58,-1.422,0,1,0
1197,Obstacle Collision,2160.21,-1.267,0,1,0
1198,Obstacle Collision,2160.76,-1.267,0,1,0
1199,Obstacle Collision,2162.14,-1.103,0,1,0
1200,Obstacle Collision,2163.85,-1.317,0,1,0
1201,Success,2166.53,-0.089,0,0,1
1202,Success,2168.97,-0.078,0,0,1
1203,Success,2169.8,-0.028,0,0,1
1204,Success,2172.8,-2.689,0,0,1
1205,Success,2174.43,-0.05,0,0,1
1206,Success,2178.06,-0.183,0,0,1
1207,Success,2179.48,-0.067,0,0,1
1208,Success,2180.34,-1.739,0,0,1
1209,Obstacle Collision,2182.06,-1.389,0,1,0
1210,Success,2183.94,-0.078,0,0,1
1211,Obstacle Collision,2184.38,-1.261,0,1,0
1212,Obstacle Collision,2185.16,-1.272,0,1,0
1213,Obstacle Collision,2186.66,-1.289,0,1,0
1214,Success,2188.3,-0.061,0,0,1
1215,Success,2190.46,-0.106,0,0,1
1216,Success,2192.32,-0.05,0,0,1
1217,Success,2194.25,-0.061,0,0,1
1218,Success,2196.18,-0.067,0,0,1
1219,Success,2198.11,-0.067,0,0,1
1220,Success,2199.98,-0.089,0,0,1
1221,Obstacle Collision,2201.9,-1.322,0,1,0
1222,Success,2204.03,-0.106,0,0,1
1223,Success,2205.91,-0.083,0,0,1
1224,Success,2208.08,-0.067,0,0,1
1225,Success,2209.94,-0.089,0,0,1
1226,Obstacle Collision,2210.77,-1.272,0,1,0
1227,Success,2215.67,-1.872,0,0,1
1228,Success,2216.52,-0.033,0,0,1
1229,Obstacle Collision,2217.88,-2.6,0,1,0
1230,Obstacle Collision,2218.55,-1.267,0,1,0
1231,Success,2220.34,-0.078,0,0,1
1232,Obstacle Collision,2224.16,-1.611,0,1,0
1233,Success,2225.23,-0.044,0,0,1
1234,Success,2226.38,-0.044,0,0,1
1235,Success,2228.88,-0.094,0,0,1
1236,Success,2230.72,-0.1,0,0,1
1237,Obstacle Collision,2231.16,-1.261,0,1,0
1238,Obstacle Collision,2231.84,-1.267,0,1,0
1239,Success,2233.16,-0.039,0,0,1
1240,Success,2235.97,-0.083,0,0,1
1241,Success,2239.01,-0.089,0,0,1
1242,Success,2240.34,-0.039,0,0,1
1243,Agent Collision,2241.91,-6.889,1,0,0
1244,Obstacle Collision,2242.88,-1.289,0,1,0
1245,Obstacle Collision,2243.69,-1.099,0,1,0
1246,Success,2246.22,-0.078,0,0,1
1247,Success,2247.87,-0.056,0,0,1
1248,Success,2249.88,-1.772,0,0,1
1249,Obstacle Collision,2250.51,-1.267,0,1,0
1250,Success,2252.24,-0.072,0,0,1
1251,Success,2253.72,-0.067,0,0,1
1252,Success,2256.65,-0.083,0,0,1
1253,Obstacle Collision,2257.56,-1.272,0,1,0
1254,Obstacle Collision,2259.73,-1.181,0,1,0
1255,Obstacle Collision,2260.52,-1.148,0,1,0
1256,Success,2262.48,-1.789,0,0,1
1257,Success,2264.64,-0.083,0,0,1
1258,Success,2266.79,-1.822,0,0,1
1259,Success,2268.26,-0.044,0,0,1
1260,Success,2271.15,-1.806,0,0,1
1261,Success,2273.4,-0.133,0,0,1
1262,Success,2275.11,-0.067,0,0,1
1263,Success,2278.57,-2.644,0,0,1
1264,Success,2279.82,-0.05,0,0,1
1265,Agent Collision,2280.51,-2.589,1,0,0
1266,Success,2282.92,-0.067,0,0,1
1267,Success,2285.31,-0.072,0,0,1
1268,Success,2288.52,-0.083,0,0,1
1269,Success,2290.14,-0.044,0,0,1
1270,Obstacle Collision,2292.31,-1.367,0,1,0
1271,Obstacle Collision,2293.54,-1.289,0,1,0
1272,Obstacle Collision,2294.9,-1.289,0,1,0
1273,Obstacle Collision,2296.01,-1.283,0,1,0
1274,Obstacle Collision,2298.08,-0.825,0,1,0
1275,Success,2299.8,-0.072,0,0,1
1276,Success,2300.87,-0.033,0,0,1
1277,Obstacle Collision,2302.75,-1.305,0,1,0
1278,Success,2304.15,-0.056,0,0,1
1279,Success,2307.48,-0.1,0,0,1
1280,Obstacle Collision,2308.32,-1.272,0,1,0
1281,Success,2310.01,-0.067,0,0,1
1282,Success,2311.98,-0.083,0,0,1
1283,Obstacle Collision,2313.35,-1.279,0,1,0
1284,Obstacle Collision,2314.38,-1.283,0,1,0
1285,Success,2316.24,-0.061,0,0,1
1286,Obstacle Collision,2318.94,-1.328,0,1,0
1287,Success,2321.5,-0.1,0,0,1
1288,Obstacle Collision,2322.38,-1.236,0,1,0
1289,Success,2323.68,-0.044,0,0,1
1290,Success,2324.83,-0.05,0,0,1
1291,Success,2327.1,-0.078,0,0,1
1292,Obstacle Collision,2327.54,-1.261,0,1,0
1293,Success,2328.64,-0.05,0,0,1
1294,Success,2329.95,-0.044,0,0,1
1295,Success,2331.16,-0.044,0,0,1
1296,Success,2332.63,-0.05,0,0,1
1297,Agent Collision,2335.13,-0.933,1,0,0
1298,Success,2338.83,-0.1,0,0,1
1299,Success,2340.77,-0.067,0,0,1
1300,Success,2342.64,-0.067,0,0,1
1301,Success,2344.2,-0.072,0,0,1
1302,Success,2347.58,-0.083,0,0,1
1303,Obstacle Collision,2349.56,-1.268,0,1,0
1304,Success,2350.8,-0.044,0,0,1
1305,Obstacle Collision,2351.41,-1.227,0,1,0
1306,Obstacle Collision,2353.27,-1.3,0,1,0
1307,Success,2355.18,-0.061,0,0,1
1308,Obstacle Collision,2362.46,-1.733,0,1,0
1309,Success,2363.46,-0.033,0,0,1
1310,Success,2365.28,-0.083,0,0,1
1311,Obstacle Collision,2366.21,-1.272,0,1,0
1312,Success,2368.48,-0.922,0,0,1
1313,Success,2370.21,-0.061,0,0,1
1314,Obstacle Collision,2371.98,-1.228,0,1,0
1315,Obstacle Collision,2373.76,-1.322,0,1,0
1316,Obstacle Collision,2375.18,-1.294,0,1,0
1317,Obstacle Collision,2376.76,-1.289,0,1,0
1318,Success,2379.01,-1.794,0,0,1
1319,Success,2380.8,-0.061,0,0,1
1320,Success,2382.59,-0.072,0,0,1
1321,Obstacle Collision,2384.37,-1.016,0,1,0
1322,Agent Collision,2385.43,-0.894,1,0,0
1323,Success,2386.91,-0.083,0,0,1
1324,Success,2387.89,-0.033,0,0,1
1325,Obstacle Collision,2389.99,-1.306,0,1,0
1326,Success,2391.29,-0.044,0,0,1
1327,Obstacle Collision,2392.78,-1.206,0,1,0
1328,Obstacle Collision,2395.43,-1.794,0,1,0
1329,Obstacle Collision,2396.85,-1.164,0,1,0
1330,Success,2399.56,-0.078,0,0,1
1331,Obstacle Collision,2399.98,-1.261,0,1,0
1332,Obstacle Collision,2400.18,-1.256,0,1,0
1333,Obstacle Collision,2403.01,-3.916,0,1,0
1334,Obstacle Collision,2404.48,-1.009,0,1,0
1335,Obstacle Collision,2405.86,-0.93,0,1,0
1336,Obstacle Collision,2407.34,-10.376,0,1,0
1337,Success,2409.88,-0.95,0,0,1
1338,Obstacle Collision,2414.94,-1.622,0,1,0
1339,Obstacle Collision,2416.33,-1.283,0,1,0
1340,Obstacle Collision,2416.77,-1.261,0,1,0
1341,Obstacle Collision,2417.21,-1.261,0,1,0
1342,Success,2419.08,-0.056,0,0,1
1343,Obstacle Collision,2420.64,-1.192,0,1,0
1344,Success,2422.53,-0.933,0,0,1
1345,Success,2424.55,-0.067,0,0,1
1346,Obstacle Collision,2426.92,-0.9,0,1,0
1347,Obstacle Collision,2428.31,-1.283,0,1,0
1348,Success,2430.1,-0.078,0,0,1
1349,Success,2431.87,-0.056,0,0,1
1350,Success,2435.52,-0.122,0,0,1
1351,Obstacle Collision,2436.88,-0.99,0,1,0
1352,Success,2439.39,-0.089,0,0,1
1353,Success,2441.72,-0.067,0,0,1
1354,Success,2445.16,-7.811,0,0,1
1355,Success,2445.99,-0.028,0,0,1
1356,Success,2448.64,-2.656,0,0,1
1357,Obstacle Collision,2449.84,-1.224,0,1,0
1358,Agent Collision,2451.28,-0.894,1,0,0
1359,Success,2453.21,-0.078,0,0,1
1360,Success,2456.24,-0.094,0,0,1
1361,Obstacle Collision,2457.14,-1.156,0,1,0
1362,Success,2458.61,-1.767,0,0,1
1363,Obstacle Collision,2459.5,-1.271,0,1,0
1364,Success,2461.57,-0.056,0,0,1
1365,Obstacle Collision,2462.92,-1.275,0,1,0
1366,Obstacle Collision,2464.38,-1.289,0,1,0
1367,Obstacle Collision,2465.98,-1.289,0,1,0
1368,Obstacle Collision,2466.65,-1.267,0,1,0
1369,Obstacle Collision,2468.5,-0.955,0,1,0
1370,Success,2471.02,-0.072,0,0,1
1371,Obstacle Collision,2472.35,-1.158,0,1,0
1372,Obstacle Collision,2473.23,-1.272,0,1,0
1373,Obstacle Collision,2475.54,-1.311,0,1,0
1374,Success,2476.65,-0.039,0,0,1
1375,Success,2478.99,-0.1,0,0,1
1376,Obstacle Collision,2481.6,-1.35,0,1,0
1377,Obstacle Collision,2482.76,-1.278,0,1,0
1378,Success,2485.08,-0.083,0,0,1
1379,Obstacle Collision,2486.79,-1.344,0,1,0
1380,Success,2488.25,-0.044,0,0,1
1381,Obstacle Collision,2489.24,-1.045,0,1,0
1382,Success,2491.66,-0.089,0,0,1
1383,Success,2494.49,-0.106,0,0,1
1384,Obstacle Collision,2495.16,-1.267,0,1,0
1385,Success,2496.97,-0.05,0,0,1
1386,Success,2498.45,-0.039,0,0,1
1387,Obstacle Collision,2499.65,-1.283,0,1,0
1388,Obstacle Collision,2500.59,-1.111,0,1,0
1389,Agent Collision,2502.72,-1.767,1,0,0
1390,Obstacle Collision,2504.35,-1.328,0,1,0
1391,Success,2505.18,-0.028,0,0,1
1392,Obstacle Collision,2506.07,-1.272,0,1,0
1393,Obstacle Collision,2507.09,-1.278,0,1,0
1394,Obstacle Collision,2507.79,-1.272,0,1,0
1395,Success,2509.03,-0.056,0,0,1
1396,Success,2510.73,-0.106,0,0,1
1397,Obstacle Collision,2512.83,-1.233,0,1,0
1398,Success,2514.37,-0.05,0,0,1
1399,Obstacle Collision,2514.81,-1.261,0,1,0
1400,Obstacle Collision,2516.38,-1.289,0,1,0
1401,Success,2518.45,-0.161,0,0,1
1402,Success,2519.63,-0.039,0,0,1
1403,Success,2521.13,-0.044,0,0,1
1404,Agent Collision,2523.23,-2.622,1,0,0
1405,Success,2526.17,-0.178,0,0,1
1406,Success,2527.64,-0.05,0,0,1
1407,Success,2530.85,-0.106,0,0,1
1408,Success,2532.87,-0.067,0,0,1
1409,Obstacle Collision,2533.3,-1.261,0,1,0
1410,Obstacle Collision,2533.98,-1.267,0,1,0
1411,Success,2535.49,-0.061,0,0,1
1412,Obstacle Collision,2537.06,-3.483,0,1,0
1413,Success,2537.98,-0.028,0,0,1
1414,Success,2541.52,-2.744,0,0,1
1415,Success,2543.7,-0.078,0,0,1
1416,Success,2545.7,-0.928,0,0,1
1417,Obstacle Collision,2546.56,-1.272,0,1,0
1418,Success,2547.16,-0.022,0,0,1
1419,Success,2549.34,-0.072,0,0,1
1420,Success,2550.56,-0.039,0,0,1
1421,Success,2551.4,-0.033,0,0,1
1422,Success,2552.15,-0.028,0,0,1
1423,Success,2553.3,-0.039,0,0,1
1424,Success,2554.91,-0.044,0,0,1
1425,Success,2557.0,-1.789,0,0,1
1426,Obstacle Collision,2559.74,-1.361,0,1,0
1427,Success,2560.91,-0.05,0,0,1
1428,Obstacle Collision,2561.36,-1.283,0,1,0
1429,Obstacle Collision,2565.03,-1.467,0,1,0
1430,Timeout,2574.22,-0.6,0,0,0
1431,Agent Collision,2577.4,-0.939,1,0,0
1432,Obstacle Collision,2578.38,-1.278,0,1,0
1433,Success,2579.7,-0.05,0,0,1
1434,Success,2581.11,-0.067,0,0,1
1435,Success,2582.11,-0.044,0,0,1
1436,Success,2584.38,-0.083,0,0,1
1437,Obstacle Collision,2585.05,-2.122,0,1,0
1438,Success,2586.91,-0.061,0,0,1
1439,Success,2588.22,-0.05,0,0,1
1440,Obstacle Collision,2588.78,-1.267,0,1,0
1441,Success,2592.43,-0.178,0,0,1
1442,Obstacle Collision,2597.57,-9.217,0,1,0
1443,Success,2599.97,-0.072,0,0,1
1444,Success,2602.47,-0.083,0,0,1
1445,Obstacle Collision,2604.02,-3.883,0,1,0
1446,Timeout,2610.73,-1.456,0,0,0
1447,Obstacle Collision,2613.33,-1.367,0,1,0
1448,Success,2615.44,-0.067,0,0,1
1449,Success,2617.89,-0.106,0,0,1
1450,Obstacle Collision,2619.11,-1.294,0,1,0
1451,Success,2620.44,-0.05,0,0,1
1452,Success,2623.1,-0.083,0,0,1
1453,Success,2624.57,-0.906,0,0,1
1454,Success,2626.38,-0.05,0,0,1
1455,Success,2627.28,-0.033,0,0,1
1456,Success,2629.0,-0.044,0,0,1
1457,Obstacle Collision,2630.97,-2.082,0,1,0
1458,Success,2632.64,-0.083,0,0,1
1459,Obstacle Collision,2634.13,-1.164,0,1,0
1460,Success,2636.1,-1.783,0,0,1
1461,Agent Collision,2640.39,-2.817,1,0,0
1462,Obstacle Collision,2642.39,-0.9,0,1,0
1463,Obstacle Collision,2644.12,-0.859,0,1,0
1464,Obstacle Collision,2645.31,-1.045,0,1,0
1465,Obstacle Collision,2646.7,-1.271,0,1,0
1466,Success,2648.16,-0.061,0,0,1
1467,Success,2649.25,-0.044,0,0,1
1468,Obstacle Collision,2653.35,-1.439,0,1,0
1469,Success,2654.87,-0.05,0,0,1
1470,Obstacle Collision,2657.55,-1.047,0,1,0
1471,Success,2659.74,-0.094,0,0,1
1472,Success,2662.5,-0.1,0,0,1
1473,Obstacle Collision,2663.58,-4.683,0,1,0
1474,Success,2665.14,-0.067,0,0,1
1475,Obstacle Collision,2666.88,-1.21,0,1,0
1476,Success,2668.94,-0.089,0,0,1
1477,Obstacle Collision,2670.45,-1.294,0,1,0
1478,Obstacle Collision,2671.98,-1.35,0,1,0
1479,Obstacle Collision,2673.53,-1.3,0,1,0
1480,Agent Collision,2675.43,-1.761,1,0,0
1481,Success,2676.77,-0.072,0,0,1
1482,Obstacle Collision,2678.48,-1.311,0,1,0
1483,Success,2682.0,-0.961,0,0,1
1484,Obstacle Collision,2683.21,-0.939,0,1,0
1485,Success,2684.68,-0.05,0,0,1
1486,Success,2686.62,-0.061,0,0,1
1487,Success,2688.17,-3.472,0,0,1
1488,Obstacle Collision,2689.52,-1.294,0,1,0
1489,Obstacle Collision,2691.73,-1.311,0,1,0
1490,Obstacle Collision,2692.67,-1.278,0,1,0
1491,Obstacle Collision,2695.0,-1.272,0,1,0
1492,Obstacle Collision,2698.69,-1.394,0,1,0
1493,Obstacle Collision,2699.63,-1.278,0,1,0
1494,Success,2701.41,-0.061,0,0,1
1495,Success,2704.12,-0.111,0,0,1
1496,Success,2705.58,-0.05,0,0,1
1497,Agent Collision,2707.94,-3.528,1,0,0
1498,Success,2710.78,-0.139,0,0,1
1499,Success,2716.04,-7.839,0,0,1
1500,Success,2717.2,-0.039,0,0,1
1501,Success,2718.67,-0.044,0,0,1
1502,Success,2721.46,-0.083,0,0,1
1503,Obstacle Collision,2722.32,-1.19,0,1,0
1504,Obstacle Collision,2722.73,-1.261,0,1,0
1505,Obstacle Collision,2724.78,-1.192,0,1,0
1506,Obstacle Collision,2726.7,-1.133,0,1,0
1507,Success,2729.53,-1.811,0,0,1
1508,Success,2731.08,-0.05,0,0,1
1509,Success,2733.35,-0.083,0,0,1
1510,Obstacle Collision,2734.81,-1.289,0,1,0
1511,Success,2736.77,-0.078,0,0,1
1512,Success,2739.23,-2.633,0,0,1
1513,Success,2741.88,-1.789,0,0,1
1514,Obstacle Collision,2743.06,-1.169,0,1,0
1515,Success,2744.24,-1.772,0,0,1
1516,Success,2748.23,-0.128,0,0,1
1517,Success,2750.29,-0.083,0,0,1
1518,Obstacle Collision,2751.61,-3.006,0,1,0
1519,Success,2753.63,-0.067,0,0,1
1520,Success,2756.6,-0.089,0,0,1
1521,Success,2757.67,-0.039,0,0,1
1522,Obstacle Collision,2758.74,-1.278,0,1,0
1523,Obstacle Collision,2759.61,-1.275,0,1,0
1524,Success,2761.32,-0.061,0,0,1
1525,Success,2762.49,-0.044,0,0,1
1526,Obstacle Collision,2764.49,-2.118,0,1,0
1527,Obstacle Collision,2765.81,-1.328,0,1,0
1528,Success,2767.83,-0.072,0,0,1
1529,Obstacle Collision,2769.44,-1.306,0,1,0
1530,Success,2772.63,-0.1,0,0,1
1531,Success,2773.38,-0.033,0,0,1
1532,Success,2776.7,-0.117,0,0,1
1533,Obstacle Collision,2783.97,-2.33,0,1,0
1534,Obstacle Collision,2785.54,-2.15,0,1,0
1535,Success,2789.92,-1.1,0,0,1
1536,Success,2791.94,-0.089,0,0,1
1537,Success,2793.63,-0.05,0,0,1
1538,Success,2796.35,-0.956,0,0,1
1539,Obstacle Collision,2797.92,-1.311,0,1,0
1540,Success,2800.38,-0.089,0,0,1
1541,Obstacle Collision,2808.0,-0.933,0,1,0
1542,Success,2810.37,-0.094,0,0,1
1543,Agent Collision,2812.92,-5.239,1,0,0
1544,Obstacle Collision,2813.92,-1.039,0,1,0
1545,Success,2815.38,-0.044,0,0,1
1546,Obstacle Collision,2816.74,-1.286,0,1,0
1547,Success,2818.58,-0.061,0,0,1
1548,Success,2824.48,-1.167,0,0,1
1549,Success,2825.32,-0.028,0,0,1
1550,Obstacle Collision,2829.74,-1.65,0,1,0
1551,Obstacle Collision,2833.15,-2.744,0,1,0
1552,Success,2835.85,-0.083,0,0,1
1553,Obstacle Collision,2836.28,-1.261,0,1,0
1554,Success,2839.05,-0.083,0,0,1
1555,Agent Collision,2840.11,-0.894,1,0,0
1556,Obstacle Collision,2841.7,-1.761,0,1,0
1557,Success,2844.12,-0.928,0,0,1
1558,Success,2845.61,-0.061,0,0,1
1559,Success,2848.57,-0.144,0,0,1
1560,Obstacle Collision,2849.2,-1.267,0,1,0
1561,Success,2851.51,-0.094,0,0,1
1562,Obstacle Collision,2853.3,-0.911,0,1,0
1563,Success,2854.52,-0.056,0,0,1
1564,Success,2855.82,-0.039,0,0,1
1565,Success,2857.68,-0.056,0,0,1
1566,Success,2860.22,-0.094,0,0,1
1567,Obstacle Collision,2861.11,-1.231,0,1,0
1568,Obstacle Collision,2863.17,-1.367,0,1,0
1569,Success,2865.93,-2.656,0,0,1
1570,Success,2868.69,-0.094,0,0,1
1571,Obstacle Collision,2869.61,-1.272,0,1,0
1572,Success,2871.72,-0.056,0,0,1
1573,Success,2873.42,-0.078,0,0,1
1574,Success,2875.44,-0.061,0,0,1
1575,Agent Collision,2877.24,-3.472,1,0,0
1576,Obstacle Collision,2878.37,-1.013,0,1,0
1577,Obstacle Collision,2880.14,-1.3,0,1,0
1578,Success,2882.01,-0.061,0,0,1
1579,Success,2883.39,-0.044,0,0,1
1580,Obstacle Collision,2883.83,-1.283,0,1,0
1581,Success,2885.53,-0.056,0,0,1
1582,Obstacle Collision,2886.41,-1.272,0,1,0
1583,Success,2887.25,-0.028,0,0,1
1584,Success,2888.57,-0.044,0,0,1
1585,Success,2889.56,-0.039,0,0,1
1586,Success,2892.12,-0.072,0,0,1
1587,Obstacle Collision,2893.83,-0.973,0,1,0
1588,Obstacle Collision,2896.06,-2.055,0,1,0
1589,Obstacle Collision,2896.97,-1.272,0,1,0
1590,Success,2897.82,-0.028,0,0,1
1591,Success,2900.03,-0.072,0,0,1
1592,Success,2902.47,-0.083,0,0,1
1593,Success,2904.21,-0.044,0,0,1
1594,Success,2905.21,-0.028,0,0,1
1595,Obstacle Collision,2906.02,-1.252,0,1,0
1596,Obstacle Collision,2907.24,-1.282,0,1,0
1597,Success,2908.89,-0.067,0,0,1
1598,Success,2910.6,-0.056,0,0,1
1599,Obstacle Collision,2911.03,-1.261,0,1,0
1600,Success,2912.76,-0.083,0,0,1
1601,Success,2916.24,-0.111,0,0,1
1602,Success,2918.49,-0.922,0,0,1
1603,Success,2919.87,-0.067,0,0,1
1604,Obstacle Collision,2921.47,-1.289,0,1,0
1605,Success,2923.34,-0.061,0,0,1
1606,Success,2926.12,-0.989,0,0,1
1607,Success,2927.61,-0.067,0,0,1
1608,Success,2929.25,-0.067,0,0,1
1609,Obstacle Collision,2930.75,-1.289,0,1,0
1610,Success,2932.39,-0.061,0,0,1
1611,Success,2934.09,-0.056,0,0,1
1612,Obstacle Collision,2936.93,-1.322,0,1,0
1613,Obstacle Collision,2938.76,-1.294,0,1,0
1614,Success,2940.33,-0.056,0,0,1
1615,Success,2941.48,-0.067,0,0,1
1616,Obstacle Collision,2943.39,-1.261,0,1,0
1617,Success,2944.25,-0.033,0,0,1
1618,Obstacle Collision,2945.17,-1.272,0,1,0
1619,Obstacle Collision,2946.68,-1.317,0,1,0
1620,Success,2948.75,-0.083,0,0,1
1621,Obstacle Collision,2950.57,-1.217,0,1,0
1622,Obstacle Collision,2952.51,-1.356,0,1,0
1623,Obstacle Collision,2953.65,-1.278,0,1,0
1624,Success,2955.8,-0.089,0,0,1
1625,Success,2958.08,-1.811,0,0,1
1626,Obstacle Collision,2958.72,-1.267,0,1,0
1627,Success,2962.02,-0.117,0,0,1
1628,Success,2964.59,-0.089,0,0,1
1629,Obstacle Collision,2967.32,-4.783,0,1,0
1630,Obstacle Collision,2968.9,-2.178,0,1,0
1631,Success,2970.65,-0.061,0,0,1
1632,Obstacle Collision,2971.42,-1.231,0,1,0
1633,Success,2972.63,-0.033,0,0,1
1634,Obstacle Collision,2974.23,-5.556,0,1,0
1635,Success,2976.08,-0.067,0,0,1
1636,Success,2978.74,-0.078,0,0,1
1637,Obstacle Collision,2979.39,-1.267,0,1,0
1638,Success,2980.06,-0.022,0,0,1
1639,Obstacle Collision,2984.98,-1.461,0,1,0
1640,Success,2987.43,-0.078,0,0,1
1641,Obstacle Collision,2988.35,-1.272,0,1,0
1642,Success,2991.15,-0.089,0,0,1
1643,Success,2994.0,-1.8,0,0,1
1644,Success,2995.85,-0.067,0,0,1
1645,Obstacle Collision,2998.34,-1.986,0,1,0
1646,Success,3000.94,-0.111,0,0,1
1647,Success,3005.99,-0.272,0,0,1
1648,Success,3007.59,-0.067,0,0,1
1649,Obstacle Collision,3011.14,-1.461,0,1,0
1650,Obstacle Collision,3012.32,-1.283,0,1,0
1651,Obstacle Collision,3013.22,-3.444,0,1,0
1652,Success,3015.56,-0.094,0,0,1
1653,Success,3018.82,-4.383,0,0,1
1654,Success,3021.29,-0.061,0,0,1
1655,Obstacle Collision,3024.42,-1.428,0,1,0
1656,Success,3026.13,-0.05,0,0,1
1657,Success,3029.24,-0.161,0,0,1
1658,Obstacle Collision,3030.81,-3.794,0,1,0
1659,Success,3032.52,-0.078,0,0,1
1660,Success,3034.92,-1.783,0,0,1
1661,Obstacle Collision,3037.51,-0.665,0,1,0
1662,Obstacle Collision,3039.94,-3.039,0,1,0
1663,Success,3041.89,-0.072,0,0,1
1664,Obstacle Collision,3043.03,-1.283,0,1,0
1665,Obstacle Collision,3043.71,-1.267,0,1,0
1666,Success,3048.94,-0.233,0,0,1
1667,Obstacle Collision,3050.58,-1.289,0,1,0
1668,Success,3053.43,-0.128,0,0,1
1669,Success,3055.7,-0.072,0,0,1
1670,Success,3059.02,-0.167,0,0,1
1671,Obstacle Collision,3059.91,-1.294,0,1,0
1672,Obstacle Collision,3060.82,-1.197,0,1,0
1673,Success,3062.12,-0.894,0,0,1
1674,Agent Collision,3064.54,-1.778,1,0,0
1675,Success,3066.81,-0.078,0,0,1
1676,Success,3068.3,-0.061,0,0,1
1677,Success,3069.86,-0.056,0,0,1
1678,Obstacle Collision,3074.46,-1.539,0,1,0
1679,Timeout,3081.22,-0.6,0,0,0
1680,Success,3083.73,-3.494,0,0,1
1681,Success,3084.72,-0.039,0,0,1
1682,Success,3086.57,-0.078,0,0,1
1683,Success,3087.64,-0.033,0,0,1
1684,Obstacle Collision,3088.31,-1.267,0,1,0
1685,Success,3090.13,-0.083,0,0,1
1686,Success,3091.45,-0.044,0,0,1
1687,Success,3093.12,-0.089,0,0,1
1688,Success,3093.95,-0.028,0,0,1
1689,Obstacle Collision,3094.81,-1.272,0,1,0
1690,Success,3096.2,-0.05,0,0,1
1691,Obstacle Collision,3098.91,-1.154,0,1,0
1692,Obstacle Collision,3100.35,-1.756,0,1,0
1693,Obstacle Collision,3102.26,-1.372,0,1,0
1694,Success,3103.8,-0.044,0,0,1
1695,Obstacle Collision,3105.38,-0.967,0,1,0
1696,Success,3106.78,-0.044,0,0,1
1697,Success,3109.28,-0.156,0,0,1
1698,Agent Collision,3110.66,-3.472,1,0,0
1699,Obstacle Collision,3113.37,-1.444,0,1,0
1700,Obstacle Collision,3114.53,-1.046,0,1,0
1701,Obstacle Collision,3115.64,-1.294,0,1,0
1702,Success,3118.45,-0.128,0,0,1
1703,Obstacle Collision,3119.22,-1.189,0,1,0
1704,Success,3121.81,-0.1,0,0,1
1705,Obstacle Collision,3122.83,-1.153,0,1,0
1706,Success,3124.75,-0.933,0,0,1
1707,Success,3127.64,-0.972,0,0,1
1708,Obstacle Collision,3128.07,-1.261,0,1,0
1709,Success,3129.05,-0.033,0,0,1
1710,Obstacle Collision,3130.42,-1.283,0,1,0
1711,Success,3132.72,-0.078,0,0,1
1712,Obstacle Collision,3134.17,-1.289,0,1,0
1713,Success,3135.96,-0.061,0,0,1
1714,Success,3137.53,-0.072,0,0,1
1715,Obstacle Collision,3139.98,-1.422,0,1,0
1716,Obstacle Collision,3141.6,-1.289,0,1,0
1717,Success,3143.66,-0.072,0,0,1
1718,Success,3147.05,-2.661,0,0,1
1719,Success,3151.38,-0.972,0,0,1
1720,Success,3153.35,-0.1,0,0,1
1721,Success,3154.73,-0.05,0,0,1
1722,Success,3156.24,-0.061,0,0,1
1723,Success,3158.03,-0.922,0,0,1
1724,Success,3161.57,-0.133,0,0,1
1725,Obstacle Collision,3163.37,-1.322,0,1,0
1726,Obstacle Collision,3165.5,-1.322,0,1,0
1727,Obstacle Collision,3165.93,-2.117,0,1,0
1728,Obstacle Collision,3167.49,-1.014,0,1,0
1729,Obstacle Collision,3168.36,-1.153,0,1,0
1730,Success,3169.35,-0.028,0,0,1
1731,Obstacle Collision,3170.0,-1.267,0,1,0
1732,Agent Collision,3171.6,-0.917,1,0,0
1733,Success,3173.52,-0.056,0,0,1
1734,Obstacle Collision,3176.1,-4.356,0,1,0
1735,Success,3176.96,-0.033,0,0,1
1736,Success,3178.81,-0.05,0,0,1
1737,Success,3181.05,-2.639,0,0,1
1738,Success,3184.04,-0.161,0,0,1
1739,Success,3186.83,-0.089,0,0,1
1740,Obstacle Collision,3188.34,-1.294,0,1,0
1741,Obstacle Collision,3189.09,-1.264,0,1,0
1742,Success,3192.04,-0.95,0,0,1
1743,Obstacle Collision,3196.7,-1.533,0,1,0
1744,Success,3198.74,-0.067,0,0,1
1745,Success,3200.16,-0.067,0,0,1
1746,Success,3201.25,-0.039,0,0,1
1747,Obstacle Collision,3202.68,-1.317,0,1,0
1748,Success,3204.16,-0.061,0,0,1
1749,Success,3206.45,-0.083,0,0,1
1750,Obstacle Collision,3208.72,-0.883,0,1,0
1751,Success,3209.8,-0.044,0,0,1
1752,Obstacle Collision,3210.72,-1.272,0,1,0
1753,Success,3213.38,-0.1,0,0,1
1754,Agent Collision,3215.4,-0.911,1,0,0
1755,Success,3217.68,-0.089,0,0,1
1756,Success,3220.13,-0.089,0,0,1
1757,Success,3221.13,-0.033,0,0,1
1758,Obstacle Collision,3222.03,-1.194,0,1,0
1759,Success,3224.27,-0.061,0,0,1
1760,Obstacle Collision,3225.6,-1.283,0,1,0
1761,Success,3227.72,-0.094,0,0,1
1762,Obstacle Collision,3228.91,-1.289,0,1,0
1763,Obstacle Collision,3229.57,-1.267,0,1,0
1764,Obstacle Collision,3231.41,-1.311,0,1,0
1765,Success,3233.2,-0.078,0,0,1
1766,Obstacle Collision,3233.95,-1.283,0,1,0
1767,Success,3235.1,-0.039,0,0,1
1768,Success,3236.8,-0.05,0,0,1
1769,Obstacle Collision,3238.74,-1.062,0,1,0
1770,Obstacle Collision,3239.43,-1.267,0,1,0
1771,Success,3241.0,-0.05,0,0,1
1772,Obstacle Collision,3241.86,-1.189,0,1,0
1773,Success,3243.7,-0.067,0,0,1
1774,Obstacle Collision,3246.06,-1.328,0,1,0
1775,Agent Collision,3247.83,-2.622,1,0,0
1776,Success,3248.76,-0.033,0,0,1
1777,Obstacle Collision,3251.43,-1.389,0,1,0
1778,Success,3252.91,-0.039,0,0,1
1779,Success,3253.99,-0.033,0,0,1
1780,Success,3255.96,-0.061,0,0,1
1781,Obstacle Collision,3257.29,-1.3,0,1,0
1782,Obstacle Collision,3257.98,-1.267,0,1,0
1783,Success,3259.71,-0.906,0,0,1
1784,Success,3260.47,-0.022,0,0,1
1785,Success,3263.81,-0.144,0,0,1
1786,Success,3267.25,-0.183,0,0,1
1787,Success,3269.62,-0.083,0,0,1
1788,Success,3271.2,-0.078,0,0,1
1789,Obstacle Collision,3271.92,-4.306,0,1,0
1790,Obstacle Collision,3273.72,-1.306,0,1,0
1791,Obstacle Collision,3274.5,-1.272,0,1,0
1792,Obstacle Collision,3275.62,-1.283,0,1,0
1793,Success,3276.46,-0.028,0,0,1
1794,Success,3278.69,-0.083,0,0,1
1795,Obstacle Collision,3279.4,-1.272,0,1,0
1796,Success,3280.3,-0.028,0,0,1
1797,Obstacle Collision,3282.29,-1.311,0,1,0
1798,Obstacle Collision,3284.77,-1.394,0,1,0
1799,Obstacle Collision,3286.2,-1.289,0,1,0
1800,Obstacle Collision,3287.36,-1.278,0,1,0
1801,Success,3289.31,-0.056,0,0,1
1802,Success,3291.72,-0.089,0,0,1
1803,Success,3293.12,-0.056,0,0,1
1804,Obstacle Collision,3294.92,-1.317,0,1,0
1805,Obstacle Collision,3296.8,-1.322,0,1,0
1806,Success,3298.91,-0.067,0,0,1
1807,Obstacle Collision,3299.52,-1.225,0,1,0
1808,Success,3301.13,-0.056,0,0,1
1809,Obstacle Collision,3302.66,-1.253,0,1,0
1810,Obstacle Collision,3303.74,-1.117,0,1,0
1811,Obstacle Collision,3305.14,-1.283,0,1,0
1812,Success,3307.39,-0.083,0,0,1
1813,Success,3309.11,-0.061,0,0,1
1814,Success,3310.73,-0.056,0,0,1
1815,Success,3313.5,-0.078,0,0,1
1816,Obstacle Collision,3315.54,-2.178,0,1,0
1817,Success,3317.91,-0.089,0,0,1
1818,Obstacle Collision,3319.74,-1.139,0,1,0
1819,Obstacle Collision,3321.37,-1.05,0,1,0
1820,Success,3322.51,-0.044,0,0,1
1821,Obstacle Collision,3328.1,-1.711,0,1,0
1822,Obstacle Collision,3329.73,-1.333,0,1,0
1823,Success,3331.57,-0.061,0,0,1
1824,Success,3334.24,-0.111,0,0,1
1825,Success,3336.07,-0.056,0,0,1
1826,Success,3337.15,-0.044,0,0,1
1827,Success,3339.55,-0.089,0,0,1
1828,Success,3341.53,-0.106,0,0,1
1829,Success,3346.01,-0.217,0,0,1
1830,Success,3347.26,-0.05,0,0,1
1831,Success,3348.9,-0.044,0,0,1
1832,Success,3350.65,-0.056,0,0,1
1833,Obstacle Collision,3352.06,-1.247,0,1,0
1834,Success,3353.85,-0.056,0,0,1
1835,Success,3357.34,-1.006,0,0,1
1836,Obstacle Collision,3358.43,-1.254,0,1,0
1837,Obstacle Collision,3360.29,-1.294,0,1,0
1838,Obstacle Collision,3364.56,-1.439,0,1,0
1839,Obstacle Collision,3365.21,-1.267,0,1,0
1840,Obstacle Collision,3367.28,-1.306,0,1,0
1841,Success,3369.31,-0.078,0,0,1
1842,Obstacle Collision,3371.65,-1.306,0,1,0
1843,Obstacle Collision,3372.74,-1.019,0,1,0
1844,Obstacle Collision,3373.89,-1.278,0,1,0
1845,Obstacle Collision,3374.55,-1.267,0,1,0
1846,Success,3375.71,-0.039,0,0,1
1847,Success,3376.45,-0.022,0,0,1
1848,Success,3378.25,-0.056,0,0,1
1849,Obstacle Collision,3380.51,-1.394,0,1,0
1850,Success,3382.53,-0.072,0,0,1
1851,Obstacle Collision,3383.43,-1.272,0,1,0
1852,Success,3386.31,-0.083,0,0,1
1853,Success,3388.09,-0.061,0,0,1
1854,Success,3390.83,-2.667,0,0,1
1855,Success,3392.81,-2.667,0,0,1
1856,Success,3394.74,-0.067,0,0,1
1857,Obstacle Collision,3395.66,-1.278,0,1,0
1858,Agent Collision,3396.64,-4.306,1,0,0
1859,Obstacle Collision,3398.0,-1.082,0,1,0
1860,Obstacle Collision,3399.36,-1.255,0,1,0
1861,Success,3401.44,-0.083,0,0,1
1862,Success,3402.83,-0.05,0,0,1
1863,Success,3404.49,-0.056,0,0,1
1864,Success,3406.11,-0.056,0,0,1
1865,Success,3408.79,-0.094,0,0,1
1866,Success,3410.26,-0.05,0,0,1
1867,Success,3411.41,-0.044,0,0,1
1868,Success,3413.44,-0.939,0,0,1
1869,Success,3417.99,-0.989,0,0,1
1870,Success,3420.16,-0.072,0,0,1
1871,Success,3422.41,-3.506,0,0,1
1872,Success,3424.8,-0.094,0,0,1
1873,Obstacle Collision,3427.91,-1.439,0,1,0
1874,Success,3429.78,-0.072,0,0,1
1875,Obstacle Collision,3431.95,-1.344,0,1,0
1876,Success,3434.86,-3.468,0,0,1
1877,Success,3436.6,-0.078,0,0,1
1878,Obstacle Collision,3437.31,-1.272,0,1,0
1879,Obstacle Collision,3438.69,-1.283,0,1,0
1880,Obstacle Collision,3440.8,-1.317,0,1,0
1881,Success,3443.46,-0.1,0,0,1
1882,Obstacle Collision,3445.04,-1.3,0,1,0
1883,Success,3448.07,-0.106,0,0,1
1884,Success,3450.03,-0.072,0,0,1
1885,Success,3452.02,-0.117,0,0,1
1886,Success,3453.03,-0.044,0,0,1
1887,Obstacle Collision,3454.47,-1.294,0,1,0
1888,Obstacle Collision,3454.9,-1.722,0,1,0
1889,Obstacle Collision,3457.5,-2.194,0,1,0
1890,Success,3459.29,-0.05,0,0,1
1891,Success,3460.84,-0.05,0,0,1
1892,Success,3463.26,-0.067,0,0,1
1893,Success,3465.44,-0.089,0,0,1
1894,Success,3466.13,-0.022,0,0,1
1895,Success,3468.24,-0.089,0,0,1
1896,Success,3470.19,-0.083,0,0,1
1897,Obstacle Collision,3473.17,-1.394,0,1,0
1898,Success,3476.0,-0.072,0,0,1
1899,Obstacle Collision,3477.08,-1.096,0,1,0
1900,Success,3478.9,-0.056,0,0,1
1901,Success,3480.86,-0.067,0,0,1
1902,Success,3482.75,-0.061,0,0,1
1903,Success,3485.25,-0.089,0,0,1
1904,Obstacle Collision,3486.57,-1.289,0,1,0
1905,Success,3488.65,-0.139,0,0,1
1906,Obstacle Collision,3490.43,-1.3,0,1,0
1907,Success,3491.26,-0.028,0,0,1
1908,Obstacle Collision,3492.59,-1.01,0,1,0
1909,Obstacle Collision,3495.89,-1.478,0,1,0
1910,Success,3496.88,-0.039,0,0,1
1911,Success,3498.04,-0.056,0,0,1
1912,Success,3500.48,-0.067,0,0,1
1913,Obstacle Collision,3501.5,-1.153,0,1,0
1914,Success,3503.31,-0.078,0,0,1
1915,Obstacle Collision,3504.18,-1.272,0,1,0
1916,Obstacle Collision,3505.21,-1.283,0,1,0
1917,Obstacle Collision,3506.43,-1.098,0,1,0
1918,Success,3509.53,-0.978,0,0,1
1919,Success,3512.67,-1.806,0,0,1
1920,Obstacle Collision,3515.01,-0.858,0,1,0
1921,Success,3516.71,-0.089,0,0,1
1922,Success,3521.15,-0.15,0,0,1
1923,Success,3522.85,-0.067,0,0,1
1924,Success,3524.09,-0.044,0,0,1
1925,Success,3525.54,-0.039,0,0,1
1926,Success,3527.06,-0.05,0,0,1
1927,Success,3529.12,-1.767,0,0,1
1928,Success,3530.66,-0.067,0,0,1
1929,Success,3532.34,-0.05,0,0,1
1930,Success,3534.02,-0.056,0,0,1
1931,Obstacle Collision,3535.67,-1.222,0,1,0
1932,Success,3540.05,-0.194,0,0,1
1933,Success,3541.2,-0.044,0,0,1
1934,Obstacle Collision,3543.09,-1.328,0,1,0
1935,Obstacle Collision,3545.21,-1.306,0,1,0
1936,Success,3547.41,-0.083,0,0,1
1937,Success,3549.3,-0.067,0,0,1
1938,Success,3550.62,-0.056,0,0,1
1939,Success,3551.53,-0.028,0,0,1
1940,Obstacle Collision,3553.16,-1.289,0,1,0
1941,Success,3553.99,-0.028,0,0,1
1942,Success,3555.63,-0.056,0,0,1
1943,Success,3556.79,-0.05,0,0,1
1944,Success,3559.11,-0.067,0,0,1
1945,Obstacle Collision,3559.79,-1.267,0,1,0
1946,Success,3562.69,-0.1,0,0,1
1947,Obstacle Collision,3563.68,-1.105,0,1,0
1948,Success,3564.59,-0.033,0,0,1
1949,Obstacle Collision,3565.42,-1.189,0,1,0
1950,Success,3567.19,-0.072,0,0,1
1951,Success,3570.17,-0.139,0,0,1
1952,Success,3572.86,-0.083,0,0,1
1953,Success,3574.74,-0.061,0,0,1
1954,Obstacle Collision,3575.72,-1.153,0,1,0
1955,Success,3577.81,-0.061,0,0,1
1956,Success,3579.69,-0.056,0,0,1
1957,Obstacle Collision,3581.09,-1.294,0,1,0
1958,Success,3584.47,-0.111,0,0,1
1959,Success,3585.31,-0.028,0,0,1
1960,Success,3589.12,-0.122,0,0,1
1961,Success,3590.68,-0.056,0,0,1
1962,Success,3592.64,-0.089,0,0,1
1963,Obstacle Collision,3594.99,-1.339,0,1,0
1964,Success,3597.4,-2.644,0,0,1
1965,Success,3599.04,-0.056,0,0,1
1966,Obstacle Collision,3599.99,-1.278,0,1,0
1967,Obstacle Collision,3601.82,-1.3,0,1,0
1968,Success,3603.88,-0.939,0,0,1
1969,Success,3605.63,-0.067,0,0,1
1970,Obstacle Collision,3606.68,-1.206,0,1,0
1971,Obstacle Collision,3608.13,-1.12,0,1,0
1972,Success,3610.89,-0.939,0,0,1
1973,Success,3612.44,-0.056,0,0,1
1974,Success,3614.46,-0.067,0,0,1
1975,Obstacle Collision,3615.56,-1.278,0,1,0
1976,Success,3617.1,-0.044,0,0,1
1977,Success,3618.64,-0.05,0,0,1
1978,Success,3619.88,-0.05,0,0,1
1979,Success,3621.27,-0.05,0,0,1
1980,Success,3622.51,-0.056,0,0,1
1981,Agent Collision,3625.38,-0.928,1,0,0
1982,Obstacle Collision,3626.58,-1.247,0,1,0
1983,Success,3628.26,-0.061,0,0,1
1984,Success,3629.75,-0.067,0,0,1
1985,Success,3632.24,-0.067,0,0,1
1986,Success,3633.46,-0.033,0,0,1
1987,Success,3636.88,-0.228,0,0,1
1988,Obstacle Collision,3638.18,-1.252,0,1,0
1989,Success,3640.05,-0.067,0,0,1
1990,Success,3641.2,-0.044,0,0,1
1991,Success,3643.21,-1.783,0,0,1
1992,Success,3644.61,-0.95,0,0,1
1993,Obstacle Collision,3645.12,-1.153,0,1,0
1994,Success,3646.91,-1.761,0,0,1
1995,Success,3650.89,-5.267,0,0,1
1996,Obstacle Collision,3652.26,-1.044,0,1,0
1997,Success,3654.52,-0.078,0,0,1
1998,Success,3656.56,-0.072,0,0,1
1999,Success,3657.55,-0.033,0,0,1
2000,Success,3659.28,-0.078,0,0,1
2001,Success,3660.28,-0.033,0,0,1
2002,Obstacle Collision,3662.16,-1.161,0,1,0
2003,Obstacle Collision,3665.3,-1.417,0,1,0
2004,Obstacle Collision,3667.79,-1.406,0,1,0
2005,Success,3670.02,-0.078,0,0,1
2006,Success,3673.51,-0.144,0,0,1
2007,Success,3675.93,-0.083,0,0,1
2008,Obstacle Collision,3676.75,-1.272,0,1,0
2009,Success,3679.08,-0.067,0,0,1
2010,Obstacle Collision,3682.28,-2.703,0,1,0
2011,Success,3685.22,-0.094,0,0,1
2012,Obstacle Collision,3686.78,-7.274,0,1,0
2013,Obstacle Collision,3688.11,-1.289,0,1,0
2014,Obstacle Collision,3689.61,-2.144,0,1,0
2015,Success,3692.01,-2.644,0,0,1
2016,Success,3693.48,-0.044,0,0,1
2017,Success,3694.48,-0.039,0,0,1
2018,Success,3696.55,-0.083,0,0,1
2019,Obstacle Collision,3698.62,-1.322,0,1,0
2020,Success,3699.48,-0.039,0,0,1
2021,Obstacle Collision,3700.33,-1.278,0,1,0
2022,Success,3703.08,-0.106,0,0,1
2023,Success,3703.91,-0.028,0,0,1
2024,Success,3707.02,-1.794,0,0,1
2025,Success,3709.8,-0.089,0,0,1
2026,Success,3711.89,-0.944,0,0,1
2027,Obstacle Collision,3715.02,-1.111,0,1,0
2028,Success,3717.42,-0.072,0,0,1
2029,Success,3719.52,-0.061,0,0,1
2030,Obstacle Collision,3720.57,-1.278,0,1,0
2031,Success,3722.87,-0.067,0,0,1
2032,Obstacle Collision,3725.56,-3.133,0,1,0
2033,Success,3727.22,-0.067,0,0,1
2034,Success,3729.93,-1.794,0,0,1
2035,Success,3731.07,-0.044,0,0,1
2036,Obstacle Collision,3731.73,-1.267,0,1,0
2037,Success,3732.91,-0.044,0,0,1
2038,Success,3734.06,-0.039,0,0,1
2039,Obstacle Collision,3735.27,-1.066,0,1,0
2040,Success,3737.47,-0.089,0,0,1
2041,Success,3739.26,-0.05,0,0,1
2042,Obstacle Collision,3740.64,-1.283,0,1,0
2043,Obstacle Collision,3741.56,-1.231,0,1,0
2044,Success,3743.2,-0.056,0,0,1
2045,Success,3745.01,-0.922,0,0,1
2046,Obstacle Collision,3746.42,-1.289,0,1,0
2047,Obstacle Collision,3747.64,-6.383,0,1,0
2048,Success,3750.02,-0.156,0,0,1
2049,Success,3752.46,-0.067,0,0,1
2050,Success,3754.29,-0.933,0,0,1
2051,Obstacle Collision,3755.07,-1.153,0,1,0
2052,Success,3756.7,-0.067,0,0,1
2053,Success,3758.02,-0.05,0,0,1
2054,Success,3760.89,-2.644,0,0,1
2055,Success,3763.34,-0.1,0,0,1
2056,Obstacle Collision,3764.01,-1.267,0,1,0
2057,Success,3765.87,-0.061,0,0,1
2058,Obstacle Collision,3767.84,-1.225,0,1,0
2059,Obstacle Collision,3769.35,-1.294,0,1,0
2060,Obstacle Collision,3770.87,-1.3,0,1,0
2061,Obstacle Collision,3772.46,-1.175,0,1,0
2062,Success,3774.18,-0.056,0,0,1
2063,Success,3776.22,-0.056,0,0,1
2064,Success,3778.88,-0.072,0,0,1
2065,Success,3780.7,-0.094,0,0,1
2066,Success,3782.06,-0.044,0,0,1
2067,Obstacle Collision,3784.07,-3.022,0,1,0
2068,Success,3786.12,-0.083,0,0,1
2069,Obstacle Collision,3789.49,-1.394,0,1,0
2070,Obstacle Collision,3790.17,-1.267,0,1,0
2071,Obstacle Collision,3790.72,-2.965,0,1,0
2072,Obstacle Collision,3792.1,-1.306,0,1,0
2073,Obstacle Collision,3792.77,-1.267,0,1,0
2074,Success,3796.95,-1.15,0,0,1
2075,Obstacle Collision,3798.52,-1.145,0,1,0
2076,Success,3801.25,-0.944,0,0,1
2077,Obstacle Collision,3802.17,-1.111,0,1,0
2078,Success,3803.98,-0.061,0,0,1
2079,Obstacle Collision,3804.97,-0.918,0,1,0
2080,Obstacle Collision,3805.79,-1.231,0,1,0
2081,Obstacle Collision,3808.82,-3.02,0,1,0
2082,Success,3810.55,-0.067,0,0,1
2083,Success,3812.21,-0.061,0,0,1
2084,Obstacle Collision,3814.98,-1.322,0,1,0
2085,Success,3817.34,-0.089,0,0,1
2086,Obstacle Collision,3819.95,-1.406,0,1,0
2087,Success,3821.49,-0.05,0,0,1
2088,Success,3822.8,-0.039,0,0,1
2089,Success,3824.5,-0.05,0,0,1
2090,Success,3826.65,-0.072,0,0,1
2091,Obstacle Collision,3828.65,-1.306,0,1,0
2092,Obstacle Collision,3832.93,-1.472,0,1,0
2093,Success,3834.87,-0.911,0,0,1
2094,Success,3836.93,-0.061,0,0,1
2095,Success,3838.81,-0.067,0,0,1
2096,Success,3843.0,-1.9,0,0,1
2097,Success,3846.93,-0.183,0,0,1
2098,Success,3848.95,-0.056,0,0,1
2099,Success,3850.5,-0.072,0,0,1
2100,Obstacle Collision,3850.93,-1.261,0,1,0
2101,Success,3852.24,-0.044,0,0,1
2102,Success,3853.71,-0.05,0,0,1
2103,Success,3857.69,-0.106,0,0,1
2104,Success,3860.02,-0.067,0,0,1
2105,Success,3861.66,-0.083,0,0,1
2106,Success,3862.5,-0.033,0,0,1
2107,Success,3864.53,-0.072,0,0,1
2108,Success,3866.57,-0.072,0,0,1
2109,Obstacle Collision,3867.01,-1.261,0,1,0
2110,Success,3869.91,-2.656,0,0,1
2111,Success,3871.55,-0.067,0,0,1
2112,Success,3873.38,-0.083,0,0,1
2113,Obstacle Collision,3875.5,-1.356,0,1,0
2114,Obstacle Collision,3877.41,-1.361,0,1,0
2115,Success,3879.06,-0.044,0,0,1
2116,Success,3881.0,-0.072,0,0,1
2117,Success,3882.64,-0.072,0,0,1
2118,Obstacle Collision,3883.33,-1.267,0,1,0
2119,Obstacle Collision,3885.11,-1.259,0,1,0
2120,Obstacle Collision,3887.15,-1.306,0,1,0
2121,Success,3888.86,-0.072,0,0,1
2122,Success,3889.78,-0.033,0,0,1
2123,Obstacle Collision,3890.92,-1.22,0,1,0
2124,Success,3893.41,-0.072,0,0,1
2125,Success,3894.26,-0.039,0,0,1
2126,Obstacle Collision,3895.05,-1.191,0,1,0
2127,Success,3897.43,-0.1,0,0,1
2128,Obstacle Collision,3899.31,-1.02,0,1,0
2129,Success,3900.56,-0.044,0,0,1
2130,Success,3902.49,-0.05,0,0,1
2131,Success,3904.73,-0.072,0,0,1
2132,Obstacle Collision,3907.5,-1.417,0,1,0
2133,Success,3908.35,-0.033,0,0,1
2134,Success,3910.72,-0.117,0,0,1
2135,Obstacle Collision,3911.87,-1.039,0,1,0
2136,Success,3912.56,-0.022,0,0,1
2137,Obstacle Collision,3913.63,-2.891,0,1,0
2138,Obstacle Collision,3915.02,-1.283,0,1,0
2139,Success,3917.07,-0.089,0,0,1
2140,Obstacle Collision,3918.81,-1.294,0,1,0
2141,Obstacle Collision,3919.25,-1.261,0,1,0
2142,Success,3921.36,-0.061,0,0,1
2143,Obstacle Collision,3926.82,-2.544,0,1,0
2144,Success,3928.75,-0.056,0,0,1
2145,Success,3932.44,-0.117,0,0,1
2146,Success,3933.93,-0.05,0,0,1
2147,Obstacle Collision,3936.15,-1.4,0,1,0
2148,Obstacle Collision,3938.28,-1.439,0,1,0
2149,Obstacle Collision,3939.19,-1.272,0,1,0
2150,Success,3940.81,-0.044,0,0,1
2151,Obstacle Collision,3941.7,-1.272,0,1,0
2152,Success,3943.62,-0.056,0,0,1
2153,Obstacle Collision,3945.54,-1.317,0,1,0
2154,Success,3948.31,-1.789,0,0,1
2155,Obstacle Collision,3950.77,-0.938,0,1,0
2156,Success,3952.67,-0.067,0,0,1
2157,Obstacle Collision,3953.34,-1.267,0,1,0
2158,Success,3954.4,-0.033,0,0,1
2159,Success,3955.4,-0.044,0,0,1
2160,Success,3956.7,-0.044,0,0,1
2161,Obstacle Collision,3957.32,-1.266,0,1,0
2162,Success,3959.67,-1.783,0,0,1
2163,Obstacle Collision,3961.44,-1.756,0,1,0
2164,Success,3963.68,-0.061,0,0,1
2165,Success,3965.87,-0.15,0,0,1
2166,Success,3967.73,-0.056,0,0,1
2167,Success,3968.81,-0.039,0,0,1
2168,Obstacle Collision,3970.08,-1.237,0,1,0
2169,Success,3971.84,-0.05,0,0,1
2170,Success,3973.41,-0.9,0,0,1
2171,Success,3975.11,-0.911,0,0,1
2172,Obstacle Collision,3975.78,-1.267,0,1,0
2173,Success,3979.27,-0.183,0,0,1
2174,Success,3980.58,-0.039,0,0,1
2175,Obstacle Collision,3982.36,-1.367,0,1,0
2176,Obstacle Collision,3982.8,-1.261,0,1,0
2177,Success,3985.52,-0.078,0,0,1
2178,Agent Collision,3986.71,-1.744,1,0,0
2179,Obstacle Collision,3988.22,-1.289,0,1,0
2180,Success,3991.22,-0.1,0,0,1
2181,Success,3992.86,-0.061,0,0,1
2182,Success,3995.36,-0.067,0,0,1
2183,Success,3996.77,-0.05,0,0,1
2184,Success,3997.78,-0.039,0,0,1
2185,Agent Collision,3998.85,-6.028,1,0,0
2186,Obstacle Collision,4000.29,-1.294,0,1,0
2187,Success,4002.03,-0.056,0,0,1
2188,Obstacle Collision,4002.89,-2.869,0,1,0
2189,Obstacle Collision,4005.24,-1.006,0,1,0
2190,Success,4006.31,-0.039,0,0,1
2191,Success,4008.41,-0.072,0,0,1
2192,Obstacle Collision,4011.41,-1.328,0,1,0
2193,Obstacle Collision,4014.72,-1.506,0,1,0
2194,Obstacle Collision,4015.61,-4.694,0,1,0
2195,Obstacle Collision,4018.76,-1.428,0,1,0
2196,Obstacle Collision,4019.2,-1.261,0,1,0
2197,Obstacle Collision,4020.08,-1.272,0,1,0
2198,Success,4023.26,-0.117,0,0,1
2199,Success,4024.89,-0.072,0,0,1
2200,Success,4027.61,-0.089,0,0,1
2201,Success,4028.93,-0.044,0,0,1
2202,Success,4030.56,-0.05,0,0,1
2203,Success,4032.35,-0.067,0,0,1
2204,Obstacle Collision,4033.92,-2.611,0,1,0
2205,Success,4035.95,-0.083,0,0,1
2206,Success,4037.32,-0.044,0,0,1
2207,Obstacle Collision,4037.94,-1.226,0,1,0
2208,Success,4040.2,-0.072,0,0,1
2209,Success,4046.01,-0.367,0,0,1
2210,Obstacle Collision,4047.79,-0.895,0,1,0
2211,Success,4050.33,-0.1,0,0,1
2212,Success,4052.36,-0.061,0,0,1
2213,Obstacle Collision,4056.07,-2.228,0,1,0
2214,Success,4058.17,-0.922,0,0,1
2215,Success,4060.36,-0.106,0,0,1
2216,Success,4062.63,-0.072,0,0,1
2217,Success,4063.95,-0.05,0,0,1
2218,Obstacle Collision,4064.94,-1.2,0,1,0
2219,Obstacle Collision,4065.57,-1.267,0,1,0
2220,Success,4066.64,-0.028,0,0,1
2221,Obstacle Collision,4067.08,-1.261,0,1,0
2222,Success,4068.25,-0.05,0,0,1
2223,Success,4070.35,-2.656,0,0,1
2224,Obstacle Collision,4071.59,-1.119,0,1,0
2225,Success,4073.49,-0.089,0,0,1
2226,Success,4074.88,-0.039,0,0,1
2227,Obstacle Collision,4076.78,-1.306,0,1,0
2228,Obstacle Collision,4078.54,-1.333,0,1,0
2229,Success,4080.36,-0.122,0,0,1
2230,Obstacle Collision,4081.04,-1.267,0,1,0
2231,Success,4081.98,-0.039,0,0,1
2232,Success,4083.65,-0.067,0,0,1
2233,Success,4085.35,-0.078,0,0,1
2234,Success,4086.52,-0.044,0,0,1
2235,Obstacle Collision,4088.5,-1.226,0,1,0
2236,Success,4089.97,-0.05,0,0,1
2237,Obstacle Collision,4091.34,-1.043,0,1,0
2238,Obstacle Collision,4092.21,-1.272,0,1,0
2239,Success,4094.37,-0.1,0,0,1
2240,Obstacle Collision,4096.98,-0.85,0,1,0
2241,Obstacle Collision,4099.15,-1.333,0,1,0
2242,Success,4100.63,-0.039,0,0,1
2243,Obstacle Collision,4102.4,-1.294,0,1,0
2244,Obstacle Collision,4105.17,-1.4,0,1,0
2245,Success,4107.06,-0.078,0,0,1
2246,Success,4109.29,-0.089,0,0,1
2247,Success,4110.94,-0.061,0,0,1
2248,Success,4112.11,-0.044,0,0,1
2249,Success,4115.29,-0.978,0,0,1
2250,Success,4117.56,-1.789,0,0,1
2251,Success,4121.22,-1.056,0,0,1
2252,Success,4124.37,-0.083,0,0,1
2253,Success,4126.8,-0.1,0,0,1
2254,Obstacle Collision,4129.44,-1.4,0,1,0
2255,Obstacle Collision,4130.29,-1.272,0,1,0
2256,Success,4131.83,-0.056,0,0,1
2257,Success,4133.3,-0.056,0,0,1
2258,Obstacle Collision,4134.38,-1.283,0,1,0
2259,Success,4136.33,-0.061,0,0,1
2260,Success,4138.73,-0.089,0,0,1
2261,Success,4140.51,-0.072,0,0,1
2262,Success,4141.57,-0.033,0,0,1
2263,Obstacle Collision,4143.19,-0.9,0,1,0
2264,Agent Collision,4144.86,-3.478,1,0,0
2265,Success,4146.15,-0.05,0,0,1
2266,Obstacle Collision,4147.66,-0.978,0,1,0
2267,Success,4149.34,-0.056,0,0,1
2268,Obstacle Collision,4150.0,-1.267,0,1,0
2269,Agent Collision,4150.94,-1.733,1,0,0
2270,Obstacle Collision,4151.6,-1.267,0,1,0
2271,Success,4153.51,-0.122,0,0,1
2272,Success,4154.9,-0.039,0,0,1
2273,Success,4156.11,-0.033,0,0,1
2274,Obstacle Collision,4156.98,-1.111,0,1,0
2275,Success,4158.64,-0.083,0,0,1
2276,Success,4159.88,-0.039,0,0,1
2277,Obstacle Collision,4161.75,-0.972,0,1,0
2278,Success,4163.69,-0.083,0,0,1
2279,Obstacle Collision,4164.54,-1.232,0,1,0
2280,Success,4166.19,-0.061,0,0,1
2281,Timeout,4173.67,-0.6,0,0,0
2282,Obstacle Collision,4174.06,-1.219,0,1,0
2283,Obstacle Collision,4175.55,-1.289,0,1,0
2284,Obstacle Collision,4178.24,-3.039,0,1,0
2285,Obstacle Collision,4179.36,-1.283,0,1,0
2286,Obstacle Collision,4180.85,-1.17,0,1,0
2287,Obstacle Collision,4182.95,-1.122,0,1,0
2288,Obstacle Collision,4184.14,-1.206,0,1,0
2289,Success,4185.73,-0.078,0,0,1
2290,Obstacle Collision,4186.91,-1.158,0,1,0
2291,Success,4189.59,-0.939,0,0,1
2292,Success,4192.43,-0.083,0,0,1
2293,Obstacle Collision,4194.18,-1.226,0,1,0
2294,Success,4195.6,-0.044,0,0,1
2295,Obstacle Collision,4196.19,-1.227,0,1,0
2296,Obstacle Collision,4197.1,-1.272,0,1,0
2297,Success,4199.81,-0.089,0,0,1
2298,Obstacle Collision,4200.96,-1.278,0,1,0
2299,Obstacle Collision,4203.73,-0.998,0,1,0
2300,Obstacle Collision,4205.53,-1.306,0,1,0
2301,Obstacle Collision,4208.09,-3.911,0,1,0
2302,Success,4208.91,-0.028,0,0,1
2303,Success,4211.07,-0.067,0,0,1
2304,Success,4213.11,-0.072,0,0,1
2305,Success,4215.06,-0.122,0,0,1
2306,Obstacle Collision,4215.5,-1.261,0,1,0
2307,Obstacle Collision,4216.65,-1.278,0,1,0
2308,Obstacle Collision,4217.09,-1.261,0,1,0
2309,Success,4221.77,-3.65,0,0,1
2310,Success,4224.12,-0.094,0,0,1
2311,Obstacle Collision,4224.97,-1.189,0,1,0
2312,Success,4227.92,-0.122,0,0,1
2313,Success,4229.74,-0.056,0,0,1
2314,Success,4231.08,-0.061,0,0,1
2315,Success,4233.99,-4.367,0,0,1
2316,Obstacle Collision,4235.75,-1.3,0,1,0
2317,Success,4237.23,-0.067,0,0,1
2318,Obstacle Collision,4237.65,-1.261,0,1,0
2319,Success,4239.15,-0.05,0,0,1
2320,Obstacle Collision,4239.59,-1.261,0,1,0
2321,Success,4240.91,-0.044,0,0,1
2322,Success,4243.94,-0.106,0,0,1
2323,Success,4245.76,-0.05,0,0,1
2324,Obstacle Collision,4247.13,-1.217,0,1,0
2325,Success,4249.27,-0.083,0,0,1
2326,Success,4250.95,-0.05,0,0,1
2327,Success,4252.56,-0.05,0,0,1
2328,Success,4255.79,-0.1,0,0,1
2329,Success,4257.01,-0.039,0,0,1
2330,Obstacle Collision,4260.79,-1.606,0,1,0
2331,Obstacle Collision,4262.99,-1.333,0,1,0
2332,Success,4264.71,-0.911,0,0,1
2333,Success,4265.3,-0.017,0,0,1
2334,Success,4266.94,-0.078,0,0,1
2335,Obstacle Collision,4267.78,-1.242,0,1,0
2336,Obstacle Collision,4268.22,-1.261,0,1,0
2337,Success,4270.32,-2.656,0,0,1
2338,Success,4272.13,-0.061,0,0,1
2339,Success,4274.48,-3.506,0,0,1
2340,Success,4276.04,-0.056,0,0,1
2341,Success,4277.2,-0.039,0,0,1
2342,Success,4278.93,-0.072,0,0,1
2343,Success,4280.56,-0.906,0,0,1
2344,Success,4283.51,-0.083,0,0,1
2345,Obstacle Collision,4284.48,-1.175,0,1,0
2346,Obstacle Collision,4286.16,-1.311,0,1,0
2347,Success,4288.57,-0.078,0,0,1
2348,Success,4290.14,-0.067,0,0,1
2349,Success,4292.0,-0.067,0,0,1
2350,Obstacle Collision,4294.33,-1.024,0,1,0
2351,Obstacle Collision,4298.62,-1.556,0,1,0
2352,Obstacle Collision,4300.48,-1.294,0,1,0
2353,Obstacle Collision,4304.21,-1.533,0,1,0
2354,Obstacle Collision,4305.75,-1.756,0,1,0
2355,Success,4308.0,-0.083,0,0,1
2356,Success,4310.28,-0.922,0,0,1
2357,Obstacle Collision,4311.32,-1.122,0,1,0
2358,Success,4312.47,-0.039,0,0,1
2359,Success,4314.64,-0.061,0,0,1
2360,Success,4316.04,-0.05,0,0,1
2361,Success,4318.15,-0.078,0,0,1
2362,Obstacle Collision,4318.76,-1.228,0,1,0
2363,Obstacle Collision,4319.5,-1.195,0,1,0
2364,Success,4321.76,-0.078,0,0,1
2365,Success,4324.7,-0.106,0,0,1
2366,Obstacle Collision,4325.49,-1.189,0,1,0
2367,Success,4327.81,-0.111,0,0,1
2368,Success,4330.47,-0.144,0,0,1
2369,Success,4332.56,-0.061,0,0,1
2370,Success,4334.51,-0.078,0,0,1
2371,Success,4337.17,-0.106,0,0,1
2372,Success,4340.02,-0.094,0,0,1
2373,Obstacle Collision,4342.8,-2.211,0,1,0
2374,Obstacle Collision,4344.08,-1.283,0,1,0
2375,Success,4345.48,-0.05,0,0,1
2376,Obstacle Collision,4347.39,-1.778,0,1,0
2377,Success,4351.12,-0.1,0,0,1
2378,Success,4353.85,-1.806,0,0,1
2379,Obstacle Collision,4354.24,-1.261,0,1,0
2380,Success,4355.63,-0.05,0,0,1
2381,Obstacle Collision,4357.4,-1.222,0,1,0
2382,Success,4359.43,-0.1,0,0,1
2383,Success,4361.85,-0.094,0,0,1
2384,Obstacle Collision,4362.94,-1.278,0,1,0
2385,Success,4365.24,-0.072,0,0,1
2386,Success,4367.96,-0.1,0,0,1
2387,Obstacle Collision,4371.44,-1.467,0,1,0
2388,Success,4373.47,-0.061,0,0,1
2389,Success,4375.16,-0.067,0,0,1
2390,Success,4378.58,-1.017,0,0,1
2391,Success,4380.98,-0.111,0,0,1
2392,Success,4384.07,-0.122,0,0,1
2393,Success,4386.22,-0.083,0,0,1
2394,Success,4386.98,-0.028,0,0,1
2395,Obstacle Collision,4387.41,-1.261,0,1,0
2396,Success,4389.18,-0.05,0,0,1
2397,Success,4390.08,-0.028,0,0,1
2398,Obstacle Collision,4391.35,-1.081,0,1,0
2399,Success,4392.51,-0.044,0,0,1
2400,Obstacle Collision,4394.39,-1.306,0,1,0
2401,Success,4395.7,-0.061,0,0,1
2402,Success,4396.78,-0.044,0,0,1
2403,Success,4398.57,-0.078,0,0,1
2404,Success,4399.86,-0.039,0,0,1
2405,Success,4402.96,-0.15,0,0,1
2406,Obstacle Collision,4404.1,-1.003,0,1,0
2407,Obstacle Collision,4405.24,-1.241,0,1,0
2408,Obstacle Collision,4406.15,-1.157,0,1,0
2409,Success,4409.0,-5.233,0,0,1
2410,Success,4411.3,-0.111,0,0,1
2411,Success,4413.11,-0.056,0,0,1
2412,Success,4414.73,-0.906,0,0,1
2413,Success,4416.27,-0.072,0,0,1
2414,Obstacle Collision,4418.3,-3.067,0,1,0
2415,Success,4419.69,-0.05,0,0,1
2416,Obstacle Collision,4420.89,-1.073,0,1,0
2417,Success,4425.9,-7.072,0,0,1
2418,Success,4429.45,-0.122,0,0,1
2419,Obstacle Collision,4431.8,-1.789,0,1,0
2420,Obstacle Collision,4432.96,-1.278,0,1,0
2421,Obstacle Collision,4434.47,-1.294,0,1,0
2422,Obstacle Collision,4436.98,-1.378,0,1,0
2423,Obstacle Collision,4443.13,-1.7,0,1,0
2424,Success,4443.73,-0.017,0,0,1
2425,Success,4445.06,-0.05,0,0,1
2426,Success,4446.71,-0.067,0,0,1
2427,Success,4450.68,-0.978,0,0,1
2428,Success,4453.26,-0.094,0,0,1
2429,Obstacle Collision,4458.47,-1.506,0,1,0
2430,Obstacle Collision,4460.75,-1.378,0,1,0
2431,Obstacle Collision,4463.8,-1.494,0,1,0
2432,Obstacle Collision,4464.24,-1.261,0,1,0
2433,Success,4465.01,-0.022,0,0,1
2434,Success,4466.56,-0.078,0,0,1
2435,Success,4468.34,-0.056,0,0,1
2436,Success,4469.34,-0.039,0,0,1
2437,Obstacle Collision,4470.38,-1.171,0,1,0
2438,Success,4471.62,-0.894,0,0,1
2439,Obstacle Collision,4473.84,-1.772,0,1,0
2440,Success,4475.08,-0.056,0,0,1
2441,Obstacle Collision,4477.03,-3.782,0,1,0
2442,Obstacle Collision,4478.2,-1.294,0,1,0
2443,Obstacle Collision,4479.56,-1.294,0,1,0
2444,Obstacle Collision,4480.41,-1.153,0,1,0
2445,Success,4482.14,-0.05,0,0,1
2446,Obstacle Collision,4482.66,-1.225,0,1,0
2447,Success,4483.96,-0.039,0,0,1
2448,Success,4485.19,-0.9,0,0,1
2449,Obstacle Collision,4486.31,-2.133,0,1,0
2450,Success,4489.52,-0.156,0,0,1
2451,Obstacle Collision,4494.29,-1.55,0,1,0
2452,Obstacle Collision,4495.16,-1.272,0,1,0
2453,Obstacle Collision,4498.37,-8.128,0,1,0
2454,Obstacle Collision,4499.12,-1.153,0,1,0
2455,Success,4500.37,-0.044,0,0,1
2456,Obstacle Collision,4500.91,-1.225,0,1,0
2457,Obstacle Collision,4502.77,-1.311,0,1,0
2458,Success,4503.62,-0.033,0,0,1
2459,Success,4505.4,-0.061,0,0,1
2460,Success,4508.07,-0.083,0,0,1
2461,Success,4510.35,-0.083,0,0,1
2462,Obstacle Collision,4511.85,-1.294,0,1,0
2463,Obstacle Collision,4512.98,-1.289,0,1,0
2464,Obstacle Collision,4514.52,-1.211,0,1,0
2465,Success,4518.09,-0.183,0,0,1
2466,Success,4519.8,-0.089,0,0,1
2467,Success,4521.12,-0.044,0,0,1
2468,Obstacle Collision,4523.83,-2.182,0,1,0
2469,Success,4524.91,-0.039,0,0,1
2470,Success,4526.96,-0.061,0,0,1
2471,Success,4529.39,-0.083,0,0,1
2472,Success,4531.02,-0.061,0,0,1
2473,Success,4534.43,-0.15,0,0,1
2474,Success,4536.34,-0.1,0,0,1
2475,Obstacle Collision,4537.26,-1.272,0,1,0
2476,Success,4538.75,-0.056,0,0,1
2477,Success,4540.12,-0.05,0,0,1
2478,Success,4542.54,-0.089,0,0,1
2479,Success,4545.01,-0.094,0,0,1
2480,Success,4547.73,-0.078,0,0,1
2481,Obstacle Collision,4551.34,-1.494,0,1,0
2482,Obstacle Collision,4552.36,-1.175,0,1,0
2483,Success,4554.48,-0.078,0,0,1
2484,Success,4556.13,-0.061,0,0,1
2485,Success,4558.57,-0.083,0,0,1
2486,Success,4560.45,-0.061,0,0,1
2487,Success,4563.18,-0.167,0,0,1
2488,Obstacle Collision,4566.87,-1.45,0,1,0
2489,Obstacle Collision,4571.9,-4.961,0,1,0
2490,Success,4573.21,-0.039,0,0,1
2491,Success,4574.43,-0.044,0,0,1
2492,Obstacle Collision,4576.63,-1.026,0,1,0
2493,Obstacle Collision,4578.04,-1.75,0,1,0
2494,Success,4580.39,-0.117,0,0,1
2495,Success,4582.41,-0.083,0,0,1
2496,Obstacle Collision,4583.83,-1.244,0,1,0
2497,Obstacle Collision,4585.19,-1.087,0,1,0
2498,Obstacle Collision,4586.96,-1.306,0,1,0
2499,Success,4589.08,-0.061,0,0,1
2500,Agent Collision,4589.94,-2.594,1,0,0
2501,Obstacle Collision,4591.07,-1.283,0,1,0
2502,Obstacle Collision,4592.77,-1.175,0,1,0
2503,Success,4596.28,-1.044,0,0,1
2504,Success,4597.6,-0.044,0,0,1
2505,Success,4599.47,-0.083,0,0,1
2506,Success,4601.72,-0.072,0,0,1
2507,Obstacle Collision,4602.5,-1.272,0,1,0
2508,Obstacle Collision,4604.43,-0.828,0,1,0
2509,Success,4606.28,-0.056,0,0,1
2510,Success,4608.78,-0.106,0,0,1
2511,Obstacle Collision,4611.8,-0.839,0,1,0
2512,Obstacle Collision,4612.59,-1.19,0,1,0
2513,Obstacle Collision,4613.27,-1.267,0,1,0
2514,Success,4615.98,-0.1,0,0,1
2515,Success,4620.04,-0.144,0,0,1
2516,Success,4622.68,-0.939,0,0,1
2517,Obstacle Collision,4623.59,-1.252,0,1,0
2518,Success,4626.14,-0.117,0,0,1
2519,Obstacle Collision,4628.25,-0.964,0,1,0
2520,Success,4629.01,-0.022,0,0,1
2521,Obstacle Collision,4631.9,-4.772,0,1,0
2522,Success,4633.97,-0.139,0,0,1
2523,Success,4635.67,-0.061,0,0,1
2524,Success,4636.68,-0.044,0,0,1
2525,Obstacle Collision,4638.62,-0.931,0,1,0
2526,Success,4641.14,-0.1,0,0,1
2527,Success,4642.45,-0.044,0,0,1
2528,Success,4643.93,-0.072,0,0,1
2529,Success,4647.18,-0.117,0,0,1
2530,Obstacle Collision,4647.83,-1.267,0,1,0
2531,Obstacle Collision,4650.11,-1.406,0,1,0
2532,Obstacle Collision,4651.23,-0.997,0,1,0
2533,Success,4653.41,-0.061,0,0,1
2534,Obstacle Collision,4654.8,-0.93,0,1,0
2535,Agent Collision,4656.64,-0.917,1,0,0
2536,Success,4659.4,-0.083,0,0,1
2537,Success,4662.15,-2.656,0,0,1
2538,Obstacle Collision,4664.69,-1.616,0,1,0
2539,Success,4667.06,-0.1,0,0,1
2540,Success,4669.52,-0.089,0,0,1
2541,Success,4671.41,-0.117,0,0,1
2542,Obstacle Collision,4674.53,-1.411,0,1,0
2543,Obstacle Collision,4676.72,-1.383,0,1,0
2544,Success,4677.64,-0.033,0,0,1
2545,Obstacle Collision,4679.04,-1.299,0,1,0
2546,Success,4680.53,-0.072,0,0,1
2547,Obstacle Collision,4681.99,-1.206,0,1,0
2548,Obstacle Collision,4683.15,-1.3,0,1,0
2549,Success,4685.53,-0.089,0,0,1
2550,Success,4688.08,-0.067,0,0,1
2551,Obstacle Collision,4689.0,-1.231,0,1,0
2552,Obstacle Collision,4691.95,-1.444,0,1,0
2553,Success,4694.03,-0.128,0,0,1
2554,Success,4696.28,-0.067,0,0,1
2555,Obstacle Collision,4697.32,-1.278,0,1,0
2556,Success,4699.15,-0.067,0,0,1
2557,Obstacle Collision,4699.81,-1.267,0,1,0
2558,Success,4701.97,-0.083,0,0,1
2559,Obstacle Collision,4702.65,-1.267,0,1,0
2560,Obstacle Collision,4704.05,-1.203,0,1,0
2561,Obstacle Collision,4705.76,-1.317,0,1,0
2562,Success,4708.95,-0.95,0,0,1
2563,Success,4710.18,-0.05,0,0,1
2564,Obstacle Collision,4711.76,-0.817,0,1,0
2565,Success,4714.81,-0.094,0,0,1
2566,Success,4717.3,-0.111,0,0,1
2567,Obstacle Collision,4719.91,-1.317,0,1,0
2568,Obstacle Collision,4720.34,-1.261,0,1,0
2569,Success,4721.48,-0.894,0,0,1
2570,Obstacle Collision,4723.23,-1.3,0,1,0
2571,Obstacle Collision,4723.78,-1.267,0,1,0
2572,Obstacle Collision,4724.57,-1.278,0,1,0
2573,Success,4726.58,-0.072,0,0,1
2574,Obstacle Collision,4727.77,-1.018,0,1,0
2575,Obstacle Collision,4729.14,-1.242,0,1,0
2576,Success,4731.92,-0.094,0,0,1
2577,Obstacle Collision,4732.92,-1.278,0,1,0
2578,Obstacle Collision,4733.98,-1.2,0,1,0
2579,Obstacle Collision,4734.6,-1.267,0,1,0
2580,Agent Collision,4736.16,-1.75,1,0,0
2581,Success,4738.36,-0.072,0,0,1
2582,Success,4740.3,-0.089,0,0,1
2583,Obstacle Collision,4740.73,-1.261,0,1,0
2584,Success,4742.11,-0.039,0,0,1
2585,Obstacle Collision,4744.33,-1.328,0,1,0
2586,Success,4746.47,-0.089,0,0,1
2587,Obstacle Collision,4749.48,-1.383,0,1,0
2588,Success,4751.52,-0.05,0,0,1
2589,Success,4752.77,-0.072,0,0,1
2590,Obstacle Collision,4755.66,-1.417,0,1,0
2591,Obstacle Collision,4756.89,-1.039,0,1,0
2592,Success,4758.69,-0.083,0,0,1
2593,Agent Collision,4761.35,-8.656,1,0,0
2594,Obstacle Collision,4763.09,-1.126,0,1,0
2595,Obstacle Collision,4764.71,-1.289,0,1,0
2596,Obstacle Collision,4766.42,-1.147,0,1,0
2597,Success,4768.48,-0.089,0,0,1
2598,Success,4769.64,-0.044,0,0,1
2599,Obstacle Collision,4770.07,-1.261,0,1,0
2600,Success,4772.55,-0.089,0,0,1
2601,Obstacle Collision,4774.92,-1.333,0,1,0
2602,Success,4776.88,-0.083,0,0,1
2603,Success,4779.26,-0.978,0,0,1
2604,Obstacle Collision,4781.12,-1.092,0,1,0
2605,Success,4783.94,-3.522,0,0,1
2606,Obstacle Collision,4784.75,-1.231,0,1,0
2607,Success,4786.38,-0.083,0,0,1
2608,Success,4788.0,-0.056,0,0,1
2609,Success,4789.79,-0.072,0,0,1
2610,Success,4792.56,-0.122,0,0,1
2611,Success,4793.94,-0.056,0,0,1
2612,Success,4795.17,-0.039,0,0,1
2613,Obstacle Collision,4796.52,-1.283,0,1,0
2614,Success,4798.58,-0.089,0,0,1
2615,Obstacle Collision,4799.36,-1.231,0,1,0
2616,Success,4802.17,-0.1,0,0,1
2617,Success,4804.35,-0.072,0,0,1
2618,Obstacle Collision,4805.62,-1.289,0,1,0
2619,Success,4807.11,-0.056,0,0,1
2620,Obstacle Collision,4808.97,-1.317,0,1,0
2621,Obstacle Collision,4809.58,-1.225,0,1,0
2622,Success,4811.73,-0.928,0,0,1
2623,Obstacle Collision,4812.67,-1.272,0,1,0
2624,Success,4814.67,-3.517,0,0,1
2625,Success,4816.4,-0.056,0,0,1
2626,Success,4818.85,-0.928,0,0,1
2627,Success,4821.13,-3.479,0,0,1
2628,Obstacle Collision,4823.13,-1.317,0,1,0
2629,Success,4824.6,-0.05,0,0,1
2630,Obstacle Collision,4826.22,-1.294,0,1,0
2631,Success,4827.29,-1.75,0,0,1
2632,Obstacle Collision,4827.49,-1.256,0,1,0
2633,Success,4828.71,-0.039,0,0,1
2634,Success,4830.86,-0.067,0,0,1
2635,Agent Collision,4831.73,-3.444,1,0,0
2636,Obstacle Collision,4833.24,-0.844,0,1,0
2637,Obstacle Collision,4834.62,-1.187,0,1,0
2638,Success,4835.63,-0.044,0,0,1
2639,Success,4837.7,-0.061,0,0,1
2640,Success,4839.66,-0.078,0,0,1
2641,Success,4841.01,-0.056,0,0,1
2642,Success,4842.82,-0.094,0,0,1
2643,Success,4844.07,-0.039,0,0,1
2644,Success,4845.88,-0.061,0,0,1
2645,Success,4848.49,-0.078,0,0,1
2646,Obstacle Collision,4851.92,-1.822,0,1,0
2647,Success,4853.95,-0.061,0,0,1
2648,Success,4856.41,-0.078,0,0,1
2649,Obstacle Collision,4857.67,-1.289,0,1,0
2650,Success,4858.96,-0.05,0,0,1
2651,Success,4860.72,-0.05,0,0,1
2652,Success,4865.07,-4.45,0,0,1
2653,Success,4866.38,-0.044,0,0,1
2654,Success,4868.81,-0.067,0,0,1
2655,Obstacle Collision,4874.46,-1.633,0,1,0
2656,Obstacle Collision,4878.51,-2.261,0,1,0
2657,Obstacle Collision,4879.76,-1.283,0,1,0
2658,Success,4882.56,-2.661,0,0,1
2659,Obstacle Collision,4883.95,-1.043,0,1,0
2660,Success,4885.36,-0.05,0,0,1
2661,Success,4887.34,-0.083,0,0,1
2662,Obstacle Collision,4888.43,-1.283,0,1,0
2663,Success,4890.21,-2.622,0,0,1
2664,Success,4891.82,-0.083,0,0,1
2665,Obstacle Collision,4892.5,-1.267,0,1,0
2666,Obstacle Collision,4894.16,-1.344,0,1,0
2667,Success,4896.33,-0.061,0,0,1
2668,Obstacle Collision,4897.07,-1.27,0,1,0
2669,Obstacle Collision,4898.93,-1.294,0,1,0
2670,Success,4900.72,-0.05,0,0,1
2671,Obstacle Collision,4903.66,-1.394,0,1,0
2672,Success,4907.74,-1.642,0,0,1
2673,Success,4909.86,-0.083,0,0,1
2674,Success,4911.03,-0.044,0,0,1
2675,Success,4912.82,-0.061,0,0,1
2676,Obstacle Collision,4913.73,-1.272,0,1,0
2677,Obstacle Collision,4915.11,-1.102,0,1,0
2678,Success,4915.95,-0.022,0,0,1
2679,Success,4918.22,-0.083,0,0,1
2680,Obstacle Collision,4919.7,-1.289,0,1,0
2681,Obstacle Collision,4921.72,-1.0,0,1,0
2682,Success,4924.48,-0.144,0,0,1
2683,Success,4926.51,-0.089,0,0,1
2684,Success,4927.91,-0.044,0,0,1
2685,Success,4929.25,-0.056,0,0,1
2686,Success,4931.34,-0.067,0,0,1
2687,Success,4932.66,-0.039,0,0,1
2688,Obstacle Collision,4934.01,-1.283,0,1,0
2689,Success,4935.17,-0.039,0,0,1
2690,Obstacle Collision,4937.23,-1.372,0,1,0
2691,Success,4940.19,-1.794,0,0,1
2692,Success,4941.58,-0.05,0,0,1
2693,Success,4943.36,-0.094,0,0,1
2694,Success,4946.76,-0.978,0,0,1
2695,Success,4948.53,-0.061,0,0,1
2696,Success,4950.46,-0.917,0,0,1
2697,Obstacle Collision,4952.57,-1.317,0,1,0
2698,Obstacle Collision,4954.22,-1.35,0,1,0
2699,Success,4955.71,-0.061,0,0,1
2700,Obstacle Collision,4958.02,-0.901,0,1,0
2701,Success,4960.53,-0.072,0,0,1
2702,Success,4962.95,-0.933,0,0,1
2703,Success,4965.19,-1.822,0,0,1
2704,Obstacle Collision,4967.43,-1.383,0,1,0
2705,Obstacle Collision,4968.6,-1.278,0,1,0
2706,Obstacle Collision,4969.43,-1.189,0,1,0
2707,Success,4970.73,-0.061,0,0,1
2708,Obstacle Collision,4972.18,-1.294,0,1,0
2709,Success,4974.31,-0.094,0,0,1
2710,Success,4977.14,-0.078,0,0,1
2711,Success,4980.7,-0.217,0,0,1
2712,Success,4981.8,-0.9,0,0,1
2713,Success,4983.74,-0.067,0,0,1
2714,Obstacle Collision,4984.95,-1.138,0,1,0
2715,Obstacle Collision,4987.1,-1.011,0,1,0
2716,Success,4988.33,-0.044,0,0,1
2717,Success,4990.43,-0.083,0,0,1
2718,Success,4991.36,-0.033,0,0,1
2719,Success,4992.12,-0.028,0,0,1
2720,Success,4993.53,-2.606,0,0,1
2721,Success,4995.57,-0.067,0,0,1
2722,Success,4996.7,-0.033,0,0,1
2723,Success,4999.15,-0.967,0,0,1
2724,Success,5001.0,-0.072,0,0,1
2725,Obstacle Collision,5001.44,-1.261,0,1,0
2726,Obstacle Collision,5003.32,-1.306,0,1,0
2727,Success,5005.89,-1.8,0,0,1
2728,Obstacle Collision,5007.2,-2.885,0,1,0
2729,Obstacle Collision,5010.36,-1.356,0,1,0
2730,Success,5011.75,-0.044,0,0,1
2731,Timeout,5018.27,-0.6,0,0,0
2732,Success,5019.37,-0.05,0,0,1
2733,Success,5020.71,-0.061,0,0,1
2734,Success,5021.96,-0.05,0,0,1
2735,Success,5024.37,-0.078,0,0,1
2736,Success,5026.39,-0.05,0,0,1
2737,Obstacle Collision,5028.16,-1.234,0,1,0
2738,Success,5030.67,-1.8,0,0,1
2739,Success,5031.84,-0.039,0,0,1
2740,Success,5034.22,-0.067,0,0,1
2741,Success,5035.4,-0.05,0,0,1
2742,Obstacle Collision,5037.54,-1.281,0,1,0
2743,Success,5038.95,-0.056,0,0,1
2744,Success,5042.8,-8.622,0,0,1
2745,Obstacle Collision,5047.42,-1.6,0,1,0
2746,Obstacle Collision,5048.71,-1.283,0,1,0
2747,Obstacle Collision,5051.45,-1.114,0,1,0
2748,Obstacle Collision,5053.0,-1.306,0,1,0
2749,Obstacle Collision,5058.25,-1.539,0,1,0
2750,Obstacle Collision,5062.05,-3.239,0,1,0
2751,Obstacle Collision,5067.25,-2.472,0,1,0
2752,Obstacle Collision,5069.69,-1.411,0,1,0
2753,Obstacle Collision,5071.18,-1.289,0,1,0
2754,Success,5072.81,-0.05,0,0,1
2755,Obstacle Collision,5075.73,-1.367,0,1,0
2756,Success,5077.44,-0.044,0,0,1
2757,Success,5078.47,-0.044,0,0,1
2758,Success,5080.27,-0.072,0,0,1
2759,Success,5082.47,-0.083,0,0,1
2760,Success,5084.69,-0.083,0,0,1
2761,Success,5087.47,-0.106,0,0,1
2762,Success,5089.72,-0.061,0,0,1
2763,Obstacle Collision,5091.39,-3.467,0,1,0
2764,Success,5093.42,-0.061,0,0,1
2765,Success,5094.58,-0.889,0,0,1
2766,Success,5096.99,-0.094,0,0,1
2767,Success,5100.35,-5.25,0,0,1
2768,Success,5102.78,-0.078,0,0,1
2769,Success,5105.06,-0.083,0,0,1
2770,Obstacle Collision,5107.06,-1.35,0,1,0
2771,Success,5109.31,-0.083,0,0,1
2772,Success,5111.79,-0.083,0,0,1
2773,Success,5115.03,-0.133,0,0,1
2774,Success,5117.25,-0.083,0,0,1
2775,Success,5119.48,-0.094,0,0,1
2776,Obstacle Collision,5120.36,-1.272,0,1,0
2777,Success,5122.95,-0.083,0,0,1
2778,Success,5125.0,-0.094,0,0,1
2779,Obstacle Collision,5125.9,-1.272,0,1,0
2780,Obstacle Collision,5128.25,-2.034,0,1,0
2781,Success,5130.43,-0.928,0,0,1
2782,Success,5133.31,-0.956,0,0,1
2783,Success,5135.16,-1.783,0,0,1
2784,Obstacle Collision,5136.67,-1.003,0,1,0
2785,Success,5138.49,-0.072,0,0,1
2786,Success,5140.31,-0.056,0,0,1
2787,Success,5142.65,-0.072,0,0,1
2788,Obstacle Collision,5144.7,-1.3,0,1,0
2789,Success,5147.32,-0.078,0,0,1
2790,Success,5149.05,-0.083,0,0,1
2791,Obstacle Collision,5150.8,-1.994,0,1,0
2792,Obstacle Collision,5151.9,-2.133,0,1,0
2793,Obstacle Collision,5152.34,-1.261,0,1,0
2794,Success,5154.85,-0.933,0,0,1
2795,Obstacle Collision,5156.46,-3.872,0,1,0
2796,Obstacle Collision,5158.2,-1.056,0,1,0
2797,Success,5159.98,-0.094,0,0,1
2798,Success,5161.55,-0.044,0,0,1
2799,Success,5163.26,-0.05,0,0,1
2800,Obstacle Collision,5164.31,-2.965,0,1,0
2801,Success,5166.99,-0.106,0,0,1
2802,Obstacle Collision,5167.41,-1.261,0,1,0
2803,Success,5168.87,-0.056,0,0,1
2804,Obstacle Collision,5171.27,-1.311,0,1,0
2805,Agent Collision,5173.24,-0.911,1,0,0
2806,Obstacle Collision,5174.16,-1.244,0,1,0
2807,Success,5176.93,-0.083,0,0,1
2808,Success,5179.03,-3.478,0,0,1
2809,Success,5182.09,-0.106,0,0,1
2810,Obstacle Collision,5182.65,-1.267,0,1,0
2811,Success,5185.02,-0.067,0,0,1
2812,Obstacle Collision,5187.74,-1.378,0,1,0
2813,Obstacle Collision,5189.69,-1.333,0,1,0
2814,Success,5190.52,-0.028,0,0,1
2815,Agent Collision,5191.44,-4.317,1,0,0
2816,Obstacle Collision,5194.34,-2.272,0,1,0
2817,Success,5196.13,-0.067,0,0,1
2818,Obstacle Collision,5197.21,-1.117,0,1,0
2819,Success,5199.26,-0.067,0,0,1
2820,Success,5200.73,-0.05,0,0,1
2821,Obstacle Collision,5203.0,-1.317,0,1,0
2822,Success,5204.96,-0.067,0,0,1
2823,Obstacle Collision,5206.21,-1.283,0,1,0
2824,Success,5209.69,-0.094,0,0,1
2825,Obstacle Collision,5210.85,-1.188,0,1,0
2826,Obstacle Collision,5213.68,-2.644,0,1,0
2827,Success,5215.41,-1.767,0,0,1
2828,Success,5217.34,-0.117,0,0,1
2829,Success,5218.49,-0.05,0,0,1
2830,Success,5220.16,-0.05,0,0,1
2831,Success,5221.69,-0.044,0,0,1
2832,Obstacle Collision,5223.22,-1.294,0,1,0
2833,Success,5225.44,-0.111,0,0,1
2834,Obstacle Collision,5226.46,-1.194,0,1,0
2835,Success,5228.49,-0.056,0,0,1
2836,Obstacle Collision,5229.51,-1.207,0,1,0
2837,Success,5231.58,-0.072,0,0,1
2838,Obstacle Collision,5233.51,-1.863,0,1,0
2839,Success,5236.24,-1.883,0,0,1
2840,Obstacle Collision,5238.41,-0.994,0,1,0
2841,Success,5240.65,-0.133,0,0,1
2842,Obstacle Collision,5244.47,-1.567,0,1,0
2843,Obstacle Collision,5245.28,-1.164,0,1,0
2844,Obstacle Collision,5247.37,-0.972,0,1,0
2845,Obstacle Collision,5248.48,-1.278,0,1,0
2846,Success,5250.11,-0.056,0,0,1
2847,Success,5250.86,-0.028,0,0,1
2848,Success,5252.35,-0.072,0,0,1
2849,Success,5254.05,-0.056,0,0,1
2850,Obstacle Collision,5255.66,-0.979,0,1,0
2851,Obstacle Collision,5257.9,-1.367,0,1,0
2852,Success,5259.52,-0.056,0,0,1
2853,Success,5261.67,-2.672,0,0,1
2854,Obstacle Collision,5263.48,-1.271,0,1,0
2855,Success,5265.36,-0.083,0,0,1
2856,Success,5266.9,-0.05,0,0,1
2857,Success,5268.83,-0.061,0,0,1
2858,Obstacle Collision,5270.37,-1.253,0,1,0
2859,Obstacle Collision,5271.73,-5.167,0,1,0
2860,Success,5273.96,-0.072,0,0,1
2861,Success,5275.74,-0.061,0,0,1
2862,Success,5278.2,-0.067,0,0,1
2863,Obstacle Collision,5280.71,-1.35,0,1,0
2864,Success,5282.34,-0.067,0,0,1
2865,Obstacle Collision,5284.04,-1.311,0,1,0
2866,Obstacle Collision,5286.68,-3.056,0,1,0
2867,Obstacle Collision,5287.95,-1.025,0,1,0
2868,Obstacle Collision,5289.9,-1.328,0,1,0
2869,Success,5291.16,-0.05,0,0,1
2870,Success,5293.23,-0.072,0,0,1
2871,Success,5295.59,-0.928,0,0,1
2872,Success,5298.52,-0.078,0,0,1
2873,Success,5300.17,-0.056,0,0,1
2874,Success,5302.03,-0.056,0,0,1
2875,Obstacle Collision,5303.99,-6.039,0,1,0
2876,Success,5305.67,-0.094,0,0,1
2877,Obstacle Collision,5307.77,-1.344,0,1,0
2878,Success,5309.09,-0.039,0,0,1
2879,Success,5311.32,-0.111,0,0,1
2880,Obstacle Collision,5312.68,-1.294,0,1,0
2881,Obstacle Collision,5313.35,-2.583,0,1,0
2882,Obstacle Collision,5315.02,-3.497,0,1,0
2883,Success,5316.5,-0.061,0,0,1
2884,Success,5318.37,-0.067,0,0,1
2885,Success,5322.24,-0.122,0,0,1
2886,Success,5325.16,-0.106,0,0,1
2887,Success,5326.25,-0.039,0,0,1
2888,Obstacle Collision,5327.24,-1.117,0,1,0
2889,Success,5328.74,-0.061,0,0,1
2890,Success,5330.82,-0.056,0,0,1
2891,Success,5333.6,-0.067,0,0,1
2892,Success,5335.03,-0.05,0,0,1
2893,Obstacle Collision,5336.96,-1.275,0,1,0
2894,Success,5338.34,-0.056,0,0,1
2895,Obstacle Collision,5339.42,-1.278,0,1,0
2896,Success,5342.37,-0.144,0,0,1
2897,Success,5344.01,-0.083,0,0,1
2898,Success,5345.89,-0.094,0,0,1
2899,Success,5347.83,-0.072,0,0,1
2900,Success,5349.33,-0.061,0,0,1
2901,Obstacle Collision,5351.02,-0.931,0,1,0
2902,Obstacle Collision,5352.97,-1.311,0,1,0
2903,Success,5356.14,-0.178,0,0,1
2904,Success,5359.08,-0.139,0,0,1
2905,Agent Collision,5360.03,-0.883,1,0,0
2906,Success,5360.87,-0.039,0,0,1
2907,Success,5361.96,-0.05,0,0,1
2908,Obstacle Collision,5363.15,-1.289,0,1,0
2909,Success,5366.07,-0.15,0,0,1
2910,Success,5367.65,-0.05,0,0,1
2911,Obstacle Collision,5370.59,-1.328,0,1,0
2912,Success,5373.19,-0.128,0,0,1
2913,Success,5376.17,-0.167,0,0,1
2914,Obstacle Collision,5376.83,-1.267,0,1,0
2915,Success,5378.86,-0.067,0,0,1
2916,Obstacle Collision,5379.7,-1.231,0,1,0
2917,Obstacle Collision,5382.1,-1.317,0,1,0
2918,Obstacle Collision,5382.54,-1.261,0,1,0
2919,Obstacle Collision,5383.82,-1.283,0,1,0
2920,Obstacle Collision,5386.6,-1.417,0,1,0
2921,Success,5388.62,-0.928,0,0,1
2922,Success,5392.07,-0.139,0,0,1
2923,Success,5394.49,-0.122,0,0,1
2924,Success,5396.44,-0.067,0,0,1
2925,Obstacle Collision,5397.44,-0.853,0,1,0
2926,Success,5401.17,-0.15,0,0,1
2927,Success,5404.0,-0.956,0,0,1
2928,Success,5405.61,-0.111,0,0,1
2929,Obstacle Collision,5407.49,-1.311,0,1,0
2930,Obstacle Collision,5409.54,-1.125,0,1,0
2931,Obstacle Collision,5410.21,-1.267,0,1,0
2932,Obstacle Collision,5411.41,-1.103,0,1,0
2933,Success,5412.97,-0.067,0,0,1
2934,Success,5415.15,-0.078,0,0,1
2935,Obstacle Collision,5417.51,-8.157,0,1,0
2936,Obstacle Collision,5418.71,-1.039,0,1,0
2937,Obstacle Collision,5420.84,-1.162,0,1,0
2938,Success,5423.1,-0.928,0,0,1
2939,Success,5424.97,-0.067,0,0,1
2940,Obstacle Collision,5426.19,-1.283,0,1,0
2941,Obstacle Collision,5426.88,-1.267,0,1,0
2942,Success,5427.89,-0.033,0,0,1
2943,Success,5429.68,-0.056,0,0,1
2944,Success,5432.67,-0.1,0,0,1
2945,Success,5433.98,-0.033,0,0,1
2946,Obstacle Collision,5436.3,-1.356,0,1,0
2947,Success,5438.08,-0.05,0,0,1
2948,Success,5439.85,-0.067,0,0,1
2949,Success,5441.24,-0.044,0,0,1
2950,Obstacle Collision,5443.35,-6.4,0,1,0
2951,Success,5444.44,-0.044,0,0,1
2952,Success,5446.56,-0.922,0,0,1
2953,Obstacle Collision,5448.14,-0.986,0,1,0
2954,Obstacle Collision,5449.51,-1.283,0,1,0
2955,Success,5451.99,-0.094,0,0,1
2956,Obstacle Collision,5454.35,-1.317,0,1,0
2957,Success,5456.66,-0.939,0,0,1
2958,Success,5458.21,-0.083,0,0,1
2959,Obstacle Collision,5458.95,-1.272,0,1,0
2960,Obstacle Collision,5460.97,-1.196,0,1,0
2961,Success,5464.09,-0.089,0,0,1
2962,Success,5465.69,-0.061,0,0,1
2963,Obstacle Collision,5467.49,-1.181,0,1,0
2964,Success,5469.05,-0.083,0,0,1
2965,Success,5470.52,-0.061,0,0,1
2966,Success,5472.31,-0.078,0,0,1
2967,Obstacle Collision,5474.13,-1.294,0,1,0
2968,Success,5475.61,-0.056,0,0,1
2969,Success,5477.04,-0.072,0,0,1
2970,Success,5479.48,-0.933,0,0,1
2971,Success,5482.03,-0.078,0,0,1
2972,Obstacle Collision,5483.0,-1.225,0,1,0
2973,Obstacle Collision,5485.45,-1.322,0,1,0
2974,Obstacle Collision,5486.94,-1.289,0,1,0
2975,Obstacle Collision,5488.45,-1.311,0,1,0
2976,Success,5489.61,-0.044,0,0,1
2977,Obstacle Collision,5490.46,-1.16,0,1,0
2978,Success,5492.63,-0.067,0,0,1
2979,Success,5493.69,-0.033,0,0,1
2980,Success,5495.48,-0.917,0,0,1
2981,Obstacle Collision,5496.8,-1.283,0,1,0
2982,Success,5499.82,-0.939,0,0,1
2983,Success,5502.37,-0.072,0,0,1
2984,Success,5505.22,-0.106,0,0,1
2985,Success,5507.07,-0.056,0,0,1
2986,Obstacle Collision,5509.86,-6.494,0,1,0
2987,Success,5511.9,-0.056,0,0,1
2988,Obstacle Collision,5513.04,-1.195,0,1,0
2989,Obstacle Collision,5513.48,-1.261,0,1,0
2990,Obstacle Collision,5515.2,-1.3,0,1,0
2991,Success,5517.04,-0.061,0,0,1
2992,Success,5519.05,-0.089,0,0,1
2993,Obstacle Collision,5520.32,-1.292,0,1,0
2994,Success,5521.63,-0.067,0,0,1
2995,Obstacle Collision,5522.52,-1.271,0,1,0
2996,Success,5525.25,-0.117,0,0,1
2997,Obstacle Collision,5529.92,-1.606,0,1,0
2998,Obstacle Collision,5533.14,-1.35,0,1,0
2999,Obstacle Collision,5533.73,-1.184,0,1,0
3000,Obstacle Collision,5536.53,-3.928,0,1,0
3001,Success,5538.23,-0.906,0,0,1
3002,Obstacle Collision,5539.04,-1.231,0,1,0
3003,Obstacle Collision,5540.73,-1.233,0,1,0
3004,Success,5543.24,-0.094,0,0,1
3005,Obstacle Collision,5544.79,-1.133,0,1,0
3006,Success,5546.67,-0.061,0,0,1
3007,Success,5547.99,-0.044,0,0,1
3008,Success,5549.4,-1.778,0,0,1
3009,Success,5550.48,-0.033,0,0,1
3010,Success,5553.2,-0.944,0,0,1
3011,Success,5554.67,-0.05,0,0,1
3012,Success,5555.66,-0.039,0,0,1
3013,Success,5557.28,-0.061,0,0,1
3014,Success,5558.52,-0.061,0,0,1
3015,Obstacle Collision,5559.17,-1.225,0,1,0
3016,Success,5561.26,-0.067,0,0,1
3017,Obstacle Collision,5561.85,-1.267,0,1,0
3018,Obstacle Collision,5563.75,-2.031,0,1,0
3019,Success,5565.38,-0.044,0,0,1
3020,Obstacle Collision,5567.42,-1.307,0,1,0
3021,Obstacle Collision,5567.86,-1.261,0,1,0
3022,Obstacle Collision,5569.7,-1.356,0,1,0
3023,Obstacle Collision,5572.97,-1.367,0,1,0
3024,Success,5574.74,-0.061,0,0,1
3025,Success,5578.65,-4.178,0,0,1
3026,Obstacle Collision,5579.39,-1.272,0,1,0
3027,Success,5581.95,-0.072,0,0,1
3028,Success,5584.06,-0.072,0,0,1
3029,Success,5586.98,-1.8,0,0,1
3030,Success,5590.05,-0.094,0,0,1
3031,Success,5591.81,-0.056,0,0,1
3032,Obstacle Collision,5592.23,-1.261,0,1,0
3033,Obstacle Collision,5593.44,-1.283,0,1,0
3034,Success,5594.58,-0.039,0,0,1
3035,Success,5596.11,-0.039,0,0,1
3036,Success,5597.76,-0.044,0,0,1
3037,Success,5599.42,-0.061,0,0,1
3038,Obstacle Collision,5601.01,-1.289,0,1,0
3039,Success,5602.57,-0.05,0,0,1
3040,Success,5603.89,-0.067,0,0,1
3041,Obstacle Collision,5604.33,-1.261,0,1,0
3042,Obstacle Collision,5605.41,-1.278,0,1,0
3043,Obstacle Collision,5606.71,-1.222,0,1,0
3044,Success,5608.1,-1.772,0,0,1
3045,Obstacle Collision,5608.98,-1.272,0,1,0
3046,Success,5611.14,-0.922,0,0,1
3047,Obstacle Collision,5612.3,-1.087,0,1,0
3048,Obstacle Collision,5613.46,-1.278,0,1,0
3049,Success,5616.69,-0.172,0,0,1
3050,Success,5618.35,-0.067,0,0,1
3051,Success,5619.67,-0.039,0,0,1
3052,Success,5622.92,-0.106,0,0,1
3053,Obstacle Collision,5623.78,-1.272,0,1,0
3054,Success,5625.9,-0.094,0,0,1
3055,Success,5628.9,-0.95,0,0,1
3056,Obstacle Collision,5630.26,-1.191,0,1,0
3057,Success,5631.36,-0.05,0,0,1
3058,Obstacle Collision,5633.36,-1.367,0,1,0
3059,Success,5636.17,-0.1,0,0,1
3060,Obstacle Collision,5637.29,-1.207,0,1,0
3061,Success,5639.03,-0.05,0,0,1
3062,Obstacle Collision,5640.27,-1.289,0,1,0
3063,Obstacle Collision,5642.15,-1.294,0,1,0
3064,Obstacle Collision,5643.38,-1.289,0,1,0
3065,Agent Collision,5644.87,-1.761,1,0,0
3066,Agent Collision,5647.4,-12.056,1,0,0
3067,Obstacle Collision,5649.04,-1.311,0,1,0
3068,Success,5651.47,-0.117,0,0,1
3069,Success,5652.76,-0.039,0,0,1
3070,Success,5654.47,-0.083,0,0,1
3071,Obstacle Collision,5655.51,-1.232,0,1,0
3072,Success,5656.59,-0.039,0,0,1
3073,Success,5660.86,-0.128,0,0,1
3074,Obstacle Collision,5661.89,-1.289,0,1,0
3075,Success,5665.24,-3.544,0,0,1
3076,Success,5666.97,-0.15,0,0,1
3077,Success,5669.52,-0.106,0,0,1
3078,Success,5670.26,-0.022,0,0,1
3079,Success,5671.24,-0.039,0,0,1
3080,Obstacle Collision,5672.87,-1.123,0,1,0
3081,Obstacle Collision,5675.08,-1.378,0,1,0
3082,Obstacle Collision,5677.12,-1.333,0,1,0
3083,Obstacle Collision,5681.02,-1.517,0,1,0
3084,Success,5683.56,-1.828,0,0,1
3085,Timeout,5689.9,-0.6,0,0,0
3086,Success,5691.31,-0.044,0,0,1
3087,Obstacle Collision,5691.76,-1.261,0,1,0
3088,Success,5693.27,-0.067,0,0,1
3089,Obstacle Collision,5696.27,-5.6,0,1,0
3090,Obstacle Collision,5698.17,-1.306,0,1,0
3091,Obstacle Collision,5702.39,-1.389,0,1,0
3092,Success,5703.39,-0.039,0,0,1
3093,Success,5705.91,-0.956,0,0,1
3094,Obstacle Collision,5706.55,-1.226,0,1,0
3095,Obstacle Collision,5707.68,-1.278,0,1,0
3096,Obstacle Collision,5708.96,-1.283,0,1,0
3097,Success,5710.53,-0.05,0,0,1
3098,Success,5711.8,-0.056,0,0,1
3099,Success,5714.57,-0.961,0,0,1
3100,Success,5716.47,-0.922,0,0,1
3101,Obstacle Collision,5718.32,-1.311,0,1,0
3102,Agent Collision,5721.02,-0.907,1,0,0
3103,Success,5722.42,-0.05,0,0,1
3104,Obstacle Collision,5723.89,-1.367,0,1,0
3105,Obstacle Collision,5724.96,-2.133,0,1,0
3106,Success,5725.81,-0.028,0,0,1
3107,Obstacle Collision,5727.23,-1.328,0,1,0
3108,Obstacle Collision,5727.9,-1.267,0,1,0
3109,Success,5730.13,-0.067,0,0,1
3110,Success,5733.06,-0.167,0,0,1
3111,Success,5735.17,-0.078,0,0,1
3112,Obstacle Collision,5736.67,-4.317,0,1,0
3113,Success,5738.92,-0.922,0,0,1
3114,Success,5740.4,-0.044,0,0,1
3115,Success,5741.96,-1.756,0,0,1
3116,Obstacle Collision,5743.19,-1.075,0,1,0
3117,Obstacle Collision,5746.22,-1.361,0,1,0
3118,Obstacle Collision,5747.11,-1.159,0,1,0
3119,Obstacle Collision,5748.9,-1.236,0,1,0
3120,Success,5751.02,-0.056,0,0,1
3121,Success,5753.56,-0.111,0,0,1
3122,Success,5755.53,-0.067,0,0,1
3123,Success,5756.92,-0.067,0,0,1
3124,Success,5757.94,-0.05,0,0,1
3125,Success,5760.59,-0.078,0,0,1
3126,Success,5763.37,-0.044,0,0,1
3127,Success,5769.2,-0.078,0,0,1
3128,Obstacle Collision,5770.62,-1.294,0,1,0
3129,Success,5772.27,-0.056,0,0,1
3130,Obstacle Collision,5773.19,-1.27,0,1,0
3131,Success,5775.55,-0.078,0,0,1
3132,Obstacle Collision,5778.55,-1.331,0,1,0
3133,Success,5779.15,-0.022,0,0,1
3134,Obstacle Collision,5780.58,-1.3,0,1,0
3135,Success,5783.08,-0.067,0,0,1
3136,Obstacle Collision,5784.78,-0.894,0,1,0
3137,Obstacle Collision,5786.94,-1.165,0,1,0
3138,Obstacle Collision,5789.48,-3.072,0,1,0
3139,Obstacle Collision,5789.93,-1.261,0,1,0
3140,Obstacle Collision,5792.24,-1.129,0,1,0
3141,Success,5793.49,-0.05,0,0,1
3142,Success,5795.38,-0.1,0,0,1
3143,Obstacle Collision,5796.05,-1.267,0,1,0
3144,Success,5797.45,-0.056,0,0,1
3145,Obstacle Collision,5797.89,-1.261,0,1,0
3146,Success,5799.78,-0.083,0,0,1
3147,Success,5801.67,-0.072,0,0,1
3148,Obstacle Collision,5803.7,-1.322,0,1,0
3149,Success,5805.86,-0.067,0,0,1
3150,Obstacle Collision,5807.08,-1.212,0,1,0
3151,Obstacle Collision,5808.43,-1.159,0,1,0
3152,Obstacle Collision,5809.53,-1.283,0,1,0
3153,Success,5811.11,-0.072,0,0,1
3154,Obstacle Collision,5812.1,-1.278,0,1,0
3155,Obstacle Collision,5813.49,-1.289,0,1,0
3156,Success,5815.72,-0.083,0,0,1
3157,Obstacle Collision,5817.53,-1.133,0,1,0
3158,Success,5819.4,-0.072,0,0,1
3159,Success,5820.88,-0.067,0,0,1
3160,Success,5823.4,-0.117,0,0,1
3161,Success,5825.11,-0.067,0,0,1
3162,Success,5827.05,-0.056,0,0,1
3163,Obstacle Collision,5827.98,-1.274,0,1,0
3164,Success,5829.92,-0.061,0,0,1
3165,Success,5830.84,-0.039,0,0,1
3166,Success,5833.43,-0.117,0,0,1
3167,Obstacle Collision,5834.99,-1.289,0,1,0
3168,Success,5837.73,-0.094,0,0,1
3169,Success,5839.75,-0.072,0,0,1
3170,Obstacle Collision,5842.71,-1.489,0,1,0
3171,Obstacle Collision,5843.83,-1.278,0,1,0
3172,Success,5845.56,-0.072,0,0,1
3173,Success,5847.06,-0.078,0,0,1
3174,Obstacle Collision,5848.4,-1.283,0,1,0
3175,Obstacle Collision,5850.29,-1.311,0,1,0
3176,Success,5851.75,-0.05,0,0,1
3177,Obstacle Collision,5852.91,-1.278,0,1,0
3178,Agent Collision,5855.65,-3.511,1,0,0
3179,Success,5857.19,-0.906,0,0,1
3180,Success,5859.41,-0.939,0,0,1
3181,Obstacle Collision,5860.56,-1.075,0,1,0
3182,Success,5862.98,-0.078,0,0,1
3183,Obstacle Collision,5864.05,-1.278,0,1,0
3184,Obstacle Collision,5864.73,-1.267,0,1,0
3185,Success,5867.24,-0.089,0,0,1
3186,Obstacle Collision,5868.43,-1.283,0,1,0
3187,Obstacle Collision,5869.74,-1.117,0,1,0
3188,Success,5871.93,-0.061,0,0,1
3189,Obstacle Collision,5873.54,-1.025,0,1,0
3190,Obstacle Collision,5874.7,-1.122,0,1,0
3191,Success,5878.52,-0.122,0,0,1
3192,Obstacle Collision,5880.37,-1.344,0,1,0
3193,Success,5881.77,-0.061,0,0,1
3194,Obstacle Collision,5882.7,-1.272,0,1,0
3195,Success,5885.77,-0.1,0,0,1
3196,Obstacle Collision,5887.53,-1.134,0,1,0
3197,Obstacle Collision,5890.7,-1.85,0,1,0
3198,Success,5892.47,-0.061,0,0,1
3199,Success,5894.92,-1.778,0,0,1
3200,Success,5898.15,-1.033,0,0,1
3201,Obstacle Collision,5898.81,-1.225,0,1,0
3202,Obstacle Collision,5900.08,-1.283,0,1,0
3203,Obstacle Collision,5901.18,-1.283,0,1,0
3204,Obstacle Collision,5902.08,-1.272,0,1,0
3205,Success,5904.59,-0.089,0,0,1
3206,Obstacle Collision,5907.04,-1.322,0,1,0
3207,Obstacle Collision,5908.86,-1.005,0,1,0
3208,Success,5910.64,-0.056,0,0,1
3209,Obstacle Collision,5911.28,-1.225,0,1,0
3210,Success,5913.89,-0.078,0,0,1
3211,Obstacle Collision,5915.06,-1.278,0,1,0
3212,Success,5917.67,-0.083,0,0,1
3213,Success,5920.42,-0.106,0,0,1
3214,Success,5922.15,-0.061,0,0,1
3215,Success,5923.81,-0.078,0,0,1
3216,Success,5926.66,-0.089,0,0,1
3217,Obstacle Collision,5929.58,-0.975,0,1,0
3218,Success,5931.21,-0.106,0,0,1
3219,Obstacle Collision,5933.18,-1.3,0,1,0
3220,Obstacle Collision,5936.05,-2.256,0,1,0
3221,Success,5938.75,-4.356,0,0,1
3222,Success,5940.31,-0.05,0,0,1
3223,Success,5942.23,-0.067,0,0,1
3224,Obstacle Collision,5945.92,-1.422,0,1,0
3225,Success,5948.58,-0.072,0,0,1
3226,Obstacle Collision,5949.47,-1.272,0,1,0
3227,Obstacle Collision,5950.64,-1.046,0,1,0
3228,Success,5952.59,-0.056,0,0,1
3229,Obstacle Collision,5956.26,-1.01,0,1,0
3230,Success,5958.93,-0.078,0,0,1
3231,Success,5960.34,-0.05,0,0,1
3232,Obstacle Collision,5960.97,-1.267,0,1,0
3233,Success,5962.54,-0.061,0,0,1
3234,Success,5965.06,-5.211,0,0,1
3235,Obstacle Collision,5966.6,-3.818,0,1,0
3236,Obstacle Collision,5967.33,-2.09,0,1,0
3237,Success,5968.23,-0.028,0,0,1
3238,Success,5969.45,-0.039,0,0,1
3239,Success,5971.68,-0.078,0,0,1
3240,Success,5974.48,-0.094,0,0,1
3241,Success,5976.19,-0.061,0,0,1
3242,Success,5978.58,-0.072,0,0,1
3243,Success,5980.49,-0.067,0,0,1
3244,Success,5982.36,-0.061,0,0,1
3245,Obstacle Collision,5984.78,-2.678,0,1,0
3246,Obstacle Collision,5986.15,-2.15,0,1,0
3247,Obstacle Collision,5987.76,-1.249,0,1,0
3248,Success,5989.23,-0.044,0,0,1
3249,Success,5991.01,-0.061,0,0,1
3250,Success,5993.37,-0.072,0,0,1
3251,Success,5995.99,-0.078,0,0,1
3252,Success,5997.07,-0.039,0,0,1
3253,Success,5999.46,-0.078,0,0,1
3254,Obstacle Collision,6001.4,-1.156,0,1,0
3255,Obstacle Collision,6002.02,-1.267,0,1,0
3256,Obstacle Collision,6006.06,-1.5,0,1,0
3257,Obstacle Collision,6007.24,-1.306,0,1,0
3258,Obstacle Collision,6007.91,-1.267,0,1,0
3259,Success,6009.9,-0.061,0,0,1
3260,Success,6011.28,-0.056,0,0,1
3261,Success,6013.21,-0.078,0,0,1
3262,Success,6016.42,-0.089,0,0,1
3263,Success,6019.04,-0.083,0,0,1
3264,Success,6021.72,-0.111,0,0,1
3265,Obstacle Collision,6023.44,-1.17,0,1,0
3266,Success,6025.53,-0.1,0,0,1
3267,Obstacle Collision,6027.61,-1.35,0,1,0
3268,Success,6028.68,-0.039,0,0,1
3269,Obstacle Collision,6029.82,-1.278,0,1,0
3270,Success,6031.99,-0.061,0,0,1
3271,Success,6033.57,-0.078,0,0,1
3272,Success,6035.26,-0.072,0,0,1
3273,Obstacle Collision,6036.71,-1.092,0,1,0
3274,Obstacle Collision,6037.45,-1.111,0,1,0
3275,Obstacle Collision,6038.67,-1.276,0,1,0
3276,Success,6041.53,-0.094,0,0,1
3277,Obstacle Collision,6042.25,-1.272,0,1,0
3278,Success,6043.9,-0.061,0,0,1
3279,Success,6045.07,-0.039,0,0,1
3280,Obstacle Collision,6047.36,-1.317,0,1,0
3281,Obstacle Collision,6049.43,-1.239,0,1,0
3282,Obstacle Collision,6051.17,-0.892,0,1,0
3283,Success,6053.25,-0.056,0,0,1
3284,Obstacle Collision,6055.08,-1.317,0,1,0
3285,Success,6056.8,-0.056,0,0,1
3286,Success,6058.02,-0.044,0,0,1
3287,Obstacle Collision,6059.52,-1.294,0,1,0
3288,Success,6060.92,-0.05,0,0,1
3289,Obstacle Collision,6065.56,-1.594,0,1,0
3290,Obstacle Collision,6067.0,-2.156,0,1,0
3291,Success,6069.19,-0.1,0,0,1
3292,Success,6070.35,-0.05,0,0,1
3293,Success,6072.7,-0.072,0,0,1
3294,Obstacle Collision,6073.79,-2.139,0,1,0
3295,Success,6075.19,-0.061,0,0,1
3296,Success,6076.6,-0.067,0,0,1
3297,Obstacle Collision,6079.28,-1.394,0,1,0
3298,Obstacle Collision,6082.12,-1.078,0,1,0
3299,Success,6083.18,-0.039,0,0,1
3300,Obstacle Collision,6084.18,-1.194,0,1,0
3301,Success,6086.64,-0.106,0,0,1
3302,Obstacle Collision,6087.55,-1.272,0,1,0
3303,Obstacle Collision,6088.92,-2.15,0,1,0
3304,Obstacle Collision,6091.61,-1.24,0,1,0
3305,Obstacle Collision,6093.17,-1.289,0,1,0
3306,Success,6095.35,-0.067,0,0,1
3307,Success,6099.12,-0.183,0,0,1
3308,Success,6100.85,-0.056,0,0,1
3309,Success,6102.69,-0.056,0,0,1
3310,Success,6105.46,-0.094,0,0,1
3311,Obstacle Collision,6106.36,-1.294,0,1,0
3312,Obstacle Collision,6109.13,-3.05,0,1,0
3313,Obstacle Collision,6109.8,-1.231,0,1,0
3314,Obstacle Collision,6111.37,-1.292,0,1,0
3315,Obstacle Collision,6115.27,-1.517,0,1,0
3316,Obstacle Collision,6117.36,-1.996,0,1,0
3317,Success,6119.46,-0.072,0,0,1
3318,Obstacle Collision,6120.18,-1.272,0,1,0
3319,Success,6123.09,-0.939,0,0,1
3320,Obstacle Collision,6124.27,-1.086,0,1,0
3321,Success,6125.44,-0.039,0,0,1
3322,Success,6127.87,-0.083,0,0,1
3323,Success,6129.42,-2.611,0,0,1
3324,Obstacle Collision,6133.15,-1.961,0,1,0
3325,Obstacle Collision,6134.09,-1.278,0,1,0
3326,Obstacle Collision,6134.77,-1.267,0,1,0
3327,Success,6136.09,-0.044,0,0,1
3328,Obstacle Collision,6138.56,-5.222,0,1,0
3329,Success,6140.12,-0.083,0,0,1
3330,Success,6141.78,-0.106,0,0,1
3331,Success,6144.27,-0.094,0,0,1
3332,Success,6146.64,-0.083,0,0,1
3333,Success,6149.07,-0.078,0,0,1
3334,Success,6151.71,-0.094,0,0,1
3335,Success,6153.26,-0.906,0,0,1
3336,Success,6156.08,-0.106,0,0,1
3337,Obstacle Collision,6156.76,-1.267,0,1,0
3338,Obstacle Collision,6157.95,-0.995,0,1,0
3339,Success,6161.9,-9.522,0,0,1
3340,Obstacle Collision,6162.57,-1.226,0,1,0
3341,Success,6165.13,-0.083,0,0,1
3342,Success,6167.15,-0.061,0,0,1
3343,Success,6169.59,-0.094,0,0,1
3344,Success,6171.54,-0.067,0,0,1
3345,Success,6173.58,-0.1,0,0,1
3346,Success,6175.26,-0.044,0,0,1
3347,Obstacle Collision,6176.29,-1.278,0,1,0
3348,Success,6178.8,-0.083,0,0,1
3349,Success,6180.61,-0.072,0,0,1
3350,Obstacle Collision,6183.22,-1.4,0,1,0
3351,Success,6185.19,-0.072,0,0,1
3352,Obstacle Collision,6186.07,-1.239,0,1,0
3353,Success,6187.97,-0.078,0,0,1
3354,Obstacle Collision,6190.43,-0.753,0,1,0
3355,Obstacle Collision,6191.15,-1.272,0,1,0
3356,Success,6192.24,-0.039,0,0,1
3357,Success,6193.95,-0.05,0,0,1
3358,Success,6196.06,-0.939,0,0,1
3359,Success,6197.92,-1.761,0,0,1
3360,Success,6199.32,-0.061,0,0,1
3361,Obstacle Collision,6200.51,-1.003,0,1,0
3362,Success,6202.29,-0.072,0,0,1
3363,Success,6204.17,-0.078,0,0,1
3364,Success,6207.19,-0.089,0,0,1
3365,Success,6209.02,-0.111,0,0,1
3366,Obstacle Collision,6212.31,-2.267,0,1,0
3367,Obstacle Collision,6213.2,-1.231,0,1,0
3368,Obstacle Collision,6214.19,-1.153,0,1,0
3369,Obstacle Collision,6215.93,-1.294,0,1,0
3370,Success,6216.77,-0.033,0,0,1
3371,Success,6218.64,-0.939,0,0,1
3372,Success,6220.4,-0.05,0,0,1
3373,Success,6221.38,-0.028,0,0,1
3374,Obstacle Collision,6222.28,-1.272,0,1,0
3375,Obstacle Collision,6222.83,-1.227,0,1,0
3376,Obstacle Collision,6224.39,-5.567,0,1,0
3377,Agent Collision,6227.28,-9.55,1,0,0
3378,Obstacle Collision,6228.71,-1.294,0,1,0
3379,Obstacle Collision,6230.29,-3.878,0,1,0
3380,Success,6232.09,-0.05,0,0,1
3381,Success,6234.75,-0.944,0,0,1
3382,Success,6235.65,-0.033,0,0,1
3383,Obstacle Collision,6238.49,-1.361,0,1,0
3384,Obstacle Collision,6239.19,-1.267,0,1,0
3385,Obstacle Collision,6242.45,-1.433,0,1,0
3386,Obstacle Collision,6244.28,-2.15,0,1,0
3387,Obstacle Collision,6246.13,-1.294,0,1,0
3388,Success,6247.19,-0.033,0,0,1
3389,Success,6249.27,-0.067,0,0,1
3390,Obstacle Collision,6250.17,-1.272,0,1,0
3391,Obstacle Collision,6251.97,-1.3,0,1,0
3392,Success,6254.96,-1.8,0,0,1
3393,Obstacle Collision,6256.32,-1.283,0,1,0
3394,Obstacle Collision,6258.66,-1.317,0,1,0
3395,Success,6259.82,-0.033,0,0,1
3396,Success,6261.48,-0.083,0,0,1
3397,Obstacle Collision,6263.73,-1.339,0,1,0
3398,Success,6265.61,-0.067,0,0,1
3399,Obstacle Collision,6267.8,-1.356,0,1,0
3400,Success,6269.03,-0.039,0,0,1
3401,Success,6272.11,-0.083,0,0,1
3402,Obstacle Collision,6272.88,-1.272,0,1,0
3403,Obstacle Collision,6273.78,-1.197,0,1,0
3404,Obstacle Collision,6275.34,-1.236,0,1,0
3405,Success,6278.26,-0.122,0,0,1
3406,Obstacle Collision,6279.25,-1.081,0,1,0
3407,Success,6280.86,-0.044,0,0,1
3408,Success,6282.64,-0.067,0,0,1
3409,Success,6284.19,-0.072,0,0,1
3410,Success,6286.68,-0.083,0,0,1
3411,Success,6289.15,-0.072,0,0,1
3412,Obstacle Collision,6289.81,-1.267,0,1,0
3413,Obstacle Collision,6291.09,-1.297,0,1,0
3414,Success,6294.46,-0.106,0,0,1
3415,Success,6295.69,-0.056,0,0,1
3416,Obstacle Collision,6296.84,-1.283,0,1,0
3417,Success,6298.48,-0.056,0,0,1
3418,Obstacle Collision,6299.73,-1.118,0,1,0
3419,Success,6301.4,-0.061,0,0,1
3420,Success,6302.62,-0.044,0,0,1
3421,Success,6304.84,-0.067,0,0,1
3422,Success,6306.53,-0.061,0,0,1
3423,Obstacle Collision,6309.89,-1.361,0,1,0
3424,Success,6311.61,-0.056,0,0,1
3425,Success,6313.91,-0.111,0,0,1
3426,Obstacle Collision,6315.76,-1.294,0,1,0
3427,Success,6317.16,-0.067,0,0,1
3428,Success,6318.08,-0.028,0,0,1
3429,Success,6320.03,-0.094,0,0,1
3430,Success,6321.81,-0.061,0,0,1
3431,Obstacle Collision,6323.46,-1.328,0,1,0
3432,Obstacle Collision,6326.57,-4.367,0,1,0
3433,Obstacle Collision,6328.42,-1.294,0,1,0
3434,Obstacle Collision,6331.71,-2.283,0,1,0
3435,Success,6332.39,-0.028,0,0,1
3436,Obstacle Collision,6333.46,-1.739,0,1,0
3437,Success,6334.77,-0.039,0,0,1
3438,Success,6337.13,-0.089,0,0,1
3439,Obstacle Collision,6339.52,-1.229,0,1,0
3440,Obstacle Collision,6342.16,-3.028,0,1,0
3441,Agent Collision,6344.93,-3.517,1,0,0
3442,Success,6348.03,-0.083,0,0,1
3443,Success,6349.1,-0.05,0,0,1
3444,Success,6351.21,-0.078,0,0,1
3445,Success,6352.55,-0.061,0,0,1
3446,Success,6355.65,-0.089,0,0,1
3447,Success,6358.22,-0.083,0,0,1
3448,Success,6359.15,-0.033,0,0,1
3449,Obstacle Collision,6359.57,-1.261,0,1,0
3450,Obstacle Collision,6361.18,-1.289,0,1,0
3451,Obstacle Collision,6362.79,-1.306,0,1,0
3452,Success,6364.69,-0.083,0,0,1
3453,Success,6365.59,-0.033,0,0,1
3454,Success,6367.72,-0.094,0,0,1
3455,Obstacle Collision,6370.28,-3.028,0,1,0
3456,Success,6371.65,-0.039,0,0,1
3457,Success,6372.96,-0.056,0,0,1
3458,Obstacle Collision,6374.79,-1.294,0,1,0
3459,Success,6377.01,-1.8,0,0,1
3460,Success,6378.99,-0.1,0,0,1
3461,Success,6380.7,-0.056,0,0,1
3462,Obstacle Collision,6381.89,-1.294,0,1,0
3463,Success,6384.36,-0.922,0,0,1
3464,Obstacle Collision,6385.12,-1.272,0,1,0
3465,Success,6386.77,-0.056,0,0,1
3466,Success,6389.14,-0.094,0,0,1
3467,Obstacle Collision,6390.63,-1.289,0,1,0
3468,Success,6392.08,-0.039,0,0,1
3469,Obstacle Collision,6393.78,-1.306,0,1,0
3470,Success,6396.06,-0.078,0,0,1
3471,Success,6398.19,-0.106,0,0,1
3472,Obstacle Collision,6399.08,-1.278,0,1,0
3473,Success,6401.74,-0.106,0,0,1
3474,Success,6402.99,-0.061,0,0,1
3475,Success,6405.12,-0.072,0,0,1
3476,Success,6407.2,-0.094,0,0,1
3477,Success,6407.97,-0.028,0,0,1
3478,Success,6409.83,-0.056,0,0,1
3479,Success,6412.11,-0.128,0,0,1
3480,Success,6413.18,-0.039,0,0,1
3481,Obstacle Collision,6416.04,-1.394,0,1,0
3482,Obstacle Collision,6416.94,-1.272,0,1,0
3483,Obstacle Collision,6419.28,-1.356,0,1,0
3484,Success,6423.05,-0.111,0,0,1
3485,Obstacle Collision,6425.38,-1.143,0,1,0
3486,Success,6427.32,-0.056,0,0,1
3487,Obstacle Collision,6429.19,-1.15,0,1,0
3488,Success,6431.35,-0.067,0,0,1
3489,Success,6432.74,-0.044,0,0,1
3490,Obstacle Collision,6434.96,-1.344,0,1,0
3491,Success,6438.89,-1.833,0,0,1
3492,Obstacle Collision,6439.99,-1.278,0,1,0
3493,Obstacle Collision,6441.42,-1.122,0,1,0
3494,Success,6442.81,-0.061,0,0,1
3495,Success,6444.56,-2.678,0,0,1
3496,Obstacle Collision,6446.56,-2.132,0,1,0
3497,Success,6450.44,-0.1,0,0,1
3498,Success,6451.67,-0.056,0,0,1
3499,Obstacle Collision,6452.96,-1.247,0,1,0
3500,Obstacle Collision,6454.76,-1.294,0,1,0
3501,Obstacle Collision,6455.83,-1.283,0,1,0
3502,Obstacle Collision,6457.47,-1.289,0,1,0
3503,Success,6459.7,-0.072,0,0,1
3504,Success,6462.68,-0.956,0,0,1
3505,Obstacle Collision,6463.55,-1.08,0,1,0
3506,Obstacle Collision,6464.51,-1.278,0,1,0
3507,Agent Collision,6467.17,-2.65,1,0,0
3508,Success,6469.96,-0.083,0,0,1
3509,Success,6471.52,-0.044,0,0,1
3510,Success,6473.16,-0.056,0,0,1
3511,Obstacle Collision,6474.16,-1.217,0,1,0
3512,Success,6476.2,-0.061,0,0,1
3513,Obstacle Collision,6476.88,-1.267,0,1,0
3514,Obstacle Collision,6477.55,-1.267,0,1,0
3515,Obstacle Collision,6478.22,-1.267,0,1,0
3516,Obstacle Collision,6482.62,-1.517,0,1,0
3517,Obstacle Collision,6484.8,-1.372,0,1,0
3518,Success,6486.66,-0.056,0,0,1
3519,Success,6489.75,-0.967,0,0,1
3520,Success,6492.25,-3.511,0,0,1
3521,Success,6493.58,-0.067,0,0,1
3522,Success,6494.74,-0.039,0,0,1
3523,Success,6496.15,-0.083,0,0,1
3524,Success,6498.14,-0.111,0,0,1
3525,Obstacle Collision,6501.41,-1.461,0,1,0
3526,Obstacle Collision,6502.77,-1.204,0,1,0
3527,Obstacle Collision,6505.13,-1.322,0,1,0
3528,Success,6507.31,-0.067,0,0,1
3529,Obstacle Collision,6508.45,-1.278,0,1,0
3530,Obstacle Collision,6510.98,-1.274,0,1,0
3531,Success,6513.71,-0.094,0,0,1
3532,Success,6516.19,-0.072,0,0,1
3533,Success,6517.96,-0.05,0,0,1
3534,Success,6521.01,-0.094,0,0,1
3535,Agent Collision,6523.14,-8.611,1,0,0
3536,Success,6524.31,-0.05,0,0,1
3537,Success,6525.32,-0.039,0,0,1
3538,Obstacle Collision,6526.6,-1.083,0,1,0
3539,Obstacle Collision,6527.87,-1.158,0,1,0
3540,Success,6528.88,-0.039,0,0,1
3541,Obstacle Collision,6529.56,-1.267,0,1,0
3542,Obstacle Collision,6531.83,-1.333,0,1,0
3543,Obstacle Collision,6534.78,-1.214,0,1,0
3544,Success,6538.01,-0.117,0,0,1
3545,Obstacle Collision,6539.89,-1.317,0,1,0
3546,Success,6541.97,-0.061,0,0,1
3547,Obstacle Collision,6542.84,-2.983,0,1,0
3548,Success,6544.14,-0.039,0,0,1
3549,Obstacle Collision,6545.7,-1.271,0,1,0
3550,Success,6548.68,-4.35,0,0,1
3551,Success,6550.57,-0.067,0,0,1
3552,Obstacle Collision,6552.56,-1.361,0,1,0
3553,Obstacle Collision,6554.17,-1.254,0,1,0
3554,Obstacle Collision,6555.8,-1.3,0,1,0
3555,Obstacle Collision,6557.04,-1.289,0,1,0
3556,Success,6559.12,-0.072,0,0,1
3557,Obstacle Collision,6561.48,-1.322,0,1,0
3558,Obstacle Collision,6564.69,-1.45,0,1,0
3559,Success,6565.37,-0.022,0,0,1
3560,Success,6566.89,-0.072,0,0,1
3561,Obstacle Collision,6569.22,-1.311,0,1,0
3562,Obstacle Collision,6570.58,-1.249,0,1,0
3563,Success,6572.45,-0.083,0,0,1
3564,Success,6574.07,-0.05,0,0,1
3565,Obstacle Collision,6575.95,-1.761,0,1,0
3566,Obstacle Collision,6577.26,-1.289,0,1,0
3567,Success,6579.31,-0.083,0,0,1
3568,Success,6581.96,-0.072,0,0,1
3569,Obstacle Collision,6584.19,-1.306,0,1,0
3570,Success,6586.7,-0.094,0,0,1
3571,Obstacle Collision,6589.27,-1.303,0,1,0
3572,Success,6591.22,-0.072,0,0,1
3573,Success,6593.28,-0.078,0,0,1
3574,Success,6595.78,-0.072,0,0,1
3575,Success,6597.67,-0.089,0,0,1
3576,Success,6599.77,-0.067,0,0,1
3577,Success,6601.01,-1.75,0,0,1
3578,Success,6603.19,-0.933,0,0,1
3579,Success,6604.8,-0.094,0,0,1
3580,Obstacle Collision,6606.3,-2.144,0,1,0
3581,Obstacle Collision,6609.61,-1.132,0,1,0
3582,Success,6611.02,-0.061,0,0,1
3583,Obstacle Collision,6613.45,-1.406,0,1,0
3584,Obstacle Collision,6615.19,-1.3,0,1,0
3585,Success,6617.14,-0.078,0,0,1
3586,Success,6618.46,-0.039,0,0,1
3587,Obstacle Collision,6621.33,-1.144,0,1,0
3588,Success,6624.01,-0.089,0,0,1
3589,Obstacle Collision,6624.68,-1.267,0,1,0
3590,Obstacle Collision,6625.36,-1.267,0,1,0
3591,Success,6626.67,-0.044,0,0,1
3592,Obstacle Collision,6629.1,-1.311,0,1,0
3593,Obstacle Collision,6630.08,-1.132,0,1,0
3594,Success,6632.52,-0.078,0,0,1
3595,Obstacle Collision,6634.66,-1.306,0,1,0
3596,Obstacle Collision,6636.04,-4.706,0,1,0
3597,Success,6638.67,-0.139,0,0,1
3598,Success,6641.04,-0.089,0,0,1
3599,Success,6643.25,-1.789,0,0,1
3600,Obstacle Collision,6644.78,-3.867,0,1,0
3601,Obstacle Collision,6647.33,-1.078,0,1,0
3602,Success,6650.53,-0.978,0,0,1
3603,Success,6653.32,-1.828,0,0,1
3604,Success,6655.94,-0.106,0,0,1
3605,Obstacle Collision,6657.27,-1.266,0,1,0
3606,Success,6661.84,-0.261,0,0,1
3607,Obstacle Collision,6662.29,-1.261,0,1,0
3608,Obstacle Collision,6663.88,-1.294,0,1,0
3609,Success,6665.11,-0.056,0,0,1
3610,Obstacle Collision,6665.75,-1.267,0,1,0
3611,Obstacle Collision,6666.58,-2.087,0,1,0
3612,Obstacle Collision,6668.76,-1.778,0,1,0
3613,Success,6671.89,-0.089,0,0,1
3614,Success,6673.86,-0.072,0,0,1
3615,Success,6675.43,-0.061,0,0,1
3616,Success,6676.83,-0.044,0,0,1
3617,Success,6681.27,-0.189,0,0,1
3618,Obstacle Collision,6682.18,-1.272,0,1,0
3619,Obstacle Collision,6685.64,-2.222,0,1,0
3620,Obstacle Collision,6688.82,-1.456,0,1,0
3621,Obstacle Collision,6690.82,-1.328,0,1,0
3622,Success,6693.66,-0.117,0,0,1
3623,Obstacle Collision,6695.4,-1.767,0,1,0
3624,Obstacle Collision,6695.9,-1.225,0,1,0
3625,Success,6697.76,-0.067,0,0,1
3626,Obstacle Collision,6698.95,-1.317,0,1,0
3627,Obstacle Collision,6699.59,-1.267,0,1,0
3628,Obstacle Collision,6704.04,-1.483,0,1,0
3629,Success,6704.89,-0.028,0,0,1
3630,Success,6706.38,-0.044,0,0,1
3631,Success,6708.18,-0.061,0,0,1
3632,Obstacle Collision,6708.85,-1.267,0,1,0
3633,Obstacle Collision,6711.26,-1.367,0,1,0
3634,Success,6712.96,-0.061,0,0,1
3635,Success,6714.2,-0.039,0,0,1
3636,Obstacle Collision,6714.64,-1.261,0,1,0
3637,Obstacle Collision,6715.68,-1.283,0,1,0
3638,Obstacle Collision,6717.36,-1.3,0,1,0
3639,Obstacle Collision,6719.32,-3.472,0,1,0
3640,Success,6720.48,-0.05,0,0,1
3641,Obstacle Collision,6721.87,-0.859,0,1,0
3642,Success,6723.6,-0.056,0,0,1
3643,Success,6725.06,-0.9,0,0,1
3644,Obstacle Collision,6726.02,-1.153,0,1,0
3645,Success,6728.85,-0.133,0,0,1
3646,Obstacle Collision,6729.74,-1.272,0,1,0
3647,Obstacle Collision,6731.35,-1.333,0,1,0
3648,Success,6732.74,-0.056,0,0,1
3649,Success,6734.52,-0.05,0,0,1
3650,Obstacle Collision,6736.14,-0.937,0,1,0
3651,Obstacle Collision,6737.76,-1.289,0,1,0
3652,Success,6739.84,-0.933,0,0,1
3653,Success,6741.39,-0.056,0,0,1
3654,Success,6743.18,-0.078,0,0,1
3655,Obstacle Collision,6745.29,-2.123,0,1,0
3656,Success,6746.2,-0.028,0,0,1
3657,Obstacle Collision,6747.98,-1.009,0,1,0
3658,Obstacle Collision,6748.65,-1.267,0,1,0
3659,Success,6750.57,-0.078,0,0,1
3660,Success,6752.41,-0.061,0,0,1
3661,Success,6753.4,-0.039,0,0,1
3662,Success,6755.23,-0.083,0,0,1
3663,Success,6756.15,-0.028,0,0,1
3664,Success,6757.71,-0.067,0,0,1
3665,Obstacle Collision,6759.31,-1.19,0,1,0
3666,Success,6760.39,-0.033,0,0,1
3667,Obstacle Collision,6763.84,-11.65,0,1,0
3668,Obstacle Collision,6765.18,-1.306,0,1,0
3669,Success,6769.14,-0.178,0,0,1
3670,Success,6770.82,-0.061,0,0,1
3671,Success,6772.31,-0.906,0,0,1
3672,Success,6774.38,-0.056,0,0,1
3673,Success,6777.01,-1.833,0,0,1
3674,Obstacle Collision,6777.82,-1.272,0,1,0
3675,Success,6779.1,-0.056,0,0,1
3676,Obstacle Collision,6780.37,-1.075,0,1,0
3677,Success,6781.68,-0.05,0,0,1
3678,Obstacle Collision,6783.19,-1.311,0,1,0
3679,Success,6784.43,-0.039,0,0,1
3680,Obstacle Collision,6786.28,-1.756,0,1,0
3681,Obstacle Collision,6788.68,-1.339,0,1,0
3682,Success,6791.17,-0.067,0,0,1
3683,Success,6792.24,-0.033,0,0,1
3684,Success,6793.93,-0.044,0,0,1
3685,Success,6795.83,-0.061,0,0,1
3686,Success,6798.29,-0.078,0,0,1
3687,Success,6799.83,-1.761,0,0,1
3688,Success,6800.75,-0.033,0,0,1
3689,Obstacle Collision,6804.41,-1.367,0,1,0
3690,Success,6805.98,-0.061,0,0,1
3691,Success,6808.49,-0.1,0,0,1
3692,Success,6809.64,-0.039,0,0,1
3693,Obstacle Collision,6810.32,-1.267,0,1,0
3694,Success,6813.08,-0.089,0,0,1
3695,Success,6816.57,-0.106,0,0,1
3696,Obstacle Collision,6817.68,-1.278,0,1,0
3697,Success,6819.16,-0.05,0,0,1
3698,Success,6820.64,-0.061,0,0,1
3699,Success,6823.99,-1.844,0,0,1
3700,Success,6828.26,-0.356,0,0,1
3701,Success,6829.81,-0.044,0,0,1
3702,Obstacle Collision,6831.5,-1.317,0,1,0
3703,Obstacle Collision,6832.3,-3.444,0,1,0
3704,Success,6834.03,-0.094,0,0,1
3705,Success,6835.76,-0.061,0,0,1
3706,Success,6837.81,-0.072,0,0,1
3707,Obstacle Collision,6840.8,-1.394,0,1,0
3708,Obstacle Collision,6843.04,-9.472,0,1,0
3709,Success,6844.35,-0.039,0,0,1
3710,Obstacle Collision,6846.73,-1.772,0,1,0
3711,Obstacle Collision,6847.77,-1.278,0,1,0
3712,Obstacle Collision,6849.21,-1.251,0,1,0
3713,Obstacle Collision,6851.02,-1.186,0,1,0
3714,Success,6853.05,-0.072,0,0,1
3715,Obstacle Collision,6856.97,-3.844,0,1,0
3716,Success,6858.82,-0.05,0,0,1
3717,Obstacle Collision,6860.98,-1.107,0,1,0
3718,Success,6862.21,-0.044,0,0,1
3719,Success,6864.62,-0.072,0,0,1
3720,Success,6866.6,-0.078,0,0,1
3721,Obstacle Collision,6868.57,-2.194,0,1,0
3722,Success,6870.45,-0.078,0,0,1
3723,Success,6871.68,-0.044,0,0,1
3724,Success,6872.92,-0.039,0,0,1
3725,Success,6875.33,-0.928,0,0,1
3726,Success,6877.02,-0.056,0,0,1
3727,Success,6878.92,-0.089,0,0,1
3728,Success,6880.16,-0.039,0,0,1
3729,Success,6882.29,-0.106,0,0,1
3730,Obstacle Collision,6885.13,-1.356,0,1,0
3731,Success,6886.96,-0.106,0,0,1
3732,Obstacle Collision,6890.44,-2.206,0,1,0
3733,Success,6893.52,-0.111,0,0,1
3734,Obstacle Collision,6893.93,-1.261,0,1,0
3735,Success,6896.38,-1.011,0,0,1
3736,Success,6898.08,-0.072,0,0,1
3737,Obstacle Collision,6901.4,-1.367,0,1,0
3738,Success,6902.32,-0.033,0,0,1
3739,Success,6905.2,-0.089,0,0,1
3740,Obstacle Collision,6906.61,-1.003,0,1,0
3741,Success,6908.68,-0.067,0,0,1
3742,Obstacle Collision,6910.62,-1.3,0,1,0
3743,Success,6913.24,-0.072,0,0,1
3744,Success,6915.61,-0.078,0,0,1
3745,Success,6917.71,-0.072,0,0,1
3746,Success,6919.56,-0.056,0,0,1
3747,Success,6921.27,-0.061,0,0,1
3748,Success,6923.23,-0.061,0,0,1
3749,Success,6925.88,-0.089,0,0,1
3750,Success,6927.67,-0.056,0,0,1
3751,Success,6930.37,-0.156,0,0,1
3752,Obstacle Collision,6931.46,-1.194,0,1,0
3753,Success,6933.53,-0.072,0,0,1
3754,Obstacle Collision,6934.62,-1.252,0,1,0
3755,Agent Collision,6935.66,-4.306,1,0,0
3756,Success,6937.46,-0.911,0,0,1
3757,Success,6939.02,-0.056,0,0,1
3758,Obstacle Collision,6940.92,-1.3,0,1,0
3759,Obstacle Collision,6942.25,-1.008,0,1,0
3760,Obstacle Collision,6942.88,-1.267,0,1,0
3761,Obstacle Collision,6945.39,-3.494,0,1,0
3762,Success,6948.3,-0.939,0,0,1
3763,Obstacle Collision,6950.07,-1.257,0,1,0
3764,Obstacle Collision,6953.41,-1.378,0,1,0
3765,Success,6956.09,-0.072,0,0,1
3766,Obstacle Collision,6956.75,-1.267,0,1,0
3767,Success,6958.51,-1.772,0,0,1
3768,Success,6960.46,-0.094,0,0,1
3769,Obstacle Collision,6961.83,-1.283,0,1,0
3770,Success,6964.57,-0.089,0,0,1
3771,Success,6965.78,-0.033,0,0,1
3772,Success,6968.5,-0.083,0,0,1
3773,Success,6970.83,-0.083,0,0,1
3774,Obstacle Collision,6972.31,-1.089,0,1,0
3775,Obstacle Collision,6973.53,-1.283,0,1,0
3776,Obstacle Collision,6974.21,-1.267,0,1,0
3777,Success,6975.78,-0.083,0,0,1
3778,Success,6977.56,-0.061,0,0,1
3779,Success,6979.47,-0.139,0,0,1
3780,Success,6981.42,-0.072,0,0,1
3781,Success,6984.69,-1.0,0,0,1
3782,Success,6986.48,-0.056,0,0,1
3783,Success,6988.18,-0.056,0,0,1
3784,Obstacle Collision,6988.97,-1.272,0,1,0
3785,Obstacle Collision,6990.82,-1.339,0,1,0
3786,Obstacle Collision,6991.8,-1.278,0,1,0
3787,Success,6994.46,-0.094,0,0,1
3788,Success,6995.85,-0.044,0,0,1
3789,Success,6998.03,-0.078,0,0,1
3790,Success,7000.1,-0.056,0,0,1
3791,Success,7002.04,-0.061,0,0,1
3792,Success,7003.9,-0.061,0,0,1
3793,Success,7005.3,-0.061,0,0,1
3794,Obstacle Collision,7007.3,-1.306,0,1,0
3795,Success,7009.67,-1.789,0,0,1
3796,Success,7011.53,-0.061,0,0,1
3797,Obstacle Collision,7012.17,-2.122,0,1,0
3798,Obstacle Collision,7014.41,-1.179,0,1,0
3799,Obstacle Collision,7016.45,-1.3,0,1,0
3800,Success,7017.99,-0.05,0,0,1
3801,Success,7020.94,-6.078,0,0,1
3802,Success,7024.58,-6.094,0,0,1
3803,Agent Collision,7025.85,-5.125,1,0,0
3804,Success,7027.54,-0.067,0,0,1
3805,Success,7029.33,-0.067,0,0,1
3806,Obstacle Collision,7030.01,-1.272,0,1,0
3807,Obstacle Collision,7033.58,-3.189,0,1,0
3808,Success,7035.14,-0.056,0,0,1
3809,Obstacle Collision,7038.73,-1.478,0,1,0
3810,Success,7041.36,-0.072,0,0,1
3811,Success,7042.68,-0.05,0,0,1
3812,Obstacle Collision,7044.24,-1.019,0,1,0
3813,Success,7046.23,-0.089,0,0,1
3814,Obstacle Collision,7049.49,-1.141,0,1,0
3815,Success,7050.88,-0.044,0,0,1
3816,Obstacle Collision,7052.43,-1.289,0,1,0
3817,Obstacle Collision,7053.49,-1.222,0,1,0
3818,Obstacle Collision,7053.93,-2.972,0,1,0
3819,Obstacle Collision,7054.57,-1.267,0,1,0
3820,Obstacle Collision,7055.56,-1.278,0,1,0
3821,Success,7057.68,-0.078,0,0,1
3822,Success,7059.52,-0.05,0,0,1
3823,Success,7062.5,-0.95,0,0,1
3824,Success,7064.6,-0.072,0,0,1
3825,Success,7066.32,-0.05,0,0,1
3826,Success,7068.15,-0.078,0,0,1
3827,Success,7071.8,-0.194,0,0,1
3828,Success,7073.83,-1.794,0,0,1
3829,Success,7074.75,-0.028,0,0,1
3830,Success,7075.28,-0.017,0,0,1
3831,Obstacle Collision,7076.13,-1.278,0,1,0
3832,Obstacle Collision,7079.24,-1.472,0,1,0
3833,Success,7081.4,-0.072,0,0,1
3834,Success,7083.02,-0.05,0,0,1
3835,Success,7084.58,-0.067,0,0,1
3836,Obstacle Collision,7085.45,-2.983,0,1,0
3837,Success,7088.27,-0.1,0,0,1
3838,Success,7089.69,-0.056,0,0,1
3839,Obstacle Collision,7091.99,-2.178,0,1,0
3840,Obstacle Collision,7092.41,-1.261,0,1,0
3841,Obstacle Collision,7094.88,-1.372,0,1,0
3842,Success,7097.38,-0.078,0,0,1
3843,Success,7101.14,-2.689,0,0,1
3844,Obstacle Collision,7103.06,-1.339,0,1,0
3845,Success,7104.63,-0.056,0,0,1
3846,Success,7107.46,-0.1,0,0,1
3847,Success,7109.4,-0.056,0,0,1
3848,Obstacle Collision,7111.63,-0.935,0,1,0
3849,Success,7114.4,-0.122,0,0,1
3850,Obstacle Collision,7118.05,-1.411,0,1,0
3851,Success,7121.36,-0.15,0,0,1
3852,Success,7122.6,-0.05,0,0,1
3853,Success,7124.69,-0.072,0,0,1
3854,Success,7126.06,-0.039,0,0,1
3855,Success,7131.75,-4.444,0,0,1
3856,Obstacle Collision,7132.42,-1.267,0,1,0
3857,Success,7133.72,-0.039,0,0,1
3858,Success,7134.79,-0.044,0,0,1
3859,Success,7137.69,-0.094,0,0,1
3860,Obstacle Collision,7138.92,-1.283,0,1,0
3861,Success,7140.14,-1.75,0,0,1
3862,Obstacle Collision,7140.56,-1.261,0,1,0
3863,Obstacle Collision,7141.36,-1.26,0,1,0
3864,Success,7143.15,-0.061,0,0,1
3865,Success,7144.98,-0.05,0,0,1
3866,Success,7146.61,-0.056,0,0,1
3867,Success,7148.38,-0.056,0,0,1
3868,Agent Collision,7151.56,-6.1,1,0,0
3869,Obstacle Collision,7152.81,-0.786,0,1,0
3870,Obstacle Collision,7156.77,-2.717,0,1,0
3871,Obstacle Collision,7158.43,-0.917,0,1,0
3872,Success,7160.36,-0.061,0,0,1
3873,Success,7161.12,-0.039,0,0,1
3874,Obstacle Collision,7166.86,-1.611,0,1,0
3875,Obstacle Collision,7167.48,-1.225,0,1,0
3876,Obstacle Collision,7168.39,-1.272,0,1,0
3877,Obstacle Collision,7173.53,-3.567,0,1,0
3878,Obstacle Collision,7175.46,-1.139,0,1,0
3879,Obstacle Collision,7176.83,-1.322,0,1,0
3880,Obstacle Collision,7177.65,-1.2,0,1,0
3881,Success,7181.12,-0.1,0,0,1
3882,Success,7182.12,-0.033,0,0,1
3883,Obstacle Collision,7183.44,-1.249,0,1,0
3884,Obstacle Collision,7183.87,-1.261,0,1,0
3885,Obstacle Collision,7186.4,-1.322,0,1,0
3886,Success,7188.72,-0.1,0,0,1
3887,Obstacle Collision,7191.98,-3.061,0,1,0
3888,Success,7193.21,-0.033,0,0,1
3889,Success,7195.08,-0.061,0,0,1
3890,Success,7197.01,-0.078,0,0,1
3891,Success,7199.73,-0.106,0,0,1
3892,Success,7201.9,-0.083,0,0,1
3893,Success,7204.39,-0.078,0,0,1
3894,Success,7206.31,-0.056,0,0,1
3895,Success,7207.87,-0.067,0,0,1
3896,Agent Collision,7209.3,-1.75,1,0,0
3897,Obstacle Collision,7211.06,-1.253,0,1,0
3898,Success,7212.84,-0.056,0,0,1
3899,Success,7214.97,-0.083,0,0,1
3900,Obstacle Collision,7216.09,-1.081,0,1,0
3901,Success,7217.01,-0.033,0,0,1
3902,Obstacle Collision,7218.01,-1.278,0,1,0
3903,Success,7220.04,-0.056,0,0,1
3904,Obstacle Collision,7221.08,-1.153,0,1,0
3905,Obstacle Collision,7222.87,-1.02,0,1,0
3906,Success,7226.06,-2.667,0,0,1
3907,Success,7229.47,-0.122,0,0,1
3908,Obstacle Collision,7230.42,-1.202,0,1,0
3909,Success,7232.83,-0.072,0,0,1
3910,Success,7234.21,-0.039,0,0,1
3911,Obstacle Collision,7235.47,-1.283,0,1,0
3912,Success,7236.79,-0.044,0,0,1
3913,Success,7239.28,-0.089,0,0,1
3914,Success,7240.59,-0.05,0,0,1
3915,Success,7242.55,-0.089,0,0,1
3916,Success,7245.05,-0.078,0,0,1
3917,Obstacle Collision,7245.72,-1.267,0,1,0
3918,Success,7247.44,-0.083,0,0,1
3919,Obstacle Collision,7247.88,-1.261,0,1,0
3920,Obstacle Collision,7249.96,-0.875,0,1,0
3921,Obstacle Collision,7252.79,-1.494,0,1,0
3922,Obstacle Collision,7255.37,-2.228,0,1,0
3923,Obstacle Collision,7257.94,-1.4,0,1,0
3924,Obstacle Collision,7260.38,-1.735,0,1,0
3925,Obstacle Collision,7264.71,-1.5,0,1,0
3926,Obstacle Collision,7266.24,-0.971,0,1,0
3927,Success,7267.32,-0.033,0,0,1
3928,Success,7269.42,-0.072,0,0,1
3929,Success,7273.93,-0.333,0,0,1
3930,Obstacle Collision,7274.33,-1.261,0,1,0
3931,Obstacle Collision,7274.77,-1.261,0,1,0
3932,Success,7275.85,-0.033,0,0,1
3933,Obstacle Collision,7277.55,-1.383,0,1,0
3934,Obstacle Collision,7278.36,-1.271,0,1,0
3935,Success,7280.88,-0.083,0,0,1
3936,Obstacle Collision,7282.23,-1.289,0,1,0
3937,Success,7284.65,-0.1,0,0,1
3938,Success,7286.03,-0.044,0,0,1
3939,Success,7287.97,-0.072,0,0,1
3940,Success,7289.45,-0.911,0,0,1
3941,Success,7291.64,-0.922,0,0,1
3942,Success,7293.28,-0.067,0,0,1
3943,Success,7295.13,-0.061,0,0,1
3944,Success,7297.33,-0.078,0,0,1
3945,Success,7299.77,-1.839,0,0,1
3946,Obstacle Collision,7301.49,-1.083,0,1,0
3947,Success,7303.49,-0.111,0,0,1
3948,Success,7305.59,-0.061,0,0,1
3949,Success,7306.85,-0.044,0,0,1
3950,Success,7311.97,-2.839,0,0,1
3951,Success,7313.75,-0.089,0,0,1
3952,Success,7314.88,-0.039,0,0,1
3953,Success,7318.18,-0.094,0,0,1
3954,Obstacle Collision,7320.18,-1.059,0,1,0
3955,Success,7320.93,-0.028,0,0,1
3956,Success,7323.55,-0.078,0,0,1
3957,Obstacle Collision,7325.3,-1.032,0,1,0
3958,Obstacle Collision,7326.62,-1.003,0,1,0
3959,Obstacle Collision,7328.79,-0.939,0,1,0
3960,Success,7330.42,-0.917,0,0,1
3961,Success,7332.45,-0.061,0,0,1
3962,Obstacle Collision,7333.97,-1.09,0,1,0
3963,Success,7336.93,-2.717,0,0,1
3964,Success,7337.94,-0.039,0,0,1
3965,Obstacle Collision,7339.31,-1.198,0,1,0
3966,Success,7342.1,-0.078,0,0,1
3967,Success,7344.38,-0.067,0,0,1
3968,Obstacle Collision,7345.59,-1.158,0,1,0
3969,Success,7348.75,-0.117,0,0,1
3970,Obstacle Collision,7350.99,-1.223,0,1,0
3971,Success,7354.66,-3.539,0,0,1
3972,Success,7356.38,-0.078,0,0,1
3973,Success,7358.12,-0.094,0,0,1
3974,Success,7360.22,-0.917,0,0,1
3975,Success,7362.41,-0.067,0,0,1
3976,Obstacle Collision,7364.44,-1.222,0,1,0
3977,Obstacle Collision,7365.28,-1.231,0,1,0
3978,Success,7367.16,-0.056,0,0,1
3979,Obstacle Collision,7367.99,-1.195,0,1,0
3980,Success,7369.72,-0.044,0,0,1
3981,Success,7371.78,-0.117,0,0,1
3982,Success,7373.83,-0.056,0,0,1
3983,Success,7375.96,-0.056,0,0,1
3984,Success,7377.53,-0.05,0,0,1
3985,Obstacle Collision,7380.29,-1.142,0,1,0
3986,Obstacle Collision,7383.72,-2.194,0,1,0
3987,Success,7385.85,-0.067,0,0,1
3988,Obstacle Collision,7387.01,-1.283,0,1,0
3989,Success,7389.65,-1.783,0,0,1
3990,Success,7391.2,-0.072,0,0,1
3991,Obstacle Collision,7392.47,-1.215,0,1,0
3992,Success,7394.67,-0.067,0,0,1
3993,Obstacle Collision,7396.37,-1.162,0,1,0
3994,Success,7399.59,-2.667,0,0,1
3995,Obstacle Collision,7400.77,-1.08,0,1,0
3996,Obstacle Collision,7402.29,-1.226,0,1,0
3997,Success,7403.68,-0.044,0,0,1
3998,Obstacle Collision,7406.61,-1.356,0,1,0
3999,Obstacle Collision,7408.11,-1.294,0,1,0
4000,Success,7413.06,-0.378,0,0,1
4001,Success,7414.51,-0.05,0,0,1
4002,Success,7416.07,-0.05,0,0,1
4003,Obstacle Collision,7416.9,-1.195,0,1,0
4004,Success,7418.06,-0.039,0,0,1
4005,Success,7420.92,-0.933,0,0,1
4006,Obstacle Collision,7422.22,-1.294,0,1,0
4007,Success,7424.49,-1.794,0,0,1
4008,Success,7427.04,-0.083,0,0,1
4009,Obstacle Collision,7427.68,-1.267,0,1,0
4010,Success,7430.34,-0.128,0,0,1
4011,Success,7432.05,-0.072,0,0,1
4012,Obstacle Collision,7432.69,-1.267,0,1,0
4013,Success,7435.04,-0.094,0,0,1
4014,Obstacle Collision,7436.68,-1.236,0,1,0
4015,Success,7438.24,-0.078,0,0,1
4016,Obstacle Collision,7438.91,-1.267,0,1,0
4017,Obstacle Collision,7440.63,-1.157,0,1,0
4018,Obstacle Collision,7441.27,-1.267,0,1,0
4019,Obstacle Collision,7441.95,-1.267,0,1,0
4020,Success,7443.18,-0.039,0,0,1
4021,Success,7446.01,-0.106,0,0,1
4022,Success,7446.68,-0.022,0,0,1
4023,Success,7449.91,-0.139,0,0,1
4024,Success,7451.71,-0.078,0,0,1
4025,Success,7453.9,-0.083,0,0,1
4026,Success,7455.53,-0.061,0,0,1
4027,Success,7457.84,-0.067,0,0,1
4028,Success,7458.76,-0.033,0,0,1
4029,Success,7460.16,-0.056,0,0,1
4030,Success,7461.94,-1.778,0,0,1
4031,Success,7464.02,-0.133,0,0,1
4032,Obstacle Collision,7465.09,-1.194,0,1,0
4033,Success,7467.04,-0.078,0,0,1
4034,Success,7469.88,-0.939,0,0,1
4035,Obstacle Collision,7471.37,-1.75,0,1,0
4036,Obstacle Collision,7472.91,-1.278,0,1,0
4037,Obstacle Collision,7474.09,-0.976,0,1,0
4038,Success,7476.12,-0.917,0,0,1
4039,Success,7477.36,-0.056,0,0,1
4040,Obstacle Collision,7478.46,-1.278,0,1,0
4041,Obstacle Collision,7478.9,-1.722,0,1,0
4042,Success,7479.88,-0.033,0,0,1
4043,Success,7482.53,-0.078,0,0,1
4044,Success,7485.34,-0.083,0,0,1
4045,Success,7487.06,-0.072,0,0,1
4046,Obstacle Collision,7488.78,-1.188,0,1,0
4047,Success,7492.09,-0.128,0,0,1
4048,Obstacle Collision,7494.89,-1.361,0,1,0
4049,Agent Collision,7496.38,-5.172,1,0,0
4050,Success,7497.76,-0.044,0,0,1
4051,Success,7499.32,-0.061,0,0,1
4052,Success,7503.72,-3.528,0,0,1
4053,Success,7505.34,-0.056,0,0,1
4054,Obstacle Collision,7506.88,-1.3,0,1,0
4055,Obstacle Collision,7511.48,-1.606,0,1,0
4056,Success,7513.62,-0.094,0,0,1
4057,Success,7515.32,-0.911,0,0,1
4058,Success,7517.61,-0.078,0,0,1
4059,Obstacle Collision,7523.06,-9.217,0,1,0
4060,Success,7524.63,-0.056,0,0,1
4061,Success,7526.86,-0.933,0,0,1
4062,Obstacle Collision,7529.85,-1.367,0,1,0
4063,Success,7532.71,-0.106,0,0,1
4064,Success,7535.28,-1.794,0,0,1
4065,Obstacle Collision,7537.12,-1.3,0,1,0
4066,Success,7539.31,-0.078,0,0,1
4067,Success,7540.17,-0.028,0,0,1
4068,Obstacle Collision,7542.72,-1.328,0,1,0
4069,Success,7544.5,-0.056,0,0,1
4070,Success,7545.97,-0.072,0,0,1
4071,Obstacle Collision,7547.55,-7.233,0,1,0
4072,Obstacle Collision,7549.16,-1.235,0,1,0
4073,Obstacle Collision,7551.4,-1.012,0,1,0
4074,Success,7552.95,-0.056,0,0,1
4075,Agent Collision,7555.26,-2.622,1,0,0
4076,Success,7556.42,-0.039,0,0,1
4077,Obstacle Collision,7558.6,-0.743,0,1,0
4078,Agent Collision,7559.62,-4.306,1,0,0
4079,Success,7561.55,-0.05,0,0,1
4080,Obstacle Collision,7563.83,-1.283,0,1,0
4081,Success,7565.71,-0.067,0,0,1
4082,Success,7567.32,-0.056,0,0,1
4083,Obstacle Collision,7567.94,-1.267,0,1,0
4084,Success,7570.03,-0.067,0,0,1
4085,Obstacle Collision,7571.17,-1.3,0,1,0
4086,Obstacle Collision,7573.23,-3.022,0,1,0
4087,Success,7575.59,-0.083,0,0,1
4088,Success,7577.93,-0.061,0,0,1
4089,Success,7580.35,-0.078,0,0,1
4090,Success,7582.81,-0.089,0,0,1
4091,Obstacle Collision,7584.0,-1.289,0,1,0
4092,Success,7586.98,-0.094,0,0,1
4093,Success,7588.46,-0.061,0,0,1
4094,Success,7590.41,-0.067,0,0,1
4095,Success,7593.44,-0.144,0,0,1
4096,Success,7595.82,-0.067,0,0,1
4097,Success,7597.68,-0.067,0,0,1
4098,Success,7598.58,-0.028,0,0,1
4099,Success,7599.81,-0.044,0,0,1
4100,Obstacle Collision,7603.2,-1.544,0,1,0
4101,Obstacle Collision,7603.63,-1.261,0,1,0
4102,Success,7604.38,-0.028,0,0,1
4103,Obstacle Collision,7605.74,-1.283,0,1,0
4104,Obstacle Collision,7606.68,-2.0,0,1,0
4105,Success,7607.91,-0.894,0,0,1
4106,Success,7609.04,-0.039,0,0,1
4107,Success,7611.85,-0.094,0,0,1
4108,Success,7613.71,-0.061,0,0,1
4109,Obstacle Collision,7615.84,-1.306,0,1,0
4110,Obstacle Collision,7619.93,-1.583,0,1,0
4111,Obstacle Collision,7621.26,-1.289,0,1,0
4112,Success,7624.33,-3.517,0,0,1
4113,Obstacle Collision,7624.97,-1.267,0,1,0
4114,Success,7626.61,-0.056,0,0,1
4115,Obstacle Collision,7627.44,-1.19,0,1,0
4116,Obstacle Collision,7629.64,-3.033,0,1,0
4117,Success,7631.62,-0.056,0,0,1
4118,Success,7633.87,-0.089,0,0,1
4119,Obstacle Collision,7635.33,-0.967,0,1,0
4120,Obstacle Collision,7638.46,-1.4,0,1,0
4121,Success,7640.36,-0.1,0,0,1
4122,Obstacle Collision,7642.28,-0.906,0,1,0
4123,Obstacle Collision,7644.46,-1.322,0,1,0
4124,Success,7647.24,-0.094,0,0,1
4125,Obstacle Collision,7649.93,-1.339,0,1,0
4126,Success,7652.87,-0.094,0,0,1
4127,Success,7655.07,-0.078,0,0,1
4128,Obstacle Collision,7656.67,-1.014,0,1,0
4129,Success,7658.14,-0.05,0,0,1
4130,Obstacle Collision,7659.78,-1.322,0,1,0
4131,Obstacle Collision,7661.98,-1.311,0,1,0
4132,Obstacle Collision,7664.08,-1.204,0,1,0
4133,Obstacle Collision,7665.81,-1.113,0,1,0
4134,Success,7668.99,-0.178,0,0,1
4135,Obstacle Collision,7670.0,-1.039,0,1,0
4136,Success,7672.43,-0.089,0,0,1
4137,Success,7673.11,-0.022,0,0,1
4138,Success,7676.67,-0.133,0,0,1
4139,Success,7678.76,-0.072,0,0,1
4140,Obstacle Collision,7680.19,-1.317,0,1,0
4141,Success,7682.23,-0.056,0,0,1
4142,Success,7684.02,-0.056,0,0,1
4143,Obstacle Collision,7686.45,-1.322,0,1,0
4144,Obstacle Collision,7687.93,-2.97,0,1,0
4145,Obstacle Collision,7689.86,-1.3,0,1,0
4146,Success,7692.19,-0.078,0,0,1
4147,Success,7695.47,-0.106,0,0,1
4148,Success,7698.12,-0.089,0,0,1
4149,Success,7699.75,-0.061,0,0,1
4150,Obstacle Collision,7700.99,-1.744,0,1,0
4151,Obstacle Collision,7701.85,-1.189,0,1,0
4152,Obstacle Collision,7702.29,-1.261,0,1,0
4153,Obstacle Collision,7702.9,-1.267,0,1,0
4154,Obstacle Collision,7703.46,-1.267,0,1,0
4155,Obstacle Collision,7704.61,-1.278,0,1,0
4156,Success,7707.06,-0.128,0,0,1
4157,Success,7710.45,-0.1,0,0,1
4158,Success,7713.45,-0.944,0,0,1
4159,Success,7715.33,-0.067,0,0,1
4160,Success,7717.85,-0.089,0,0,1
4161,Obstacle Collision,7719.69,-1.294,0,1,0
4162,Success,7720.76,-0.044,0,0,1
4163,Success,7723.36,-0.144,0,0,1
4164,Obstacle Collision,7725.88,-3.033,0,1,0
4165,Success,7728.46,-0.089,0,0,1
4166,Obstacle Collision,7729.55,-2.061,0,1,0
4167,Obstacle Collision,7730.24,-1.147,0,1,0
4168,Success,7732.44,-0.067,0,0,1
4169,Obstacle Collision,7735.24,-1.417,0,1,0
4170,Success,7736.31,-0.033,0,0,1
4171,Obstacle Collision,7738.2,-1.333,0,1,0
4172,Success,7740.05,-0.078,0,0,1
4173,Obstacle Collision,7740.85,-1.294,0,1,0
4174,Success,7742.71,-0.078,0,0,1
4175,Success,7745.11,-0.083,0,0,1
4176,Success,7746.4,-0.044,0,0,1
4177,Success,7748.88,-0.089,0,0,1
4178,Obstacle Collision,7750.03,-1.283,0,1,0
4179,Success,7752.38,-0.928,0,0,1
4180,Agent Collision,7754.43,-4.35,1,0,0
4181,Obstacle Collision,7756.16,-1.333,0,1,0
4182,Obstacle Collision,7759.17,-1.389,0,1,0
4183,Obstacle Collision,7759.8,-1.267,0,1,0
4184,Obstacle Collision,7760.48,-1.267,0,1,0
4185,Obstacle Collision,7763.2,-1.339,0,1,0
4186,Success,7766.0,-0.117,0,0,1
4187,Success,7768.11,-0.067,0,0,1
4188,Success,7769.43,-0.061,0,0,1
4189,Success,7770.79,-0.9,0,0,1
4190,Success,7773.07,-0.078,0,0,1
4191,Success,7775.27,-0.089,0,0,1
4192,Obstacle Collision,7775.71,-1.261,0,1,0
4193,Success,7777.27,-0.078,0,0,1
4194,Success,7780.0,-2.65,0,0,1
4195,Success,7783.16,-4.322,0,0,1
4196,Agent Collision,7785.4,-3.506,1,0,0
4197,Obstacle Collision,7786.46,-1.278,0,1,0
4198,Success,7788.14,-0.044,0,0,1
4199,Obstacle Collision,7789.22,-1.123,0,1,0
4200,Success,7792.75,-0.967,0,0,1
4201,Obstacle Collision,7794.45,-1.271,0,1,0
4202,Success,7799.65,-3.6,0,0,1
4203,Success,7801.23,-0.061,0,0,1
4204,Success,7802.47,-0.044,0,0,1
4205,Success,7804.4,-0.061,0,0,1
4206,Success,7807.07,-0.078,0,0,1
4207,Success,7808.57,-0.072,0,0,1
4208,Obstacle Collision,7810.69,-0.872,0,1,0
4209,Success,7812.62,-0.078,0,0,1
4210,Success,7814.42,-0.078,0,0,1
4211,Obstacle Collision,7816.15,-1.015,0,1,0
4212,Obstacle Collision,7817.68,-1.133,0,1,0
4213,Success,7820.65,-1.828,0,0,1
4214,Success,7823.57,-0.094,0,0,1
4215,Obstacle Collision,7825.56,-1.212,0,1,0
4216,Success,7827.19,-0.083,0,0,1
4217,Agent Collision,7832.14,-12.989,1,0,0
4218,Success,7833.82,-0.05,0,0,1
4219,Agent Collision,7837.72,-5.244,1,0,0
4220,Success,7839.88,-0.061,0,0,1
4221,Success,7842.29,-0.083,0,0,1
4222,Obstacle Collision,7845.66,-9.05,0,1,0
4223,Success,7847.99,-0.061,0,0,1
4224,Success,7849.86,-0.072,0,0,1
4225,Success,7851.9,-1.772,0,0,1
4226,Success,7854.47,-0.089,0,0,1
4227,Obstacle Collision,7855.34,-1.272,0,1,0
4228,Obstacle Collision,7856.65,-1.013,0,1,0
4229,Success,7858.31,-0.056,0,0,1
4230,Success,7859.89,-0.061,0,0,1
4231,Obstacle Collision,7862.32,-1.332,0,1,0
4232,Obstacle Collision,7865.35,-1.394,0,1,0
4233,Success,7866.03,-0.028,0,0,1
4234,Obstacle Collision,7866.48,-1.283,0,1,0
4235,Success,7869.25,-0.117,0,0,1
4236,Obstacle Collision,7870.53,-4.648,0,1,0
4237,Success,7873.15,-0.1,0,0,1
4238,Success,7875.73,-0.111,0,0,1
4239,Obstacle Collision,7877.08,-1.283,0,1,0
4240,Success,7878.23,-0.039,0,0,1
4241,Obstacle Collision,7878.66,-1.261,0,1,0
4242,Obstacle Collision,7879.34,-1.267,0,1,0
4243,Success,7881.26,-0.056,0,0,1
4244,Success,7885.51,-5.339,0,0,1
4245,Success,7889.34,-2.722,0,0,1
4246,Obstacle Collision,7890.99,-1.227,0,1,0
4247,Success,7892.68,-0.067,0,0,1
4248,Obstacle Collision,7893.78,-1.3,0,1,0
4249,Success,7895.59,-0.056,0,0,1
4250,Obstacle Collision,7896.42,-1.231,0,1,0
4251,Obstacle Collision,7898.46,-1.006,0,1,0
4252,Obstacle Collision,7901.65,-1.433,0,1,0
4253,Success,7903.93,-0.094,0,0,1
4254,Success,7905.73,-0.067,0,0,1
4255,Success,7907.25,-0.072,0,0,1
4256,Obstacle Collision,7908.65,-1.306,0,1,0
4257,Success,7910.36,-0.061,0,0,1
4258,Obstacle Collision,7911.45,-1.278,0,1,0
4259,Success,7914.35,-4.361,0,0,1
4260,Obstacle Collision,7916.58,-1.417,0,1,0
4261,Success,7917.74,-0.056,0,0,1
4262,Success,7919.75,-0.089,0,0,1
4263,Success,7920.74,-0.033,0,0,1
4264,Obstacle Collision,7921.64,-1.198,0,1,0
4265,Success,7924.75,-0.094,0,0,1
4266,Obstacle Collision,7925.75,-1.153,0,1,0
4267,Success,7928.96,-3.522,0,0,1
4268,Success,7930.56,-0.078,0,0,1
4269,Success,7933.57,-0.144,0,0,1
4270,Success,7935.74,-0.083,0,0,1
4271,Obstacle Collision,7938.12,-1.954,0,1,0
4272,Success,7939.99,-0.072,0,0,1
4273,Obstacle Collision,7941.32,-1.122,0,1,0
4274,Success,7943.93,-3.494,0,0,1
4275,Success,7946.26,-2.639,0,0,1
4276,Obstacle Collision,7947.59,-1.283,0,1,0
4277,Success,7949.78,-0.067,0,0,1
4278,Obstacle Collision,7951.15,-1.081,0,1,0
4279,Success,7953.13,-0.089,0,0,1
4280,Obstacle Collision,7956.1,-1.417,0,1,0
4281,Success,7957.81,-0.05,0,0,1
4282,Obstacle Collision,7959.04,-1.289,0,1,0
4283,Success,7960.22,-0.056,0,0,1
4284,Obstacle Collision,7961.5,-1.195,0,1,0
4285,Success,7962.5,-0.039,0,0,1
4286,Success,7963.75,-0.056,0,0,1
4287,Obstacle Collision,7965.04,-1.214,0,1,0
4288,Success,7967.04,-0.061,0,0,1
4289,Obstacle Collision,7968.12,-1.3,0,1,0
4290,Success,7969.98,-0.067,0,0,1
4291,Success,7972.56,-0.078,0,0,1
4292,Success,7973.64,-0.033,0,0,1
4293,Success,7975.28,-0.05,0,0,1
4294,Obstacle Collision,7978.39,-1.054,0,1,0
4295,Success,7981.06,-0.094,0,0,1
4296,Obstacle Collision,7981.92,-1.272,0,1,0
4297,Success,7984.63,-4.333,0,0,1
4298,Obstacle Collision,7985.63,-2.594,0,1,0
4299,Success,7988.2,-0.928,0,0,1
4300,Success,7989.44,-0.05,0,0,1
4301,Success,7992.35,-0.161,0,0,1
4302,Success,7993.98,-0.061,0,0,1
4303,Obstacle Collision,7996.02,-0.994,0,1,0
4304,Success,7996.94,-0.033,0,0,1
4305,Success,7998.17,-0.039,0,0,1
4306,Success,7999.94,-0.922,0,0,1
4307,Success,8002.04,-0.072,0,0,1
4308,Obstacle Collision,8003.21,-1.247,0,1,0
4309,Obstacle Collision,8004.5,-1.289,0,1,0
4310,Obstacle Collision,8005.69,-1.075,0,1,0
4311,Obstacle Collision,8007.5,-0.681,0,1,0
4312,Obstacle Collision,8008.91,-1.008,0,1,0
4313,Obstacle Collision,8010.34,-1.859,0,1,0
4314,Success,8013.27,-0.161,0,0,1
4315,Success,8014.65,-0.044,0,0,1
4316,Obstacle Collision,8015.55,-1.236,0,1,0
4317,Success,8016.97,-0.056,0,0,1
4318,Success,8018.78,-1.772,0,0,1
4319,Success,8021.34,-0.083,0,0,1
4320,Success,8022.43,-0.039,0,0,1
4321,Success,8024.17,-0.083,0,0,1
4322,Success,8025.95,-0.056,0,0,1
4323,Success,8029.0,-0.139,0,0,1
4324,Success,8032.47,-2.7,0,0,1
4325,Obstacle Collision,8034.24,-1.294,0,1,0
4326,Success,8036.34,-0.128,0,0,1
4327,Obstacle Collision,8038.53,-2.695,0,1,0
4328,Obstacle Collision,8039.15,-1.228,0,1,0
4329,Success,8040.14,-0.039,0,0,1
4330,Obstacle Collision,8040.8,-1.227,0,1,0
4331,Success,8043.95,-0.117,0,0,1
4332,Success,8045.42,-0.056,0,0,1
4333,Success,8047.69,-0.928,0,0,1
4334,Success,8049.24,-0.044,0,0,1
4335,Success,8051.88,-0.094,0,0,1
4336,Success,8053.66,-0.061,0,0,1
4337,Obstacle Collision,8054.1,-1.261,0,1,0
4338,Success,8055.73,-0.906,0,0,1
4339,Success,8059.15,-0.111,0,0,1
4340,Obstacle Collision,8062.7,-1.456,0,1,0
4341,Success,8064.03,-0.072,0,0,1
4342,Success,8065.95,-0.05,0,0,1
4343,Success,8068.01,-0.094,0,0,1
4344,Success,8069.08,-0.033,0,0,1
4345,Success,8071.28,-0.078,0,0,1
4346,Success,8073.07,-0.061,0,0,1
4347,Obstacle Collision,8077.17,-1.383,0,1,0
4348,Obstacle Collision,8078.14,-1.242,0,1,0
4349,Obstacle Collision,8081.27,-2.092,0,1,0
4350,Success,8083.26,-0.1,0,0,1
4351,Obstacle Collision,8085.77,-2.278,0,1,0
4352,Success,8087.66,-0.067,0,0,1
4353,Obstacle Collision,8090.36,-1.367,0,1,0
4354,Success,8093.05,-0.094,0,0,1
4355,Obstacle Collision,8094.22,-1.283,0,1,0
4356,Success,8098.04,-0.206,0,0,1
4357,Success,8101.16,-0.122,0,0,1
4358,Obstacle Collision,8102.0,-1.189,0,1,0
4359,Obstacle Collision,8105.53,-1.417,0,1,0
4360,Success,8107.29,-0.061,0,0,1
4361,Obstacle Collision,8108.29,-1.289,0,1,0
4362,Obstacle Collision,8109.2,-1.112,0,1,0
4363,Obstacle Collision,8110.27,-1.194,0,1,0
4364,Obstacle Collision,8110.95,-1.267,0,1,0
4365,Success,8112.13,-0.044,0,0,1
4366,Success,8112.98,-0.039,0,0,1
4367,Success,8115.32,-0.072,0,0,1
4368,Success,8117.5,-0.083,0,0,1
4369,Obstacle Collision,8118.39,-1.272,0,1,0
4370,Obstacle Collision,8119.31,-1.272,0,1,0
4371,Obstacle Collision,8121.01,-0.939,0,1,0
4372,Success,8122.28,-0.039,0,0,1
4373,Obstacle Collision,8123.6,-1.049,0,1,0
4374,Success,8125.81,-0.072,0,0,1
4375,Success,8128.07,-0.933,0,0,1
4376,Success,8130.0,-0.061,0,0,1
4377,Success,8131.61,-0.056,0,0,1
4378,Obstacle Collision,8133.51,-1.361,0,1,0
4379,Obstacle Collision,8134.66,-1.086,0,1,0
4380,Success,8136.73,-0.089,0,0,1
4381,Agent Collision,8139.73,-1.839,1,0,0
4382,Success,8141.21,-0.061,0,0,1
4383,Success,8141.82,-0.028,0,0,1
4384,Obstacle Collision,8142.71,-1.272,0,1,0
4385,Success,8143.63,-0.033,0,0,1
4386,Success,8145.34,-0.056,0,0,1
4387,Success,8146.65,-0.044,0,0,1
4388,Obstacle Collision,8148.5,-1.3,0,1,0
4389,Success,8150.94,-0.111,0,0,1
4390,Obstacle Collision,8151.38,-1.261,0,1,0
4391,Obstacle Collision,8153.15,-1.086,0,1,0
4392,Success,8154.46,-0.039,0,0,1
4393,Agent Collision,8157.48,-14.611,1,0,0
4394,Success,8159.48,-0.128,0,0,1
4395,Success,8160.85,-0.044,0,0,1
4396,Success,8162.47,-0.067,0,0,1
4397,Success,8164.36,-0.056,0,0,1
4398,Success,8166.15,-0.911,0,0,1
4399,Obstacle Collision,8167.39,-2.958,0,1,0
4400,Success,8169.03,-0.067,0,0,1
4401,Success,8171.0,-0.078,0,0,1
4402,Success,8172.33,-0.056,0,0,1
4403,Success,8174.76,-0.078,0,0,1
4404,Success,8175.76,-0.033,0,0,1
4405,Success,8177.89,-0.083,0,0,1
4406,Obstacle Collision,8179.22,-1.306,0,1,0
4407,Success,8181.25,-0.072,0,0,1
4408,Obstacle Collision,8183.43,-1.372,0,1,0
4409,Success,8185.86,-0.061,0,0,1
4410,Success,8187.17,-0.039,0,0,1
4411,Success,8188.73,-0.061,0,0,1
4412,Agent Collision,8190.08,-0.9,1,0,0
4413,Success,8191.81,-0.078,0,0,1
4414,Obstacle Collision,8192.69,-2.133,0,1,0
4415,Agent Collision,8194.23,-1.767,1,0,0
4416,Success,8196.36,-0.056,0,0,1
4417,Success,8198.03,-0.089,0,0,1
4418,Success,8199.37,-0.056,0,0,1
4419,Success,8200.39,-0.033,0,0,1
4420,Success,8201.48,-0.039,0,0,1
4421,Success,8204.87,-0.167,0,0,1
4422,Obstacle Collision,8206.18,-1.306,0,1,0
4423,Obstacle Collision,8208.69,-1.344,0,1,0
4424,Success,8210.93,-0.061,0,0,1
4425,Success,8213.33,-0.072,0,0,1
4426,Obstacle Collision,8215.94,-3.894,0,1,0
4427,Obstacle Collision,8217.38,-1.306,0,1,0
4428,Obstacle Collision,8220.07,-1.322,0,1,0
4429,Success,8221.09,-0.044,0,0,1
4430,Success,8223.35,-0.111,0,0,1
4431,Obstacle Collision,8224.33,-1.117,0,1,0
4432,Obstacle Collision,8225.25,-1.278,0,1,0
4433,Obstacle Collision,8225.96,-1.267,0,1,0
4434,Obstacle Collision,8228.3,-1.328,0,1,0
4435,Success,8229.92,-0.05,0,0,1
4436,Success,8232.68,-0.1,0,0,1
4437,Obstacle Collision,8233.81,-1.008,0,1,0
4438,Obstacle Collision,8235.39,-2.606,0,1,0
4439,Success,8237.13,-2.633,0,0,1
4440,Success,8238.35,-0.039,0,0,1
4441,Obstacle Collision,8238.76,-1.261,0,1,0
4442,Success,8242.72,-0.122,0,0,1
4443,Obstacle Collision,8243.34,-1.225,0,1,0
4444,Obstacle Collision,8245.01,-1.35,0,1,0
4445,Success,8247.13,-0.078,0,0,1
4446,Success,8248.5,-0.05,0,0,1
4447,Obstacle Collision,8250.65,-1.328,0,1,0
4448,Obstacle Collision,8251.51,-1.231,0,1,0
4449,Success,8253.21,-0.072,0,0,1
4450,Success,8254.06,-0.028,0,0,1
4451,Success,8254.9,-0.028,0,0,1
4452,Success,8255.9,-0.033,0,0,1
4453,Success,8257.7,-0.061,0,0,1
4454,Success,8259.25,-0.044,0,0,1
4455,Success,8261.38,-0.094,0,0,1
4456,Success,8263.8,-0.083,0,0,1
4457,Success,8265.12,-0.061,0,0,1
4458,Success,8267.08,-0.089,0,0,1
4459,Success,8268.87,-0.072,0,0,1
4460,Success,8271.55,-0.089,0,0,1
4461,Success,8273.81,-2.65,0,0,1
4462,Success,8276.43,-0.083,0,0,1
4463,Obstacle Collision,8277.57,-1.081,0,1,0
4464,Success,8279.9,-0.094,0,0,1
4465,Success,8281.25,-0.044,0,0,1
4466,Obstacle Collision,8282.62,-1.214,0,1,0
4467,Obstacle Collision,8285.06,-1.322,0,1,0
4468,Obstacle Collision,8285.87,-1.193,0,1,0
4469,Obstacle Collision,8287.51,-3.006,0,1,0
4470,Success,8289.06,-0.056,0,0,1
4471,Obstacle Collision,8289.81,-1.19,0,1,0
4472,Obstacle Collision,8291.39,-2.15,0,1,0
4473,Obstacle Collision,8292.22,-1.013,0,1,0
4474,Success,8294.28,-0.072,0,0,1
4475,Success,8296.79,-0.144,0,0,1
4476,Success,8297.94,-0.033,0,0,1
4477,Obstacle Collision,8300.11,-0.962,0,1,0
4478,Obstacle Collision,8302.24,-1.406,0,1,0
4479,Success,8303.63,-0.044,0,0,1
4480,Success,8304.94,-0.05,0,0,1
4481,Obstacle Collision,8306.8,-1.277,0,1,0
4482,Success,8308.77,-0.089,0,0,1
4483,Success,8310.41,-0.044,0,0,1
4484,Success,8313.06,-0.95,0,0,1
4485,Success,8315.23,-0.061,0,0,1
4486,Success,8317.52,-1.817,0,0,1
4487,Obstacle Collision,8318.78,-1.283,0,1,0
4488,Success,8321.2,-2.644,0,0,1
4489,Obstacle Collision,8321.98,-1.189,0,1,0
4490,Success,8323.46,-0.061,0,0,1
4491,Success,8325.09,-0.078,0,0,1
4492,Success,8327.75,-0.067,0,0,1
4493,Success,8329.3,-0.061,0,0,1
4494,Obstacle Collision,8332.29,-1.478,0,1,0
4495,Success,8333.74,-0.044,0,0,1
4496,Success,8335.37,-0.056,0,0,1
4497,Obstacle Collision,8337.13,-1.306,0,1,0
4498,Obstacle Collision,8338.8,-1.317,0,1,0
4499,Success,8342.1,-1.872,0,0,1
4500,Success,8343.49,-0.039,0,0,1
4501,Success,8347.49,-1.844,0,0,1
4502,Obstacle Collision,8348.92,-1.143,0,1,0
4503,Success,8353.04,-0.189,0,0,1
4504,Success,8354.62,-0.05,0,0,1
4505,Obstacle Collision,8355.77,-1.003,0,1,0
4506,Success,8358.87,-0.106,0,0,1
4507,Obstacle Collision,8359.83,-1.278,0,1,0
4508,Obstacle Collision,8361.03,-1.289,0,1,0
4509,Success,8362.9,-0.089,0,0,1
4510,Obstacle Collision,8363.33,-1.261,0,1,0
4511,Obstacle Collision,8368.33,-1.606,0,1,0
4512,Success,8371.34,-6.089,0,0,1
4513,Success,8372.19,-0.039,0,0,1
4514,Success,8373.86,-0.05,0,0,1
4515,Obstacle Collision,8378.69,-3.233,0,1,0
4516,Success,8380.91,-0.094,0,0,1
4517,Obstacle Collision,8381.85,-1.265,0,1,0
4518,Success,8383.97,-0.089,0,0,1
4519,Success,8386.39,-0.083,0,0,1
4520,Obstacle Collision,8386.82,-1.261,0,1,0
4521,Success,8388.67,-0.061,0,0,1
4522,Success,8391.37,-0.178,0,0,1
4523,Success,8393.39,-0.083,0,0,1
4524,Success,8395.47,-0.111,0,0,1
4525,Success,8396.57,-0.039,0,0,1
4526,Success,8398.62,-0.061,0,0,1
4527,Obstacle Collision,8399.78,-1.278,0,1,0
4528,Obstacle Collision,8402.53,-1.333,0,1,0
4529,Obstacle Collision,8403.7,-1.278,0,1,0
4530,Obstacle Collision,8405.62,-1.136,0,1,0
4531,Obstacle Collision,8408.53,-0.839,0,1,0
4532,Obstacle Collision,8409.21,-1.267,0,1,0
4533,Obstacle Collision,8410.53,-1.294,0,1,0
4534,Obstacle Collision,8412.24,-1.756,0,1,0
4535,Success,8414.73,-0.106,0,0,1
4536,Obstacle Collision,8415.39,-1.267,0,1,0
4537,Success,8417.99,-0.133,0,0,1
4538,Success,8420.23,-0.067,0,0,1
4539,Obstacle Collision,8422.67,-1.317,0,1,0
4540,Success,8425.64,-0.094,0,0,1
4541,Success,8427.67,-0.061,0,0,1
4542,Success,8428.9,-0.05,0,0,1
4543,Obstacle Collision,8430.86,-1.276,0,1,0
4544,Success,8432.02,-0.05,0,0,1
4545,Success,8434.29,-0.078,0,0,1
4546,Success,8437.27,-0.089,0,0,1
4547,Success,8439.32,-0.089,0,0,1
4548,Success,8440.16,-0.028,0,0,1
4549,Success,8442.98,-0.95,0,0,1
4550,Agent Collision,8445.03,-0.906,1,0,0
4551,Success,8446.73,-0.056,0,0,1
4552,Success,8448.45,-0.072,0,0,1
4553,Obstacle Collision,8451.27,-1.011,0,1,0
4554,Obstacle Collision,8452.53,-1.289,0,1,0
4555,Obstacle Collision,8453.68,-2.133,0,1,0
4556,Success,8456.17,-0.956,0,0,1
4557,Success,8457.95,-0.078,0,0,1
4558,Success,8459.42,-0.911,0,0,1
4559,Success,8461.8,-1.8,0,0,1
4560,Success,8463.59,-0.061,0,0,1
4561,Obstacle Collision,8464.26,-1.267,0,1,0
4562,Success,8466.12,-0.067,0,0,1
4563,Success,8468.76,-0.078,0,0,1
4564,Success,8469.76,-0.039,0,0,1
4565,Obstacle Collision,8471.53,-1.306,0,1,0
4566,Obstacle Collision,8474.96,-1.494,0,1,0
4567,Success,8478.67,-0.139,0,0,1
4568,Success,8481.0,-1.778,0,0,1
4569,Success,8483.66,-0.094,0,0,1
4570,Success,8484.73,-0.044,0,0,1
4571,Success,8487.39,-0.072,0,0,1
4572,Success,8490.93,-0.128,0,0,1
4573,Obstacle Collision,8492.52,-1.294,0,1,0
4574,Success,8493.93,-0.061,0,0,1
4575,Obstacle Collision,8494.56,-1.267,0,1,0
4576,Obstacle Collision,8495.37,-1.189,0,1,0
4577,Obstacle Collision,8495.8,-1.261,0,1,0
4578,Obstacle Collision,8498.51,-1.433,0,1,0
4579,Obstacle Collision,8499.73,-1.3,0,1,0
4580,Obstacle Collision,8500.4,-1.267,0,1,0
4581,Success,8502.21,-0.906,0,0,1
4582,Obstacle Collision,8502.88,-1.267,0,1,0
4583,Success,8504.61,-0.067,0,0,1
4584,Success,8506.28,-0.067,0,0,1
4585,Obstacle Collision,8507.77,-1.294,0,1,0
4586,Obstacle Collision,8512.08,-1.528,0,1,0
4587,Obstacle Collision,8513.44,-1.283,0,1,0
4588,Success,8515.61,-0.078,0,0,1
4589,Obstacle Collision,8517.62,-1.121,0,1,0
4590,Success,8519.37,-0.078,0,0,1
4591,Success,8522.09,-0.078,0,0,1
4592,Success,8524.05,-0.089,0,0,1
4593,Success,8526.87,-0.111,0,0,1
4594,Obstacle Collision,8527.31,-1.261,0,1,0
4595,Obstacle Collision,8532.55,-1.65,0,1,0
4596,Obstacle Collision,8533.37,-1.278,0,1,0
4597,Success,8535.17,-0.067,0,0,1
4598,Obstacle Collision,8537.38,-2.167,0,1,0
4599,Obstacle Collision,8539.55,-1.311,0,1,0
4600,Success,8540.48,-0.883,0,0,1
4601,Obstacle Collision,8541.93,-1.057,0,1,0
4602,Obstacle Collision,8543.44,-1.294,0,1,0
4603,Success,8544.99,-0.05,0,0,1
4604,Agent Collision,8546.85,-0.917,1,0,0
4605,Success,8549.7,-0.944,0,0,1
4606,Obstacle Collision,8551.11,-1.27,0,1,0
4607,Success,8552.52,-0.056,0,0,1
4608,Obstacle Collision,8553.44,-1.272,0,1,0
4609,Obstacle Collision,8554.77,-1.792,0,1,0
4610,Success,8556.45,-0.106,0,0,1
4611,Success,8558.77,-0.067,0,0,1
4612,Success,8562.1,-3.511,0,0,1
4613,Obstacle Collision,8564.7,-1.433,0,1,0
4614,Success,8566.89,-0.917,0,0,1
4615,Success,8569.09,-0.067,0,0,1
4616,Obstacle Collision,8570.25,-1.283,0,1,0
4617,Success,8572.4,-0.094,0,0,1
4618,Success,8573.87,-0.05,0,0,1
4619,Success,8576.37,-0.094,0,0,1
4620,Success,8577.36,-0.028,0,0,1
4621,Success,8578.43,-0.039,0,0,1
4622,Success,8581.15,-0.1,0,0,1
4623,Obstacle Collision,8581.82,-1.267,0,1,0
4624,Success,8583.92,-0.111,0,0,1
4625,Success,8585.8,-0.067,0,0,1
4626,Success,8587.21,-0.044,0,0,1
4627,Obstacle Collision,8588.61,-1.317,0,1,0
4628,Obstacle Collision,8589.8,-1.131,0,1,0
4629,Success,8591.94,-0.067,0,0,1
4630,Success,8592.78,-0.028,0,0,1
4631,Obstacle Collision,8594.9,-6.039,0,1,0
4632,Success,8597.99,-0.106,0,0,1
4633,Success,8601.66,-0.95,0,0,1
4634,Success,8604.07,-0.067,0,0,1
4635,Success,8605.89,-0.067,0,0,1
4636,Success,8607.84,-0.128,0,0,1
4637,Success,8611.1,-0.106,0,0,1
4638,Obstacle Collision,8614.44,-6.122,0,1,0
4639,Obstacle Collision,8614.89,-1.261,0,1,0
4640,Obstacle Collision,8616.79,-1.344,0,1,0
4641,Success,8619.23,-0.089,0,0,1
4642,Success,8621.1,-0.083,0,0,1
4643,Success,8623.86,-0.117,0,0,1
4644,Obstacle Collision,8627.5,-1.489,0,1,0
4645,Success,8629.37,-0.067,0,0,1
4646,Success,8632.98,-0.111,0,0,1
4647,Success,8633.5,-0.017,0,0,1
4648,Success,8634.58,-0.039,0,0,1
4649,Obstacle Collision,8636.44,-1.306,0,1,0
4650,Success,8639.12,-0.1,0,0,1
4651,Obstacle Collision,8639.8,-1.728,0,1,0
4652,Success,8642.06,-0.078,0,0,1
4653,Obstacle Collision,8643.76,-1.322,0,1,0
4654,Obstacle Collision,8644.58,-1.231,0,1,0
4655,Success,8645.83,-0.05,0,0,1
4656,Success,8648.22,-0.083,0,0,1
4657,Success,8650.32,-0.089,0,0,1
4658,Obstacle Collision,8651.18,-1.272,0,1,0
4659,Obstacle Collision,8652.62,-1.3,0,1,0
4660,Obstacle Collision,8654.74,-1.328,0,1,0
4661,Success,8655.9,-0.039,0,0,1
4662,Obstacle Collision,8657.86,-1.175,0,1,0
4663,Success,8660.5,-0.139,0,0,1
4664,Success,8663.52,-0.1,0,0,1
4665,Success,8666.78,-0.978,0,0,1
4666,Success,8668.82,-0.067,0,0,1
4667,Success,8671.06,-0.928,0,0,1
4668,Success,8672.97,-0.061,0,0,1
4669,Success,8674.05,-0.033,0,0,1
4670,Obstacle Collision,8675.93,-1.221,0,1,0
4671,Obstacle Collision,8678.23,-1.328,0,1,0
4672,Obstacle Collision,8680.31,-1.367,0,1,0
4673,Success,8682.42,-0.083,0,0,1
4674,Obstacle Collision,8683.24,-1.248,0,1,0
4675,Obstacle Collision,8685.36,-1.306,0,1,0
4676,Success,8686.43,-0.044,0,0,1
4677,Success,8688.92,-0.1,0,0,1
4678,Obstacle Collision,8690.13,-1.044,0,1,0
4679,Success,8692.16,-0.072,0,0,1
4680,Obstacle Collision,8697.66,-2.539,0,1,0
4681,Obstacle Collision,8699.02,-1.042,0,1,0
4682,Success,8701.5,-0.072,0,0,1
4683,Success,8704.14,-0.944,0,0,1
4684,Success,8706.77,-0.067,0,0,1
4685,Obstacle Collision,8709.02,-1.383,0,1,0
4686,Obstacle Collision,8712.03,-1.394,0,1,0
4687,Success,8713.74,-0.056,0,0,1
4688,Success,8715.4,-0.067,0,0,1
4689,Success,8716.64,-0.894,0,0,1
4690,Success,8719.09,-0.933,0,0,1
4691,Agent Collision,8720.8,-1.761,1,0,0
4692,Success,8723.45,-0.128,0,0,1
4693,Success,8724.81,-0.072,0,0,1
4694,Obstacle Collision,8725.57,-1.278,0,1,0
4695,Obstacle Collision,8726.61,-2.989,0,1,0
4696,Obstacle Collision,8728.12,-1.289,0,1,0
4697,Obstacle Collision,8728.8,-1.189,0,1,0
4698,Timeout,8735.23,-0.6,0,0,0
4699,Success,8737.64,-0.133,0,0,1
4700,Obstacle Collision,8738.27,-1.267,0,1,0
4701,Success,8740.72,-0.956,0,0,1
4702,Success,8743.08,-0.083,0,0,1
4703,Obstacle Collision,8743.98,-0.931,0,1,0
4704,Success,8745.64,-0.078,0,0,1
4705,Obstacle Collision,8749.95,-1.511,0,1,0
4706,Success,8752.1,-0.089,0,0,1
4707,Success,8754.4,-0.089,0,0,1
4708,Success,8756.52,-0.067,0,0,1
4709,Obstacle Collision,8757.68,-1.075,0,1,0
4710,Obstacle Collision,8760.33,-1.356,0,1,0
4711,Success,8761.72,-0.044,0,0,1
4712,Success,8763.63,-0.039,0,0,1
4713,Obstacle Collision,8765.22,-1.306,0,1,0
4714,Obstacle Collision,8766.25,-1.225,0,1,0
4715,Success,8767.5,-0.056,0,0,1
4716,Obstacle Collision,8772.75,-1.644,0,1,0
4717,Obstacle Collision,8773.88,-2.001,0,1,0
4718,Success,8778.02,-2.657,0,0,1
4719,Obstacle Collision,8780.45,-1.389,0,1,0
4720,Success,8783.41,-0.117,0,0,1
4721,Obstacle Collision,8784.12,-1.189,0,1,0
4722,Success,8785.76,-0.067,0,0,1
4723,Success,8787.17,-0.061,0,0,1
4724,Success,8789.84,-0.122,0,0,1
4725,Obstacle Collision,8791.34,-1.289,0,1,0
4726,Success,8792.81,-0.044,0,0,1
4727,Success,8794.99,-0.067,0,0,1
4728,Obstacle Collision,8796.21,-1.003,0,1,0
4729,Obstacle Collision,8797.64,-1.182,0,1,0
4730,Obstacle Collision,8800.21,-4.344,0,1,0
4731,Success,8802.05,-0.061,0,0,1
4732,Success,8803.3,-0.05,0,0,1
4733,Obstacle Collision,8805.63,-1.311,0,1,0
4734,Obstacle Collision,8806.8,-1.3,0,1,0
4735,Obstacle Collision,8809.16,-1.198,0,1,0
4736,Obstacle Collision,8810.31,-1.071,0,1,0
4737,Success,8812.01,-0.083,0,0,1
4738,Obstacle Collision,8816.05,-4.939,0,1,0
4739,Success,8819.09,-5.136,0,0,1
4740,Success,8820.4,-0.044,0,0,1
4741,Success,8823.07,-0.956,0,0,1
4742,Success,8825.4,-0.061,0,0,1
4743,Obstacle Collision,8826.23,-1.189,0,1,0
4744,Success,8828.39,-0.094,0,0,1
4745,Obstacle Collision,8831.15,-1.417,0,1,0
4746,Obstacle Collision,8831.58,-1.261,0,1,0
4747,Obstacle Collision,8833.17,-1.289,0,1,0
4748,Success,8834.93,-0.061,0,0,1
4749,Success,8835.99,-0.033,0,0,1
4750,Success,8837.64,-0.072,0,0,1
4751,Success,8839.15,-0.039,0,0,1
4752,Success,8840.68,-0.05,0,0,1
4753,Obstacle Collision,8841.49,-1.272,0,1,0
4754,Success,8843.35,-0.067,0,0,1
4755,Success,8846.26,-0.083,0,0,1
4756,Success,8849.79,-0.183,0,0,1
4757,Success,8851.14,-0.044,0,0,1
4758,Success,8853.41,-0.078,0,0,1
4759,Success,8855.98,-0.089,0,0,1
4760,Success,8858.5,-1.822,0,0,1
4761,Obstacle Collision,8860.05,-4.711,0,1,0
4762,Success,8861.89,-0.078,0,0,1
4763,Success,8865.55,-0.133,0,0,1
4764,Obstacle Collision,8867.48,-1.258,0,1,0
4765,Success,8870.9,-0.956,0,0,1
4766,Obstacle Collision,8871.97,-3.724,0,1,0
4767,Success,8873.27,-0.05,0,0,1
4768,Success,8874.83,-0.061,0,0,1
4769,Success,8876.65,-0.089,0,0,1
4770,Success,8878.63,-0.056,0,0,1
4771,Obstacle Collision,8880.11,-2.144,0,1,0
4772,Obstacle Collision,8883.06,-2.217,0,1,0
4773,Success,8886.64,-0.967,0,0,1
4774,Obstacle Collision,8888.15,-0.919,0,1,0
4775,Success,8889.55,-0.05,0,0,1
4776,Obstacle Collision,8890.15,-1.267,0,1,0
4777,Obstacle Collision,8890.96,-1.272,0,1,0
4778,Obstacle Collision,8891.83,-1.272,0,1,0
4779,Success,8894.13,-1.806,0,0,1
4780,Success,8896.78,-0.072,0,0,1
4781,Success,8898.02,-0.05,0,0,1
4782,Success,8898.84,-0.028,0,0,1
4783,Success,8900.61,-0.056,0,0,1
4784,Success,8902.54,-0.061,0,0,1
4785,Obstacle Collision,8904.05,-1.289,0,1,0
4786,Obstacle Collision,8905.31,-1.003,0,1,0
4787,Obstacle Collision,8906.2,-1.231,0,1,0
4788,Success,8907.74,-0.061,0,0,1
4789,Obstacle Collision,8910.24,-1.339,0,1,0
4790,Obstacle Collision,8912.19,-1.284,0,1,0
4791,Obstacle Collision,8914.21,-1.184,0,1,0
4792,Obstacle Collision,8917.3,-1.339,0,1,0
4793,Obstacle Collision,8918.31,-1.083,0,1,0
4794,Obstacle Collision,8918.99,-1.267,0,1,0
4795,Obstacle Collision,8919.43,-1.261,0,1,0
4796,Success,8922.0,-0.078,0,0,1
4797,Obstacle Collision,8922.69,-1.225,0,1,0
4798,Success,8927.03,-0.3,0,0,1
4799,Obstacle Collision,8927.48,-1.261,0,1,0
4800,Success,8929.05,-0.061,0,0,1
4801,Success,8930.72,-0.056,0,0,1
4802,Obstacle Collision,8934.09,-1.109,0,1,0
4803,Success,8937.16,-1.006,0,0,1
4804,Success,8938.48,-0.044,0,0,1
4805,Obstacle Collision,8939.1,-3.795,0,1,0
4806,Success,8940.11,-0.044,0,0,1
4807,Obstacle Collision,8941.89,-1.3,0,1,0
4808,Obstacle Collision,8942.97,-1.204,0,1,0
4809,Obstacle Collision,8943.92,-1.277,0,1,0
4810,Success,8947.32,-6.933,0,0,1
4811,Success,8949.19,-1.778,0,0,1
4812,Success,8951.03,-0.05,0,0,1
4813,Success,8952.97,-0.933,0,0,1
4814,Success,8954.69,-0.061,0,0,1
4815,Success,8957.19,-0.083,0,0,1
4816,Obstacle Collision,8957.62,-2.139,0,1,0
4817,Obstacle Collision,8958.93,-1.283,0,1,0
4818,Success,8961.26,-0.078,0,0,1
4819,Success,8963.75,-2.661,0,0,1
4820,Obstacle Collision,8964.98,-1.117,0,1,0
4821,Obstacle Collision,8966.25,-1.306,0,1,0
4822,Obstacle Collision,8966.93,-1.267,0,1,0
4823,Obstacle Collision,8970.15,-1.4,0,1,0
4824,Success,8971.93,-3.483,0,0,1
4825,Success,8973.3,-0.05,0,0,1
4826,Success,8974.84,-0.056,0,0,1
4827,Success,8975.97,-0.044,0,0,1
4828,Success,8977.26,-0.894,0,0,1
4829,Success,8978.5,-0.05,0,0,1
4830,Success,8980.4,-0.083,0,0,1
4831,Success,8983.69,-2.728,0,0,1
4832,Success,8984.92,-0.039,0,0,1
4833,Obstacle Collision,8987.26,-1.306,0,1,0
4834,Obstacle Collision,8989.2,-0.964,0,1,0
4835,Success,8990.93,-0.922,0,0,1
4836,Obstacle Collision,8995.53,-1.633,0,1,0
4837,Obstacle Collision,8997.62,-1.08,0,1,0
4838,Obstacle Collision,8999.02,-1.283,0,1,0
4839,Success,9001.95,-6.911,0,0,1
4840,Obstacle Collision,9002.83,-2.128,0,1,0
4841,Obstacle Collision,9003.98,-1.278,0,1,0
4842,Obstacle Collision,9004.6,-1.226,0,1,0
4843,Success,9005.99,-0.061,0,0,1
4844,Success,9008.25,-0.078,0,0,1
4845,Success,9012.87,-0.178,0,0,1
4846,Success,9016.9,-0.156,0,0,1
4847,Obstacle Collision,9019.03,-4.728,0,1,0
4848,Obstacle Collision,9019.76,-1.231,0,1,0
4849,Obstacle Collision,9021.25,-0.93,0,1,0
4850,Obstacle Collision,9022.99,-1.294,0,1,0
4851,Success,9024.3,-0.044,0,0,1
4852,Success,9027.7,-0.117,0,0,1
4853,Success,9031.66,-0.172,0,0,1
4854,Obstacle Collision,9032.75,-1.16,0,1,0
4855,Obstacle Collision,9034.14,-1.289,0,1,0
4856,Obstacle Collision,9035.98,-1.308,0,1,0
4857,Obstacle Collision,9038.23,-2.622,0,1,0
4858,Obstacle Collision,9043.07,-1.622,0,1,0
4859,Obstacle Collision,9043.73,-1.267,0,1,0
4860,Agent Collision,9045.12,-0.906,1,0,0
4861,Success,9046.6,-0.061,0,0,1
4862,Obstacle Collision,9048.86,-1.811,0,1,0
4863,Success,9049.95,-0.056,0,0,1
4864,Obstacle Collision,9055.81,-3.389,0,1,0
4865,Success,9057.23,-0.056,0,0,1
4866,Success,9058.85,-0.061,0,0,1
4867,Agent Collision,9060.45,-5.178,1,0,0
4868,Obstacle Collision,9061.48,-1.2,0,1,0
4869,Obstacle Collision,9062.16,-1.267,0,1,0
4870,Obstacle Collision,9062.82,-1.225,0,1,0
4871,Success,9064.53,-0.083,0,0,1
4872,Success,9066.94,-0.072,0,0,1
4873,Obstacle Collision,9068.7,-1.306,0,1,0
4874,Success,9070.95,-0.089,0,0,1
4875,Success,9073.83,-0.178,0,0,1
4876,Success,9076.63,-0.094,0,0,1
4877,Obstacle Collision,9078.41,-1.306,0,1,0
4878,Success,9079.39,-0.039,0,0,1
4879,Obstacle Collision,9083.67,-1.578,0,1,0
4880,Success,9087.72,-0.178,0,0,1
4881,Obstacle Collision,9089.52,-1.756,0,1,0
4882,Success,9091.73,-0.061,0,0,1
4883,Success,9093.05,-0.061,0,0,1
4884,Success,9094.44,-0.05,0,0,1
4885,Obstacle Collision,9095.96,-1.3,0,1,0
4886,Obstacle Collision,9097.38,-1.081,0,1,0
4887,Obstacle Collision,9098.66,-1.283,0,1,0
4888,Success,9101.49,-7.8,0,0,1
4889,Obstacle Collision,9102.53,-1.278,0,1,0
4890,Success,9105.67,-1.022,0,0,1
4891,Success,9107.93,-2.639,0,0,1
4892,Success,9109.8,-0.067,0,0,1
4893,Success,9111.99,-0.078,0,0,1
4894,Success,9114.26,-0.089,0,0,1
4895,Success,9116.56,-1.822,0,0,1
4896,Success,9118.42,-0.072,0,0,1
4897,Success,9121.69,-0.106,0,0,1
4898,Obstacle Collision,9122.96,-1.117,0,1,0
4899,Obstacle Collision,9126.04,-1.378,0,1,0
4900,Success,9128.58,-0.067,0,0,1
4901,Success,9130.23,-0.061,0,0,1
4902,Success,9131.14,-0.033,0,0,1
4903,Success,9132.63,-0.067,0,0,1
4904,Success,9133.56,-0.028,0,0,1
4905,Success,9135.83,-0.083,0,0,1
4906,Obstacle Collision,9138.84,-1.361,0,1,0
4907,Success,9140.25,-0.056,0,0,1
4908,Success,9142.22,-0.072,0,0,1
4909,Success,9143.71,-0.056,0,0,1
4910,Success,9145.45,-0.078,0,0,1
4911,Obstacle Collision,9146.55,-1.283,0,1,0
4912,Success,9148.1,-0.067,0,0,1
4913,Obstacle Collision,9149.44,-1.159,0,1,0
4914,Success,9150.82,-0.056,0,0,1
4915,Obstacle Collision,9151.8,-1.158,0,1,0
4916,Success,9153.94,-0.089,0,0,1
4917,Obstacle Collision,9155.41,-0.968,0,1,0
4918,Success,9156.8,-0.05,0,0,1
4919,Success,9159.2,-0.083,0,0,1
4920,Obstacle Collision,9160.91,-1.294,0,1,0
4921,Success,9163.32,-0.083,0,0,1
4922,Obstacle Collision,9165.1,-3.861,0,1,0
4923,Success,9167.15,-0.089,0,0,1
4924,Success,9168.54,-0.039,0,0,1
4925,Success,9172.92,-1.156,0,0,1
4926,Success,9174.7,-0.089,0,0,1
4927,Obstacle Collision,9176.25,-1.311,0,1,0
4928,Obstacle Collision,9176.92,-1.267,0,1,0
4929,Success,9179.17,-0.161,0,0,1
4930,Success,9180.8,-0.05,0,0,1
4931,Timeout,9187.72,-0.6,0,0,0
4932,Success,9189.58,-0.061,0,0,1
4933,Success,9190.67,-0.05,0,0,1
4934,Success,9193.69,-0.106,0,0,1
4935,Success,9195.71,-0.1,0,0,1
4936,Success,9196.54,-0.028,0,0,1
4937,Obstacle Collision,9197.17,-1.225,0,1,0
4938,Success,9198.96,-0.072,0,0,1
4939,Success,9200.81,-0.056,0,0,1
4940,Obstacle Collision,9201.69,-1.272,0,1,0
4941,Obstacle Collision,9202.61,-1.272,0,1,0
4942,Success,9205.02,-0.067,0,0,1
4943,Agent Collision,9205.94,-2.6,1,0,0
4944,Success,9208.04,-1.794,0,0,1
4945,Obstacle Collision,9209.74,-0.917,0,1,0
4946,Success,9211.71,-0.072,0,0,1
4947,Obstacle Collision,9212.51,-1.272,0,1,0
4948,Obstacle Collision,9214.21,-1.02,0,1,0
4949,Agent Collision,9217.13,-2.667,1,0,0
4950,Success,9218.29,-0.033,0,0,1
4951,Success,9220.53,-0.106,0,0,1
4952,Obstacle Collision,9222.3,-2.035,0,1,0
4953,Obstacle Collision,9223.41,-1.283,0,1,0
4954,Success,9225.78,-0.111,0,0,1
4955,Obstacle Collision,9228.05,-1.422,0,1,0
4956,Success,9230.18,-0.944,0,0,1
4957,Success,9231.98,-0.072,0,0,1
4958,Success,9234.23,-0.067,0,0,1
4959,Timeout,9241.13,-0.6,0,0,0
4960,Success,9245.26,-0.167,0,0,1
4961,Success,9247.98,-0.15,0,0,1
4962,Success,9248.82,-0.039,0,0,1
4963,Success,9250.72,-0.95,0,0,1
4964,Obstacle Collision,9253.29,-2.639,0,1,0
4965,Success,9254.58,-0.039,0,0,1
4966,Success,9257.14,-0.072,0,0,1
4967,Obstacle Collision,9258.28,-2.13,0,1,0
4968,Success,9260.05,-0.056,0,0,1
4969,Obstacle Collision,9261.42,-2.139,0,1,0
4970,Obstacle Collision,9261.86,-1.261,0,1,0
4971,Success,9264.2,-0.089,0,0,1
4972,Success,9265.2,-0.033,0,0,1
4973,Success,9266.5,-0.044,0,0,1
4974,Obstacle Collision,9269.05,-1.039,0,1,0
4975,Success,9270.13,-0.056,0,0,1
4976,Obstacle Collision,9271.63,-1.339,0,1,0
4977,Success,9273.59,-0.078,0,0,1
4978,Success,9275.05,-0.05,0,0,1
4979,Obstacle Collision,9275.61,-1.267,0,1,0
4980,Obstacle Collision,9276.69,-1.225,0,1,0
4981,Obstacle Collision,9279.05,-4.733,0,1,0
4982,Success,9280.44,-0.044,0,0,1
4983,Success,9284.1,-0.106,0,0,1
4984,Obstacle Collision,9285.58,-1.311,0,1,0
4985,Success,9287.72,-0.1,0,0,1
4986,Obstacle Collision,9290.18,-1.317,0,1,0
4987,Obstacle Collision,9291.58,-1.086,0,1,0
4988,Success,9295.66,-0.211,0,0,1
4989,Success,9297.29,-0.056,0,0,1
4990,Success,9299.24,-0.094,0,0,1
4991,Obstacle Collision,9301.39,-1.088,0,1,0
4992,Obstacle Collision,9302.4,-1.283,0,1,0
4993,Success,9303.48,-0.039,0,0,1
4994,Success,9305.25,-0.061,0,0,1
4995,Obstacle Collision,9306.68,-1.112,0,1,0
4996,Obstacle Collision,9308.11,-1.294,0,1,0
4997,Success,9309.91,-0.072,0,0,1
4998,Success,9311.3,-0.044,0,0,1
4999,Obstacle Collision,9312.72,-1.294,0,1,0
5000,Obstacle Collision,9313.9,-1.039,0,1,0
5001,Success,9315.63,-0.917,0,0,1
5002,Obstacle Collision,9317.73,-1.192,0,1,0
5003,Obstacle Collision,9321.61,-1.6,0,1,0
5004,Obstacle Collision,9322.27,-1.289,0,1,0
5005,Obstacle Collision,9323.65,-1.306,0,1,0
5006,Obstacle Collision,9325.0,-1.283,0,1,0
5007,Obstacle Collision,9326.8,-1.3,0,1,0
5008,Success,9329.12,-0.078,0,0,1
5009,Obstacle Collision,9331.85,-1.339,0,1,0
5010,Obstacle Collision,9333.51,-1.098,0,1,0
5011,Obstacle Collision,9335.41,-1.179,0,1,0
5012,Success,9337.42,-0.061,0,0,1
5013,Obstacle Collision,9337.86,-1.261,0,1,0
5014,Success,9339.97,-0.067,0,0,1
5015,Obstacle Collision,9341.73,-0.949,0,1,0
5016,Agent Collision,9343.87,-6.922,1,0,0
5017,Obstacle Collision,9345.18,-1.248,0,1,0
5018,Success,9346.42,-0.039,0,0,1
5019,Obstacle Collision,9347.09,-1.267,0,1,0
5020,Agent Collision,9348.96,-3.483,1,0,0
5021,Success,9350.27,-0.05,0,0,1
5022,Obstacle Collision,9350.69,-1.261,0,1,0
5023,Obstacle Collision,9353.38,-1.411,0,1,0
5024,Obstacle Collision,9355.96,-1.028,0,1,0
5025,Success,9360.11,-1.906,0,0,1
5026,Success,9360.96,-0.039,0,0,1
5027,Success,9362.77,-0.067,0,0,1
5028,Obstacle Collision,9363.96,-1.025,0,1,0
5029,Obstacle Collision,9366.06,-1.3,0,1,0
5030,Success,9367.47,-0.067,0,0,1
5031,Success,9371.01,-2.661,0,0,1
5032,Success,9373.6,-0.083,0,0,1
5033,Obstacle Collision,9375.69,-1.344,0,1,0
5034,Success,9377.3,-0.061,0,0,1
5035,Obstacle Collision,9378.72,-1.735,0,1,0
5036,Success,9380.59,-0.067,0,0,1
5037,Obstacle Collision,9381.26,-3.833,0,1,0
5038,Success,9382.49,-0.05,0,0,1
5039,Success,9384.65,-0.072,0,0,1
5040,Obstacle Collision,9387.02,-3.044,0,1,0
5041,Success,9389.03,-0.083,0,0,1
5042,Success,9390.84,-0.072,0,0,1
5043,Success,9392.14,-0.044,0,0,1
5044,Success,9393.14,-0.039,0,0,1
5045,Obstacle Collision,9395.38,-0.97,0,1,0
5046,Obstacle Collision,9398.04,-1.1,0,1,0
5047,Success,9401.11,-0.094,0,0,1
5048,Success,9402.51,-0.056,0,0,1
5049,Success,9404.14,-0.061,0,0,1
5050,Success,9405.84,-0.044,0,0,1
5051,Obstacle Collision,9407.98,-1.306,0,1,0
5052,Obstacle Collision,9410.71,-2.178,0,1,0
5053,Success,9412.32,-0.056,0,0,1
5054,Success,9413.15,-0.028,0,0,1
5055,Success,9414.84,-0.05,0,0,1
5056,Obstacle Collision,9415.79,-1.236,0,1,0
5057,Obstacle Collision,9417.09,-1.086,0,1,0
5058,Obstacle Collision,9418.49,-1.289,0,1,0
5059,Success,9420.06,-0.05,0,0,1
5060,Obstacle Collision,9420.73,-1.267,0,1,0
5061,Success,9422.92,-0.067,0,0,1
5062,Success,9424.55,-0.05,0,0,1
5063,Obstacle Collision,9426.29,-1.326,0,1,0
5064,Obstacle Collision,9426.91,-1.226,0,1,0
5065,Success,9428.39,-0.044,0,0,1
5066,Obstacle Collision,9429.39,-1.179,0,1,0
5067,Obstacle Collision,9430.98,-1.294,0,1,0
5068,Obstacle Collision,9432.48,-1.289,0,1,0
5069,Success,9433.78,-0.05,0,0,1
5070,Success,9435.35,-0.083,0,0,1
5071,Success,9438.13,-0.106,0,0,1
5072,Obstacle Collision,9440.07,-1.128,0,1,0
5073,Success,9444.69,-0.311,0,0,1
5074,Obstacle Collision,9445.82,-1.258,0,1,0
5075,Success,9449.73,-0.2,0,0,1
5076,Obstacle Collision,9451.75,-1.322,0,1,0
5077,Success,9453.38,-0.072,0,0,1
5078,Success,9456.24,-0.089,0,0,1
5079,Success,9457.91,-0.061,0,0,1
5080,Obstacle Collision,9462.21,-1.667,0,1,0
5081,Success,9463.29,-0.039,0,0,1
5082,Success,9464.78,-0.05,0,0,1
5083,Success,9466.1,-0.056,0,0,1
5084,Success,9469.03,-0.094,0,0,1
5085,Obstacle Collision,9470.78,-1.235,0,1,0
5086,Success,9472.26,-0.056,0,0,1
5087,Obstacle Collision,9473.64,-1.081,0,1,0
5088,Obstacle Collision,9474.67,-1.153,0,1,0
5089,Success,9477.53,-0.089,0,0,1
5090,Agent Collision,9479.45,-2.617,1,0,0
5091,Obstacle Collision,9481.89,-1.167,0,1,0
5092,Success,9483.21,-0.044,0,0,1
5093,Success,9484.91,-0.067,0,0,1
5094,Success,9487.33,-0.067,0,0,1
5095,Obstacle Collision,9488.6,-1.744,0,1,0
5096,Success,9491.33,-0.944,0,0,1
5097,Success,9492.8,-0.044,0,0,1
5098,Success,9493.8,-0.044,0,0,1
5099,Obstacle Collision,9494.78,-1.086,0,1,0
5100,Success,9496.36,-0.061,0,0,1
5101,Obstacle Collision,9497.48,-1.283,0,1,0
5102,Success,9500.16,-2.65,0,0,1
5103,Obstacle Collision,9501.84,-1.3,0,1,0
5104,Obstacle Collision,9505.23,-1.439,0,1,0
5105,Success,9506.69,-0.067,0,0,1
5106,Obstacle Collision,9507.72,-1.283,0,1,0
5107,Obstacle Collision,9508.12,-1.225,0,1,0
5108,Obstacle Collision,9508.51,-1.261,0,1,0
5109,Success,9509.17,-0.022,0,0,1
5110,Obstacle Collision,9510.64,-1.198,0,1,0
5111,Success,9512.76,-0.094,0,0,1
5112,Success,9514.65,-0.067,0,0,1
5113,Agent Collision,9516.07,-8.611,1,0,0
5114,Success,9517.93,-1.794,0,0,1
5115,Success,9519.69,-0.056,0,0,1
5116,Timeout,9526.72,-1.456,0,0,0
5117,Success,9528.52,-0.094,0,0,1
5118,Obstacle Collision,9531.78,-1.367,0,1,0
5119,Obstacle Collision,9532.94,-1.278,0,1,0
5120,Success,9534.6,-0.089,0,0,1
5121,Obstacle Collision,9535.63,-1.278,0,1,0
5122,Success,9537.34,-0.061,0,0,1
5123,Obstacle Collision,9538.02,-1.267,0,1,0
5124,Success,9539.8,-0.056,0,0,1
5125,Obstacle Collision,9543.35,-1.456,0,1,0
5126,Success,9544.75,-0.05,0,0,1
5127,Agent Collision,9545.71,-1.739,1,0,0
5128,Obstacle Collision,9547.15,-1.328,0,1,0
5129,Success,9548.15,-0.039,0,0,1
5130,Obstacle Collision,9549.86,-1.061,0,1,0
5131,Success,9554.52,-5.278,0,0,1
5132,Success,9556.77,-0.917,0,0,1
5133,Obstacle Collision,9559.52,-1.28,0,1,0
5134,Success,9560.35,-0.022,0,0,1
5135,Success,9563.22,-0.094,0,0,1
5136,Obstacle Collision,9563.98,-1.117,0,1,0
5137,Obstacle Collision,9565.88,-1.311,0,1,0
5138,Success,9567.28,-0.044,0,0,1
5139,Success,9569.86,-0.078,0,0,1
5140,Obstacle Collision,9570.73,-1.16,0,1,0
5141,Success,9571.99,-0.044,0,0,1
5142,Success,9573.69,-0.9,0,0,1
5143,Success,9575.75,-0.083,0,0,1
5144,Success,9577.32,-0.072,0,0,1
5145,Success,9580.41,-0.089,0,0,1
5146,Obstacle Collision,9582.14,-1.935,0,1,0
5147,Success,9584.87,-0.078,0,0,1
5148,Success,9586.59,-0.05,0,0,1
5149,Obstacle Collision,9587.51,-1.272,0,1,0
5150,Obstacle Collision,9589.3,-0.892,0,1,0
5151,Obstacle Collision,9589.74,-1.261,0,1,0
5152,Success,9591.53,-0.056,0,0,1
5153,Success,9594.03,-0.133,0,0,1
5154,Success,9595.49,-0.044,0,0,1
5155,Success,9596.56,-0.039,0,0,1
5156,Obstacle Collision,9602.38,-1.756,0,1,0
5157,Success,9604.2,-0.056,0,0,1
5158,Obstacle Collision,9606.21,-2.204,0,1,0
5159,Success,9607.92,-0.044,0,0,1
5160,Success,9611.71,-2.689,0,0,1
5161,Success,9613.6,-0.072,0,0,1
5162,Success,9616.11,-0.95,0,0,1
5163,Obstacle Collision,9619.88,-1.383,0,1,0
5164,Success,9622.38,-0.078,0,0,1
5165,Obstacle Collision,9623.48,-1.278,0,1,0
5166,Success,9626.54,-0.939,0,0,1
5167,Success,9628.41,-0.078,0,0,1
5168,Success,9630.72,-0.083,0,0,1
5169,Success,9632.43,-0.056,0,0,1
5170,Obstacle Collision,9633.81,-1.289,0,1,0
5171,Success,9635.72,-0.067,0,0,1
5172,Obstacle Collision,9637.63,-1.294,0,1,0
5173,Obstacle Collision,9638.09,-1.184,0,1,0
5174,Obstacle Collision,9638.53,-2.972,0,1,0
5175,Success,9639.54,-0.033,0,0,1
5176,Success,9642.05,-0.072,0,0,1
5177,Success,9643.13,-0.039,0,0,1
5178,Obstacle Collision,9644.4,-1.328,0,1,0
5179,Success,9645.93,-0.067,0,0,1
5180,Agent Collision,9648.99,-0.95,1,0,0
5181,Success,9650.6,-0.056,0,0,1
5182,Obstacle Collision,9651.98,-1.289,0,1,0
5183,Success,9653.44,-0.056,0,0,1
5184,Success,9655.04,-0.05,0,0,1
5185,Obstacle Collision,9656.59,-0.989,0,1,0
5186,Success,9658.64,-0.061,0,0,1
5187,Obstacle Collision,9660.11,-1.253,0,1,0
5188,Success,9662.17,-0.933,0,0,1
5189,Obstacle Collision,9664.05,-1.767,0,1,0
5190,Success,9666.75,-0.111,0,0,1
5191,Success,9668.14,-0.061,0,0,1
5192,Success,9669.38,-0.05,0,0,1
5193,Success,9670.95,-0.083,0,0,1
5194,Success,9673.55,-0.944,0,0,1
5195,Success,9674.37,-0.022,0,0,1
5196,Success,9676.7,-2.639,0,0,1
5197,Success,9679.04,-0.094,0,0,1
5198,Obstacle Collision,9680.27,-1.097,0,1,0
5199,Obstacle Collision,9682.1,-2.983,0,1,0
5200,Success,9685.08,-1.8,0,0,1
5201,Obstacle Collision,9688.85,-3.533,0,1,0
5202,Success,9690.97,-0.061,0,0,1
5203,Obstacle Collision,9692.28,-1.279,0,1,0
5204,Success,9694.04,-0.056,0,0,1
5205,Obstacle Collision,9694.92,-1.272,0,1,0
5206,Success,9695.9,-0.028,0,0,1
5207,Obstacle Collision,9698.74,-1.383,0,1,0
5208,Success,9700.69,-2.633,0,0,1
5209,Success,9702.73,-0.067,0,0,1
5210,Obstacle Collision,9705.08,-1.317,0,1,0
5211,Success,9706.32,-0.039,0,0,1
5212,Success,9707.74,-0.061,0,0,1
5213,Success,9710.01,-0.067,0,0,1
5214,Obstacle Collision,9711.4,-1.311,0,1,0
5215,Success,9712.09,-0.022,0,0,1
5216,Obstacle Collision,9714.06,-1.339,0,1,0
5217,Success,9715.51,-0.044,0,0,1
5218,Obstacle Collision,9716.78,-1.282,0,1,0
5219,Success,9719.16,-0.111,0,0,1
5220,Success,9721.6,-0.089,0,0,1
5221,Obstacle Collision,9722.91,-1.206,0,1,0
5222,Success,9724.97,-0.067,0,0,1
5223,Obstacle Collision,9725.95,-1.163,0,1,0
5224,Obstacle Collision,9727.38,-0.772,0,1,0
5225,Success,9730.62,-0.189,0,0,1
5226,Obstacle Collision,9732.21,-1.061,0,1,0
5227,Success,9734.3,-0.083,0,0,1
5228,Obstacle Collision,9735.65,-1.283,0,1,0
5229,Success,9737.68,-0.061,0,0,1
5230,Obstacle Collision,9739.01,-1.242,0,1,0
5231,Success,9741.21,-0.072,0,0,1
5232,Obstacle Collision,9744.72,-3.078,0,1,0
5233,Success,9745.77,-0.033,0,0,1
5234,Obstacle Collision,9746.87,-1.047,0,1,0
5235,Success,9747.89,-0.033,0,0,1
5236,Success,9748.49,-0.028,0,0,1
5237,Success,9749.95,-0.056,0,0,1
5238,Success,9751.18,-0.05,0,0,1
5239,Success,9752.37,-0.061,0,0,1
5240,Obstacle Collision,9753.54,-1.076,0,1,0
5241,Obstacle Collision,9758.6,-1.733,0,1,0
5242,Obstacle Collision,9760.73,-1.317,0,1,0
5243,Success,9764.79,-3.539,0,0,1
5244,Success,9766.26,-0.05,0,0,1
5245,Obstacle Collision,9767.99,-1.067,0,1,0
5246,Success,9770.0,-0.061,0,0,1
5247,Obstacle Collision,9773.78,-1.433,0,1,0
5248,Obstacle Collision,9774.69,-1.27,0,1,0
5249,Success,9775.93,-0.056,0,0,1
5250,Obstacle Collision,9776.66,-1.148,0,1,0
5251,Obstacle Collision,9777.34,-1.267,0,1,0
5252,Success,9778.25,-0.028,0,0,1
5253,Success,9781.11,-0.144,0,0,1
5254,Obstacle Collision,9782.81,-1.186,0,1,0
5255,Success,9784.23,-0.056,0,0,1
5256,Success,9785.17,-0.039,0,0,1
5257,Obstacle Collision,9786.25,-1.283,0,1,0
5258,Success,9787.84,-0.1,0,0,1
5259,Obstacle Collision,9789.03,-2.928,0,1,0
5260,Success,9790.35,-0.922,0,0,1
5261,Obstacle Collision,9790.74,-1.261,0,1,0
5262,Obstacle Collision,9791.41,-1.267,0,1,0
5263,Success,9794.48,-0.083,0,0,1
5264,Success,9796.89,-0.083,0,0,1
5265,Obstacle Collision,9798.26,-1.328,0,1,0
5266,Obstacle Collision,9803.02,-2.411,0,1,0
5267,Success,9805.08,-0.1,0,0,1
5268,Success,9806.88,-0.067,0,0,1
5269,Success,9809.8,-0.111,0,0,1
5270,Success,9811.61,-3.494,0,0,1
5271,Success,9814.06,-0.144,0,0,1
5272,Success,9816.33,-0.089,0,0,1
5273,Success,9819.87,-1.817,0,0,1
5274,Obstacle Collision,9820.51,-1.267,0,1,0
5275,Success,9823.65,-0.139,0,0,1
5276,Obstacle Collision,9824.2,-1.267,0,1,0
5277,Obstacle Collision,9827.35,-1.428,0,1,0
5278,Obstacle Collision,9829.01,-1.339,0,1,0
5279,Obstacle Collision,9830.0,-1.289,0,1,0
5280,Success,9832.78,-0.128,0,0,1
5281,Obstacle Collision,9833.22,-1.261,0,1,0
5282,Obstacle Collision,9835.03,-1.311,0,1,0
5283,Success,9838.4,-0.122,0,0,1
5284,Success,9840.06,-0.067,0,0,1
5285,Obstacle Collision,9840.7,-1.267,0,1,0
5286,Success,9843.48,-0.094,0,0,1
5287,Obstacle Collision,9845.47,-3.033,0,1,0
5288,Obstacle Collision,9846.37,-6.361,0,1,0
5289,Obstacle Collision,9849.22,-1.339,0,1,0
5290,Obstacle Collision,9850.91,-1.217,0,1,0
5291,Obstacle Collision,9852.44,-3.0,0,1,0
5292,Obstacle Collision,9854.22,-3.745,0,1,0
5293,Success,9855.43,-0.039,0,0,1
5294,Success,9858.74,-0.139,0,0,1
5295,Success,9860.53,-0.089,0,0,1
5296,Obstacle Collision,9861.41,-1.19,0,1,0
5297,Obstacle Collision,9863.12,-1.306,0,1,0
5298,Obstacle Collision,9864.33,-1.283,0,1,0
5299,Obstacle Collision,9868.04,-1.517,0,1,0
5300,Success,9869.96,-0.083,0,0,1
5301,Success,9872.67,-0.094,0,0,1
5302,Success,9874.21,-0.067,0,0,1
5303,Obstacle Collision,9875.82,-1.277,0,1,0
5304,Success,9878.9,-5.211,0,0,1
5305,Success,9879.87,-0.028,0,0,1
5306,Obstacle Collision,9882.14,-1.367,0,1,0
5307,Obstacle Collision,9883.4,-1.051,0,1,0
5308,Success,9886.51,-0.111,0,0,1
5309,Success,9887.73,-0.894,0,0,1
5310,Obstacle Collision,9889.84,-1.056,0,1,0
5311,Success,9891.72,-0.061,0,0,1
5312,Obstacle Collision,9893.74,-1.306,0,1,0
5313,Success,9895.07,-0.044,0,0,1
5314,Success,9897.53,-0.1,0,0,1
5315,Success,9899.75,-0.078,0,0,1
5316,Success,9902.24,-0.972,0,0,1
5317,Obstacle Collision,9904.32,-1.328,0,1,0
5318,Success,9905.8,-0.067,0,0,1
5319,Success,9907.58,-0.061,0,0,1
5320,Success,9910.24,-0.089,0,0,1
5321,Obstacle Collision,9911.66,-1.289,0,1,0
5322,Success,9913.9,-0.917,0,0,1
5323,Obstacle Collision,9914.94,-1.218,0,1,0
5324,Obstacle Collision,9915.93,-1.237,0,1,0
5325,Success,9918.4,-0.072,0,0,1
5326,Obstacle Collision,9919.49,-1.299,0,1,0
5327,Success,9922.31,-0.106,0,0,1
5328,Success,9924.24,-0.061,0,0,1
5329,Success,9926.02,-0.067,0,0,1
5330,Obstacle Collision,9927.43,-1.289,0,1,0
5331,Success,9928.95,-0.056,0,0,1
5332,Agent Collision,9930.7,-1.761,1,0,0
5333,Obstacle Collision,9931.58,-1.283,0,1,0
5334,Obstacle Collision,9933.39,-2.15,0,1,0
5335,Obstacle Collision,9935.67,-1.317,0,1,0
5336,Success,9937.72,-0.061,0,0,1
5337,Obstacle Collision,9940.18,-1.067,0,1,0
5338,Success,9944.43,-0.317,0,0,1
5339,Success,9945.96,-0.044,0,0,1
5340,Success,9947.01,-0.044,0,0,1
5341,Success,9949.61,-0.089,0,0,1
5342,Success,9951.01,-0.05,0,0,1
5343,Success,9952.41,-0.044,0,0,1
5344,Success,9954.52,-0.083,0,0,1
5345,Success,9958.04,-0.111,0,0,1
5346,Success,9959.25,-0.044,0,0,1
5347,Obstacle Collision,9961.01,-1.356,0,1,0
5348,Success,9962.86,-0.083,0,0,1
5349,Success,9965.16,-0.072,0,0,1
5350,Success,9966.62,-0.05,0,0,1
5351,Success,9969.09,-0.083,0,0,1
5352,Success,9970.02,-0.039,0,0,1
5353,Success,9971.64,-0.05,0,0,1
5354,Obstacle Collision,9972.32,-2.978,0,1,0
5355,Obstacle Collision,9972.99,-1.267,0,1,0
5356,Success,9974.07,-0.039,0,0,1
5357,Obstacle Collision,9974.72,-1.267,0,1,0
5358,Success,9977.17,-0.078,0,0,1
5359,Obstacle Collision,9978.76,-1.3,0,1,0
5360,Obstacle Collision,9979.82,-1.111,0,1,0
5361,Success,9980.88,-0.028,0,0,1
5362,Success,9983.19,-0.167,0,0,1
5363,Success,9984.98,-0.061,0,0,1
5364,Obstacle Collision,9985.97,-1.081,0,1,0
5365,Success,9987.99,-0.056,0,0,1
5366,Success,9988.52,-0.022,0,0,1
5367,Obstacle Collision,9991.48,-1.5,0,1,0
5368,Success,9993.34,-0.083,0,0,1
5369,Obstacle Collision,9995.57,-1.356,0,1,0
5370,Success,9997.09,-0.044,0,0,1
5371,Obstacle Collision,10000.55,-1.372,0,1,0
5372,Success,10002.5,-0.078,0,0,1
5373,Success,10003.88,-0.05,0,0,1
5374,Obstacle Collision,10007.82,-1.467,0,1,0
5375,Obstacle Collision,10009.04,-1.294,0,1,0
5376,Success,10013.25,-0.206,0,0,1
5377,Obstacle Collision,10013.91,-1.267,0,1,0
5378,Success,10016.38,-0.067,0,0,1
5379,Obstacle Collision,10018.18,-1.3,0,1,0
5380,Obstacle Collision,10020.03,-1.311,0,1,0
5381,Obstacle Collision,10020.87,-1.231,0,1,0
5382,Success,10023.2,-1.783,0,0,1
5383,Success,10025.29,-0.072,0,0,1
5384,Obstacle Collision,10026.31,-1.158,0,1,0
5385,Success,10028.17,-0.067,0,0,1
5386,Obstacle Collision,10034.69,-1.711,0,1,0
5387,Obstacle Collision,10036.0,-1.08,0,1,0
5388,Success,10038.43,-0.083,0,0,1
5389,Obstacle Collision,10039.65,-1.289,0,1,0
5390,Obstacle Collision,10042.38,-1.378,0,1,0
5391,Success,10047.16,-1.85,0,0,1
5392,Success,10048.63,-0.061,0,0,1
5393,Success,10052.55,-1.752,0,0,1
5394,Success,10053.95,-0.05,0,0,1
5395,Success,10057.44,-0.106,0,0,1
5396,Obstacle Collision,10059.05,-1.328,0,1,0
5397,Obstacle Collision,10059.73,-1.267,0,1,0
5398,Obstacle Collision,10060.86,-1.195,0,1,0
5399,Obstacle Collision,10063.38,-1.372,0,1,0
5400,Obstacle Collision,10064.75,-1.217,0,1,0
5401,Obstacle Collision,10066.52,-1.009,0,1,0
5402,Success,10067.35,-0.028,0,0,1
5403,Success,10070.31,-0.078,0,0,1
5404,Success,10072.6,-0.15,0,0,1
5405,Success,10074.62,-0.078,0,0,1
5406,Success,10076.48,-0.056,0,0,1
5407,Success,10079.71,-0.161,0,0,1
5408,Obstacle Collision,10080.74,-1.278,0,1,0
5409,Success,10082.22,-0.072,0,0,1
5410,Success,10083.92,-0.05,0,0,1
5411,Success,10086.01,-0.072,0,0,1
5412,Obstacle Collision,10088.23,-1.137,0,1,0
5413,Success,10089.15,-0.033,0,0,1
5414,Success,10090.31,-0.05,0,0,1
5415,Obstacle Collision,10092.21,-1.3,0,1,0
5416,Obstacle Collision,10094.19,-1.328,0,1,0
5417,Obstacle Collision,10094.61,-1.261,0,1,0
5418,Success,10096.79,-0.067,0,0,1
5419,Obstacle Collision,10098.82,-3.883,0,1,0
5420,Obstacle Collision,10099.66,-1.243,0,1,0
5421,Success,10102.3,-0.133,0,0,1
5422,Success,10104.1,-0.05,0,0,1
5423,Success,10105.8,-0.056,0,0,1
5424,Success,10106.95,-0.039,0,0,1
5425,Obstacle Collision,10108.09,-1.283,0,1,0
5426,Obstacle Collision,10109.78,-1.317,0,1,0
5427,Success,10111.86,-0.067,0,0,1
5428,Success,10117.4,-0.383,0,0,1
5429,Obstacle Collision,10118.87,-1.206,0,1,0
5430,Success,10121.81,-0.083,0,0,1
5431,Success,10123.82,-0.072,0,0,1
5432,Success,10125.56,-0.061,0,0,1
5433,Obstacle Collision,10126.95,-0.98,0,1,0
5434,Success,10129.19,-0.111,0,0,1
5435,Success,10131.45,-0.089,0,0,1
5436,Success,10132.59,-0.033,0,0,1
5437,Success,10134.98,-0.928,0,0,1
5438,Success,10138.97,-0.161,0,0,1
5439,Success,10140.97,-0.128,0,0,1
5440,Success,10142.92,-0.067,0,0,1
5441,Success,10145.01,-0.056,0,0,1
5442,Obstacle Collision,10146.14,-1.044,0,1,0
5443,Obstacle Collision,10148.28,-1.293,0,1,0
5444,Obstacle Collision,10149.85,-1.294,0,1,0
5445,Success,10152.25,-0.078,0,0,1
5446,Success,10153.48,-0.039,0,0,1
5447,Obstacle Collision,10155.5,-2.096,0,1,0
5448,Obstacle Collision,10157.11,-1.289,0,1,0
5449,Success,10158.81,-0.072,0,0,1
5450,Success,10161.13,-0.078,0,0,1
5451,Obstacle Collision,10163.54,-1.339,0,1,0
5452,Obstacle Collision,10164.69,-3.011,0,1,0
5453,Success,10166.34,-0.1,0,0,1
5454,Success,10168.51,-5.172,0,0,1
5455,Obstacle Collision,10171.03,-0.961,0,1,0
5456,Success,10172.42,-0.044,0,0,1
5457,Success,10173.73,-0.044,0,0,1
5458,Agent Collision,10175.53,-7.75,1,0,0
5459,Success,10177.53,-0.117,0,0,1
5460,Success,10180.31,-0.094,0,0,1
5461,Success,10182.56,-0.106,0,0,1
5462,Success,10184.58,-0.067,0,0,1
5463,Success,10186.23,-0.072,0,0,1
5464,Success,10187.46,-0.039,0,0,1
5465,Success,10189.02,-0.044,0,0,1
5466,Obstacle Collision,10190.34,-1.311,0,1,0
5467,Obstacle Collision,10193.32,-1.812,0,1,0
5468,Obstacle Collision,10194.64,-1.283,0,1,0
5469,Success,10198.06,-0.983,0,0,1
5470,Success,10200.83,-9.461,0,0,1
5471,Success,10203.87,-3.55,0,0,1
5472,Success,10206.02,-0.061,0,0,1
5473,Obstacle Collision,10207.22,-1.206,0,1,0
5474,Success,10208.05,-0.028,0,0,1
5475,Success,10209.92,-2.617,0,0,1
5476,Success,10212.04,-0.094,0,0,1
5477,Success,10214.82,-0.078,0,0,1
5478,Success,10215.9,-0.033,0,0,1
5479,Obstacle Collision,10217.95,-4.75,0,1,0
5480,Success,10220.36,-1.789,0,0,1
5481,Obstacle Collision,10220.79,-1.261,0,1,0
5482,Obstacle Collision,10221.44,-1.267,0,1,0
5483,Success,10223.62,-0.072,0,0,1
5484,Obstacle Collision,10226.69,-1.389,0,1,0
5485,Success,10229.03,-0.078,0,0,1
5486,Success,10230.26,-0.039,0,0,1
5487,Obstacle Collision,10231.74,-1.3,0,1,0
5488,Obstacle Collision,10235.53,-4.95,0,1,0
5489,Success,10236.67,-0.044,0,0,1
5490,Obstacle Collision,10237.33,-1.267,0,1,0
5491,Obstacle Collision,10238.96,-2.161,0,1,0
5492,Obstacle Collision,10240.95,-1.302,0,1,0
5493,Agent Collision,10243.47,-7.767,1,0,0
5494,Success,10245.45,-0.067,0,0,1
5495,Success,10246.94,-0.067,0,0,1
5496,Success,10248.73,-0.067,0,0,1
5497,Obstacle Collision,10249.28,-1.191,0,1,0
5498,Success,10250.85,-0.05,0,0,1
5499,Obstacle Collision,10254.13,-1.511,0,1,0
5500,Obstacle Collision,10256.81,-3.079,0,1,0
5501,Success,10259.31,-0.083,0,0,1
5502,Success,10260.08,-0.033,0,0,1
5503,Success,10262.04,-0.922,0,0,1
5504,Success,10263.76,-0.061,0,0,1
5505,Success,10266.02,-0.083,0,0,1
5506,Obstacle Collision,10267.96,-1.306,0,1,0
5507,Success,10270.08,-0.072,0,0,1
5508,Obstacle Collision,10271.31,-1.283,0,1,0
5509,Obstacle Collision,10272.61,-1.291,0,1,0
5510,Obstacle Collision,10273.76,-1.278,0,1,0
5511,Success,10275.24,-0.072,0,0,1
5512,Success,10278.73,-0.089,0,0,1
5513,Success,10280.28,-0.05,0,0,1
5514,Success,10282.78,-0.078,0,0,1
5515,Success,10284.66,-0.089,0,0,1
5516,Success,10287.38,-0.106,0,0,1
5517,Success,10291.15,-0.989,0,0,1
5518,Obstacle Collision,10292.5,-1.283,0,1,0
5519,Success,10294.22,-0.061,0,0,1
5520,Obstacle Collision,10296.02,-1.152,0,1,0
5521,Obstacle Collision,10299.28,-1.444,0,1,0
5522,Success,10301.78,-6.067,0,0,1
5523,Obstacle Collision,10302.45,-1.267,0,1,0
5524,Success,10305.6,-0.944,0,0,1
5525,Obstacle Collision,10306.56,-1.16,0,1,0
5526,Success,10309.59,-0.122,0,0,1
5527,Success,10310.9,-0.039,0,0,1
5528,Success,10312.78,-0.05,0,0,1
5529,Obstacle Collision,10313.22,-1.261,0,1,0
5530,Obstacle Collision,10315.55,-1.311,0,1,0
5531,Obstacle Collision,10317.37,-2.962,0,1,0
5532,Obstacle Collision,10318.05,-1.267,0,1,0
5533,Success,10318.96,-0.039,0,0,1
5534,Success,10321.67,-0.078,0,0,1
5535,Success,10322.57,-0.028,0,0,1
5536,Obstacle Collision,10323.46,-1.272,0,1,0
5537,Success,10325.37,-0.083,0,0,1
5538,Obstacle Collision,10327.81,-1.333,0,1,0
5539,Obstacle Collision,10329.05,-1.283,0,1,0
5540,Success,10331.94,-0.211,0,0,1
5541,Obstacle Collision,10332.71,-1.269,0,1,0
5542,Obstacle Collision,10333.52,-1.189,0,1,0
5543,Obstacle Collision,10335.66,-1.311,0,1,0
5544,Success,10338.05,-0.094,0,0,1
5545,Obstacle Collision,10338.86,-1.272,0,1,0
5546,Success,10339.77,-0.033,0,0,1
5547,Success,10341.24,-0.05,0,0,1
5548,Obstacle Collision,10341.68,-1.261,0,1,0
5549,Success,10344.11,-0.967,0,0,1
5550,Success,10346.36,-0.089,0,0,1
5551,Obstacle Collision,10349.48,-1.433,0,1,0
5552,Success,10350.92,-0.039,0,0,1
5553,Obstacle Collision,10351.59,-1.267,0,1,0
5554,Obstacle Collision,10353.1,-1.003,0,1,0
5555,Success,10354.65,-1.761,0,0,1
5556,Success,10357.37,-0.083,0,0,1
5557,Success,10358.68,-0.044,0,0,1
5558,Success,10359.75,-0.05,0,0,1
5559,Success,10361.8,-0.078,0,0,1
5560,Success,10364.19,-0.106,0,0,1
5561,Obstacle Collision,10364.63,-1.261,0,1,0
5562,Obstacle Collision,10365.94,-1.122,0,1,0
5563,Success,10368.39,-0.133,0,0,1
5564,Obstacle Collision,10369.65,-1.05,0,1,0
5565,Obstacle Collision,10371.57,-1.306,0,1,0
5566,Success,10373.38,-0.061,0,0,1
5567,Success,10374.38,-0.033,0,0,1
5568,Success,10376.44,-0.917,0,0,1
5569,Obstacle Collision,10377.72,-1.159,0,1,0
5570,Success,10380.22,-0.106,0,0,1
5571,Success,10381.45,-0.039,0,0,1
5572,Obstacle Collision,10383.54,-0.748,0,1,0
5573,Success,10385.74,-0.078,0,0,1
5574,Obstacle Collision,10387.42,-1.311,0,1,0
5575,Obstacle Collision,10389.52,-1.322,0,1,0
5576,Obstacle Collision,10390.63,-1.278,0,1,0
5577,Obstacle Collision,10393.04,-1.197,0,1,0
5578,Success,10396.45,-0.178,0,0,1
5579,Success,10398.91,-0.072,0,0,1
5580,Success,10399.82,-0.028,0,0,1
5581,Obstacle Collision,10400.26,-1.261,0,1,0
5582,Success,10401.73,-0.044,0,0,1
5583,Obstacle Collision,10403.58,-1.317,0,1,0
5584,Obstacle Collision,10404.83,-1.2,0,1,0
5585,Success,10406.46,-0.044,0,0,1
5586,Success,10408.6,-0.922,0,0,1
5587,Success,10411.12,-0.972,0,0,1
5588,Obstacle Collision,10414.87,-1.5,0,1,0
5589,Agent Collision,10419.6,-8.778,1,0,0
5590,Success,10421.1,-0.044,0,0,1
5591,Success,10422.74,-0.05,0,0,1
5592,Success,10425.24,-0.161,0,0,1
5593,Success,10426.5,-0.056,0,0,1
5594,Obstacle Collision,10428.12,-2.606,0,1,0
5595,Success,10429.83,-0.083,0,0,1
5596,Success,10431.1,-0.044,0,0,1
5597,Success,10432.54,-0.911,0,0,1
5598,Success,10434.4,-0.067,0,0,1
5599,Obstacle Collision,10434.84,-1.261,0,1,0
5600,Obstacle Collision,10436.78,-1.02,0,1,0
5601,Obstacle Collision,10437.84,-1.226,0,1,0
5602,Success,10441.27,-0.106,0,0,1
5603,Success,10443.61,-0.072,0,0,1
5604,Success,10446.28,-0.083,0,0,1
5605,Success,10447.91,-0.056,0,0,1
5606,Obstacle Collision,10448.98,-1.283,0,1,0
5607,Obstacle Collision,10449.99,-1.294,0,1,0
5608,Success,10452.28,-0.117,0,0,1
5609,Success,10455.33,-0.1,0,0,1
5610,Obstacle Collision,10456.48,-1.278,0,1,0
5611,Success,10458.9,-1.811,0,0,1
5612,Success,10460.84,-0.067,0,0,1
5613,Success,10462.89,-0.089,0,0,1
5614,Obstacle Collision,10464.12,-1.289,0,1,0
5615,Success,10466.17,-0.067,0,0,1
5616,Success,10468.9,-0.089,0,0,1
5617,Obstacle Collision,10469.75,-1.168,0,1,0
5618,Success,10471.37,-0.056,0,0,1
5619,Success,10473.57,-0.072,0,0,1
5620,Success,10474.81,-0.039,0,0,1
5621,Timeout,10481.61,-0.6,0,0,0
5622,Success,10482.86,-0.033,0,0,1
5623,Obstacle Collision,10484.24,-6.393,0,1,0
5624,Obstacle Collision,10486.94,-1.411,0,1,0
5625,Obstacle Collision,10487.98,-1.117,0,1,0
5626,Success,10490.81,-0.089,0,0,1
5627,Obstacle Collision,10491.6,-1.231,0,1,0
5628,Success,10493.69,-0.067,0,0,1
5629,Obstacle Collision,10496.52,-0.715,0,1,0
5630,Success,10499.28,-2.661,0,0,1
5631,Obstacle Collision,10501.09,-1.311,0,1,0
5632,Success,10502.75,-0.072,0,0,1
5633,Success,10504.67,-0.094,0,0,1
5634,Success,10507.4,-0.156,0,0,1
5635,Success,10509.13,-0.072,0,0,1
5636,Success,10513.6,-0.217,0,0,1
5637,Success,10514.6,-0.039,0,0,1
5638,Success,10515.76,-0.039,0,0,1
5639,Success,10517.7,-0.078,0,0,1
5640,Success,10519.32,-0.061,0,0,1
5641,Success,10521.47,-0.072,0,0,1
5642,Obstacle Collision,10522.48,-1.283,0,1,0
5643,Success,10523.81,-0.056,0,0,1
5644,Obstacle Collision,10525.75,-1.328,0,1,0
5645,Obstacle Collision,10529.45,-1.439,0,1,0
5646,Success,10531.25,-0.056,0,0,1
5647,Success,10532.59,-0.056,0,0,1
5648,Success,10535.08,-0.067,0,0,1
5649,Success,10537.76,-0.078,0,0,1
5650,Obstacle Collision,10539.04,-1.283,0,1,0
5651,Success,10540.2,-0.044,0,0,1
5652,Obstacle Collision,10541.75,-1.28,0,1,0
5653,Success,10543.39,-0.056,0,0,1
5654,Success,10545.58,-0.061,0,0,1
5655,Obstacle Collision,10547.31,-1.3,0,1,0
5656,Success,10549.06,-0.056,0,0,1
5657,Success,10551.48,-0.106,0,0,1
5658,Success,10553.34,-0.078,0,0,1
5659,Success,10555.76,-0.089,0,0,1
5660,Success,10557.7,-0.067,0,0,1
5661,Success,10559.8,-0.072,0,0,1
5662,Success,10560.94,-0.039,0,0,1
5663,Obstacle Collision,10562.94,-1.208,0,1,0
5664,Success,10566.06,-0.106,0,0,1
5665,Obstacle Collision,10571.04,-1.706,0,1,0
5666,Success,10572.91,-0.056,0,0,1
5667,Success,10575.66,-0.106,0,0,1
5668,Success,10578.08,-3.506,0,0,1
5669,Success,10579.94,-0.083,0,0,1
5670,Obstacle Collision,10581.84,-1.806,0,1,0
5671,Success,10583.62,-0.056,0,0,1
5672,Obstacle Collision,10584.6,-1.117,0,1,0
5673,Obstacle Collision,10585.85,-1.311,0,1,0
5674,Success,10589.56,-0.206,0,0,1
5675,Success,10590.4,-0.033,0,0,1
5676,Success,10592.05,-0.044,0,0,1
5677,Success,10594.44,-0.078,0,0,1
5678,Success,10596.7,-2.65,0,0,1
5679,Agent Collision,10600.14,-4.394,1,0,0
5680,Obstacle Collision,10603.41,-1.394,0,1,0
5681,Success,10605.38,-0.067,0,0,1
5682,Success,10607.57,-0.067,0,0,1
5683,Obstacle Collision,10608.93,-1.294,0,1,0
5684,Obstacle Collision,10610.32,-1.294,0,1,0
5685,Success,10612.43,-0.078,0,0,1
5686,Obstacle Collision,10614.3,-1.201,0,1,0
5687,Obstacle Collision,10614.98,-2.122,0,1,0
5688,Success,10617.32,-0.111,0,0,1
5689,Obstacle Collision,10618.57,-1.039,0,1,0
5690,Success,10620.42,-0.061,0,0,1
5691,Obstacle Collision,10622.36,-1.031,0,1,0
5692,Obstacle Collision,10625.31,-1.914,0,1,0
5693,Success,10627.01,-0.061,0,0,1
5694,Obstacle Collision,10630.96,-1.5,0,1,0
5695,Obstacle Collision,10632.12,-1.289,0,1,0
5696,Success,10635.09,-0.956,0,0,1
5697,Success,10637.03,-0.072,0,0,1
5698,Success,10639.53,-0.072,0,0,1
5699,Obstacle Collision,10640.62,-1.278,0,1,0
5700,Obstacle Collision,10644.55,-1.422,0,1,0
5701,Obstacle Collision,10645.6,-0.921,0,1,0
5702,Obstacle Collision,10647.25,-1.294,0,1,0
5703,Success,10649.03,-0.056,0,0,1
5704,Success,10650.74,-0.067,0,0,1
5705,Success,10653.01,-0.083,0,0,1
5706,Success,10654.16,-0.039,0,0,1
5707,Obstacle Collision,10657.19,-1.177,0,1,0
5708,Success,10658.75,-0.061,0,0,1
5709,Success,10661.16,-0.067,0,0,1
5710,Success,10662.24,-0.033,0,0,1
5711,Success,10664.65,-0.072,0,0,1
5712,Success,10665.74,-0.056,0,0,1
5713,Success,10667.46,-0.083,0,0,1
5714,Success,10669.27,-0.061,0,0,1
5715,Success,10670.68,-0.061,0,0,1
5716,Success,10671.99,-0.05,0,0,1
5717,Obstacle Collision,10673.27,-0.931,0,1,0
5718,Success,10675.17,-0.067,0,0,1
5719,Obstacle Collision,10677.1,-2.121,0,1,0
5720,Success,10678.51,-0.056,0,0,1
5721,Obstacle Collision,10679.15,-1.267,0,1,0
5722,Obstacle Collision,10679.82,-1.728,0,1,0
5723,Success,10682.09,-1.789,0,0,1
5724,Obstacle Collision,10684.0,-1.3,0,1,0
5725,Success,10686.52,-0.144,0,0,1
5726,Obstacle Collision,10687.62,-1.283,0,1,0
5727,Agent Collision,10689.68,-2.628,1,0,0
5728,Success,10692.22,-0.106,0,0,1
5729,Success,10693.46,-0.044,0,0,1
5730,Obstacle Collision,10695.66,-1.826,0,1,0
5731,Obstacle Collision,10697.8,-6.256,0,1,0
5732,Success,10699.85,-0.089,0,0,1
5733,Obstacle Collision,10701.65,-1.181,0,1,0
5734,Success,10703.42,-0.089,0,0,1
5735,Success,10705.52,-0.083,0,0,1
5736,Obstacle Collision,10706.28,-1.272,0,1,0
5737,Success,10709.06,-0.122,0,0,1
5738,Obstacle Collision,10710.98,-1.339,0,1,0
5739,Success,10713.81,-0.1,0,0,1
5740,Obstacle Collision,10714.45,-1.225,0,1,0
5741,Success,10716.56,-0.056,0,0,1
5742,Success,10718.07,-0.05,0,0,1
5743,Success,10720.1,-0.056,0,0,1
5744,Obstacle Collision,10722.29,-2.228,0,1,0
5745,Obstacle Collision,10723.92,-1.294,0,1,0
5746,Obstacle Collision,10725.89,-1.116,0,1,0
5747,Success,10727.82,-0.067,0,0,1
5748,Obstacle Collision,10730.01,-1.372,0,1,0
5749,Obstacle Collision,10731.12,-1.154,0,1,0
5750,Agent Collision,10732.68,-2.622,1,0,0
5751,Success,10735.21,-0.922,0,0,1
5752,Success,10737.25,-0.078,0,0,1
5753,Success,10738.58,-0.061,0,0,1
5754,Obstacle Collision,10739.51,-1.272,0,1,0
5755,Success,10741.79,-0.083,0,0,1
5756,Obstacle Collision,10743.14,-1.122,0,1,0
5757,Obstacle Collision,10744.87,-1.134,0,1,0
5758,Success,10747.15,-0.094,0,0,1
5759,Success,10748.93,-0.072,0,0,1
5760,Success,10750.3,-0.906,0,0,1
5761,Obstacle Collision,10751.49,-1.283,0,1,0
5762,Success,10754.24,-0.933,0,0,1
5763,Success,10755.4,-0.039,0,0,1
5764,Obstacle Collision,10756.28,-1.041,0,1,0
5765,Success,10758.29,-0.922,0,0,1
5766,Success,10760.37,-0.061,0,0,1
5767,Agent Collision,10761.79,-1.761,1,0,0
5768,Success,10765.07,-0.106,0,0,1
5769,Success,10767.08,-0.911,0,0,1
5770,Success,10768.64,-0.05,0,0,1
5771,Success,10770.6,-0.089,0,0,1
5772,Success,10772.71,-0.067,0,0,1
5773,Obstacle Collision,10774.18,-1.116,0,1,0
5774,Success,10776.81,-2.644,0,0,1
5775,Obstacle Collision,10777.43,-1.267,0,1,0
5776,Obstacle Collision,10780.91,-1.411,0,1,0
5777,Obstacle Collision,10781.35,-1.261,0,1,0
5778,Obstacle Collision,10781.79,-1.261,0,1,0
5779,Obstacle Collision,10782.84,-1.244,0,1,0
5780,Success,10786.28,-0.956,0,0,1
5781,Success,10787.43,-0.05,0,0,1
5782,Obstacle Collision,10790.64,-1.361,0,1,0
5783,Success,10791.95,-0.083,0,0,1
5784,Success,10792.87,-0.039,0,0,1
5785,Obstacle Collision,10794.11,-0.931,0,1,0
5786,Success,10794.8,-0.028,0,0,1
5787,Obstacle Collision,10795.54,-1.278,0,1,0
5788,Obstacle Collision,10797.09,-1.289,0,1,0
5789,Success,10798.48,-1.756,0,0,1
5790,Success,10800.73,-2.633,0,0,1
5791,Success,10803.34,-0.122,0,0,1
5792,Success,10804.76,-0.05,0,0,1
5793,Success,10807.46,-0.1,0,0,1
5794,Success,10809.33,-1.783,0,0,1
5795,Success,10810.87,-0.061,0,0,1
5796,Success,10813.55,-0.106,0,0,1
5797,Success,10815.51,-0.067,0,0,1
5798,Obstacle Collision,10817.26,-1.344,0,1,0
5799,Success,10819.45,-1.778,0,0,1
5800,Success,10821.48,-0.078,0,0,1
5801,Obstacle Collision,10822.93,-1.068,0,1,0
5802,Success,10825.02,-0.072,0,0,1
5803,Success,10826.95,-0.056,0,0,1
5804,Success,10830.63,-0.25,0,0,1
5805,Success,10833.08,-0.094,0,0,1
5806,Obstacle Collision,10834.15,-1.039,0,1,0
5807,Obstacle Collision,10834.59,-1.261,0,1,0
5808,Success,10837.12,-0.083,0,0,1
5809,Success,10839.32,-0.089,0,0,1
5810,Success,10841.87,-0.067,0,0,1
5811,Success,10845.01,-0.95,0,0,1
5812,Success,10846.97,-0.072,0,0,1
5813,Success,10849.68,-0.072,0,0,1
5814,Success,10851.3,-0.061,0,0,1
5815,Obstacle Collision,10853.91,-1.378,0,1,0
5816,Obstacle Collision,10855.71,-3.006,0,1,0
5817,Success,10856.71,-0.039,0,0,1
5818,Success,10859.43,-4.356,0,0,1
5819,Success,10861.29,-0.056,0,0,1
5820,Obstacle Collision,10861.96,-1.267,0,1,0
5821,Obstacle Collision,10866.85,-1.65,0,1,0
5822,Obstacle Collision,10871.42,-1.622,0,1,0
5823,Success,10874.13,-0.083,0,0,1
5824,Success,10876.08,-0.067,0,0,1
5825,Obstacle Collision,10876.99,-1.272,0,1,0
5826,Obstacle Collision,10878.83,-6.45,0,1,0
5827,Success,10880.08,-0.044,0,0,1
5828,Obstacle Collision,10880.76,-1.267,0,1,0
5829,Success,10882.54,-0.05,0,0,1
5830,Success,10884.99,-0.967,0,0,1
5831,Success,10886.07,-0.033,0,0,1
5832,Obstacle Collision,10888.03,-1.306,0,1,0
5833,Obstacle Collision,10890.9,-1.428,0,1,0
5834,Success,10892.95,-0.067,0,0,1
5835,Success,10895.45,-0.106,0,0,1
5836,Success,10897.16,-0.072,0,0,1
5837,Success,10898.55,-0.05,0,0,1
5838,Success,10901.53,-0.122,0,0,1
5839,Success,10904.51,-1.789,0,0,1
5840,Success,10907.4,-0.094,0,0,1
5841,Success,10909.88,-6.047,0,0,1
5842,Success,10912.27,-0.083,0,0,1
5843,Success,10914.4,-0.067,0,0,1
5844,Success,10916.03,-0.067,0,0,1
5845,Obstacle Collision,10916.71,-1.267,0,1,0
5846,Obstacle Collision,10917.9,-1.289,0,1,0
5847,Obstacle Collision,10919.8,-1.097,0,1,0
5848,Obstacle Collision,10920.69,-1.272,0,1,0
5849,Success,10921.78,-0.056,0,0,1
5850,Success,10923.79,-0.067,0,0,1
5851,Success,10925.81,-0.083,0,0,1
5852,Success,10927.21,-0.917,0,0,1
5853,Success,10928.6,-0.056,0,0,1
5854,Obstacle Collision,10930.42,-1.217,0,1,0
5855,Success,10933.18,-0.111,0,0,1
5856,Success,10934.9,-1.772,0,0,1
5857,Obstacle Collision,10935.71,-1.199,0,1,0
5858,Success,10937.56,-0.078,0,0,1
5859,Success,10940.02,-1.789,0,0,1
5860,Success,10941.81,-0.072,0,0,1
5861,Obstacle Collision,10943.14,-1.283,0,1,0
5862,Obstacle Collision,10944.29,-1.278,0,1,0
5863,Success,10945.79,-0.044,0,0,1
5864,Success,10947.42,-0.056,0,0,1
5865,Success,10949.79,-0.067,0,0,1
5866,Success,10952.22,-2.65,0,0,1
5867,Success,10953.98,-0.083,0,0,1
5868,Obstacle Collision,10954.88,-1.272,0,1,0
5869,Obstacle Collision,10957.6,-3.0,0,1,0
5870,Success,10958.98,-0.056,0,0,1
5871,Success,10961.16,-0.089,0,0,1
5872,Obstacle Collision,10962.65,-1.289,0,1,0
5873,Success,10964.3,-0.078,0,0,1
5874,Obstacle Collision,10966.54,-1.339,0,1,0
5875,Obstacle Collision,10967.15,-1.227,0,1,0
5876,Obstacle Collision,10967.59,-1.261,0,1,0
5877,Obstacle Collision,10968.23,-1.267,0,1,0
5878,Success,10971.45,-0.117,0,0,1
5879,Success,10972.45,-0.033,0,0,1
5880,Success,10974.34,-0.922,0,0,1
5881,Obstacle Collision,10975.83,-0.976,0,1,0
5882,Obstacle Collision,10977.2,-1.225,0,1,0
5883,Obstacle Collision,10977.62,-2.972,0,1,0
5884,Success,10980.7,-3.589,0,0,1
5885,Success,10983.75,-0.967,0,0,1
5886,Success,10986.41,-0.078,0,0,1
5887,Success,10987.65,-0.044,0,0,1
5888,Success,10989.77,-0.072,0,0,1
5889,Obstacle Collision,10991.35,-0.967,0,1,0
5890,Success,10993.21,-0.072,0,0,1
5891,Success,10995.9,-0.083,0,0,1
5892,Success,10997.9,-0.083,0,0,1
5893,Success,10998.73,-0.028,0,0,1
5894,Obstacle Collision,11000.09,-1.175,0,1,0
5895,Success,11000.76,-0.022,0,0,1
5896,Success,11002.75,-0.061,0,0,1
5897,Success,11006.26,-0.206,0,0,1
5898,Obstacle Collision,11008.44,-1.161,0,1,0
5899,Obstacle Collision,11009.74,-1.283,0,1,0
5900,Success,11011.8,-0.078,0,0,1
5901,Success,11013.17,-0.044,0,0,1
5902,Obstacle Collision,11014.6,-1.289,0,1,0
5903,Agent Collision,11015.56,-2.594,1,0,0
5904,Obstacle Collision,11016.33,-1.147,0,1,0
5905,Success,11018.31,-0.056,0,0,1
5906,Obstacle Collision,11020.56,-2.189,0,1,0
5907,Obstacle Collision,11023.82,-1.344,0,1,0
5908,Success,11025.78,-0.078,0,0,1
5909,Success,11027.73,-0.083,0,0,1
5910,Obstacle Collision,11029.64,-0.967,0,1,0
5911,Success,11032.63,-0.106,0,0,1
5912,Obstacle Collision,11033.26,-1.267,0,1,0
5913,Obstacle Collision,11034.85,-0.967,0,1,0
5914,Success,11035.96,-2.606,0,0,1
5915,Obstacle Collision,11036.64,-1.267,0,1,0
5916,Success,11039.81,-0.15,0,0,1
5917,Success,11042.54,-0.078,0,0,1
5918,Success,11044.68,-0.067,0,0,1
5919,Success,11046.72,-0.072,0,0,1
5920,Success,11050.19,-5.233,0,0,1
5921,Obstacle Collision,11050.83,-1.225,0,1,0
5922,Agent Collision,11052.1,-0.889,1,0,0
5923,Success,11054.14,-0.061,0,0,1
5924,Obstacle Collision,11055.27,-1.278,0,1,0
5925,Success,11057.73,-0.083,0,0,1
5926,Obstacle Collision,11059.32,-1.031,0,1,0
5927,Success,11061.5,-0.083,0,0,1
5928,Success,11063.85,-3.489,0,0,1
5929,Success,11066.22,-0.078,0,0,1
5930,Success,11070.59,-0.161,0,0,1
5931,Obstacle Collision,11071.15,-1.227,0,1,0
5932,Obstacle Collision,11072.7,-6.408,0,1,0
5933,Success,11073.78,-0.039,0,0,1
5934,Success,11075.4,-0.044,0,0,1
5935,Obstacle Collision,11077.12,-1.3,0,1,0
5936,Success,11078.52,-0.05,0,0,1
5937,Success,11080.22,-0.067,0,0,1
5938,Success,11081.3,-0.044,0,0,1
5939,Success,11083.26,-0.072,0,0,1
5940,Success,11084.57,-0.05,0,0,1
5941,Obstacle Collision,11085.77,-1.025,0,1,0
5942,Agent Collision,11086.83,-3.45,1,0,0
5943,Success,11089.32,-0.072,0,0,1
5944,Success,11093.37,-0.178,0,0,1
5945,Obstacle Collision,11095.05,-1.294,0,1,0
5946,Success,11096.27,-0.033,0,0,1
5947,Obstacle Collision,11099.65,-1.422,0,1,0
5948,Success,11100.64,-0.039,0,0,1
5949,Obstacle Collision,11102.13,-2.02,0,1,0
5950,Success,11103.35,-0.056,0,0,1
5951,Success,11105.59,-0.083,0,0,1
5952,Success,11107.75,-0.078,0,0,1
5953,Timeout,11114.86,-0.6,0,0,0
5954,Obstacle Collision,11116.05,-1.081,0,1,0
5955,Success,11118.42,-1.806,0,0,1
5956,Success,11122.97,-0.156,0,0,1
5957,Success,11125.21,-0.967,0,0,1
5958,Obstacle Collision,11127.91,-1.406,0,1,0
5959,Obstacle Collision,11130.05,-1.356,0,1,0
5960,Obstacle Collision,11131.53,-1.242,0,1,0
5961,Success,11133.25,-2.611,0,0,1
5962,Success,11135.12,-0.083,0,0,1
5963,Success,11140.17,-2.089,0,0,1
5964,Success,11142.28,-0.078,0,0,1
5965,Success,11143.71,-0.05,0,0,1
5966,Obstacle Collision,11144.4,-1.278,0,1,0
5967,Success,11145.23,-0.028,0,0,1
5968,Success,11147.09,-0.078,0,0,1
5969,Obstacle Collision,11148.88,-1.294,0,1,0
5970,Agent Collision,11152.83,-4.394,1,0,0
5971,Obstacle Collision,11154.57,-3.444,0,1,0
5972,Success,11157.86,-0.967,0,0,1
5973,Success,11160.73,-0.1,0,0,1
5974,Success,11163.29,-0.072,0,0,1
5975,Success,11164.98,-0.056,0,0,1
5976,Success,11168.08,-0.967,0,0,1
5977,Success,11170.32,-0.061,0,0,1
5978,Obstacle Collision,11171.45,-1.08,0,1,0
5979,Success,11174.25,-0.1,0,0,1
5980,Obstacle Collision,11175.63,-1.283,0,1,0
5981,Success,11176.95,-0.05,0,0,1
5982,Success,11178.83,-0.922,0,0,1
5983,Success,11181.64,-0.089,0,0,1
5984,Success,11184.85,-0.083,0,0,1
5985,Obstacle Collision,11186.07,-1.283,0,1,0
5986,Success,11187.55,-0.05,0,0,1
5987,Success,11189.58,-0.05,0,0,1
5988,Success,11190.49,-0.033,0,0,1
5989,Agent Collision,11192.06,-8.611,1,1,0
5990,Success,11193.77,-0.078,0,0,1
5991,Obstacle Collision,11195.0,-1.117,0,1,0
5992,Success,11196.66,-0.083,0,0,1
5993,Success,11198.38,-0.067,0,0,1
5994,Success,11200.71,-0.928,0,0,1
5995,Success,11202.11,-0.072,0,0,1
5996,Obstacle Collision,11203.05,-1.153,0,1,0
5997,Success,11204.85,-0.078,0,0,1
5998,Obstacle Collision,11205.52,-1.267,0,1,0
5999,Obstacle Collision,11206.13,-1.225,0,1,0
6000,Obstacle Collision,11207.52,-1.311,0,1,0
6001,Obstacle Collision,11210.74,-2.211,0,1,0
6002,Success,11211.48,-0.022,0,0,1
6003,Obstacle Collision,11213.28,-1.3,0,1,0
6004,Obstacle Collision,11214.71,-1.289,0,1,0
6005,Obstacle Collision,11215.54,-1.123,0,1,0
6006,Obstacle Collision,11217.3,-0.968,0,1,0
6007,Success,11219.44,-0.072,0,0,1
6008,Obstacle Collision,11219.88,-1.261,0,1,0
6009,Success,11222.41,-0.106,0,0,1
6010,Obstacle Collision,11225.53,-1.361,0,1,0
6011,Success,11226.92,-0.061,0,0,1
6012,Obstacle Collision,11228.33,-1.289,0,1,0
6013,Success,11231.18,-0.133,0,0,1
6014,Obstacle Collision,11236.09,-4.894,0,1,0
6015,Success,11238.24,-2.672,0,0,1
6016,Obstacle Collision,11240.89,-1.428,0,1,0
6017,Success,11244.22,-0.944,0,0,1
6018,Success,11245.93,-0.067,0,0,1
6019,Success,11248.01,-0.094,0,0,1
6020,Agent Collision,11249.59,-0.894,1,0,0
6021,Success,11251.37,-0.056,0,0,1
6022,Obstacle Collision,11252.49,-3.45,0,1,0
6023,Obstacle Collision,11255.61,-1.411,0,1,0
6024,Success,11257.16,-0.05,0,0,1
6025,Obstacle Collision,11258.58,-1.783,0,1,0
6026,Obstacle Collision,11262.57,-1.361,0,1,0
6027,Success,11263.17,-0.022,0,0,1
6028,Success,11265.8,-0.094,0,0,1
6029,Success,11268.43,-0.15,0,0,1
6030,Success,11270.61,-0.061,0,0,1
6031,Success,11273.56,-0.094,0,0,1
6032,Obstacle Collision,11274.16,-2.122,0,1,0
6033,Obstacle Collision,11276.89,-1.428,0,1,0
6034,Obstacle Collision,11277.89,-1.244,0,1,0
6035,Success,11279.76,-0.1,0,0,1
6036,Obstacle Collision,11282.92,-1.422,0,1,0
6037,Success,11285.03,-0.056,0,0,1
6038,Obstacle Collision,11285.69,-1.728,0,1,0
6039,Obstacle Collision,11286.65,-1.208,0,1,0
6040,Obstacle Collision,11287.57,-1.272,0,1,0
6041,Success,11288.82,-0.044,0,0,1
6042,Success,11290.72,-0.061,0,0,1
6043,Success,11292.38,-1.761,0,0,1
6044,Success,11294.03,-0.061,0,0,1
6045,Success,11295.67,-0.05,0,0,1
6046,Success,11296.99,-0.039,0,0,1
6047,Success,11298.88,-0.072,0,0,1
6048,Success,11300.77,-1.772,0,0,1
6049,Success,11302.37,-0.083,0,0,1
6050,Success,11303.46,-0.039,0,0,1
6051,Success,11304.79,-0.044,0,0,1
6052,Obstacle Collision,11305.46,-1.225,0,1,0
6053,Success,11307.1,-2.628,0,0,1
6054,Success,11309.08,-0.083,0,0,1
6055,Obstacle Collision,11310.33,-1.289,0,1,0
6056,Success,11312.1,-0.056,0,0,1
6057,Success,11313.96,-0.061,0,0,1
6058,Success,11315.89,-0.061,0,0,1
6059,Success,11318.7,-0.122,0,0,1
6060,Obstacle Collision,11320.06,-1.283,0,1,0
6061,Obstacle Collision,11322.45,-1.311,0,1,0
6062,Success,11323.67,-0.039,0,0,1
6063,Obstacle Collision,11324.69,-1.153,0,1,0
6064,Obstacle Collision,11326.09,-1.218,0,1,0
6065,Success,11327.47,-0.056,0,0,1
6066,Obstacle Collision,11329.03,-2.161,0,1,0
6067,Success,11331.02,-0.072,0,0,1
6068,Success,11332.34,-0.067,0,0,1
6069,Success,11333.02,-0.022,0,0,1
6070,Obstacle Collision,11334.68,-1.306,0,1,0
6071,Success,11337.02,-0.067,0,0,1
6072,Success,11338.89,-0.056,0,0,1
6073,Success,11342.04,-0.1,0,0,1
6074,Obstacle Collision,11343.46,-0.93,0,1,0
6075,Obstacle Collision,11345.03,-1.072,0,1,0
6076,Success,11346.42,-0.05,0,0,1
6077,Obstacle Collision,11347.99,-1.169,0,1,0
6078,Success,11350.47,-0.1,0,0,1
6079,Success,11351.41,-0.039,0,0,1
6080,Success,11354.34,-0.083,0,0,1
6081,Success,11355.98,-0.061,0,0,1
6082,Success,11358.49,-0.083,0,0,1
6083,Obstacle Collision,11359.32,-1.156,0,1,0
6084,Success,11361.96,-0.067,0,0,1
6085,Success,11363.52,-0.061,0,0,1
6086,Obstacle Collision,11365.89,-1.328,0,1,0
6087,Success,11367.62,-0.078,0,0,1
6088,Success,11369.01,-0.067,0,0,1
6089,Success,11370.9,-0.072,0,0,1
6090,Obstacle Collision,11374.19,-2.283,0,1,0
6091,Success,11376.29,-0.067,0,0,1
6092,Obstacle Collision,11378.49,-1.35,0,1,0
6093,Success,11379.97,-0.078,0,0,1
6094,Success,11382.4,-0.094,0,0,1
6095,Obstacle Collision,11383.27,-1.272,0,1,0
6096,Success,11385.43,-0.122,0,0,1
6097,Success,11387.34,-0.072,0,0,1
6098,Success,11389.15,-0.089,0,0,1
6099,Success,11390.6,-0.9,0,0,1
6100,Success,11393.07,-0.078,0,0,1
6101,Obstacle Collision,11394.83,-1.306,0,1,0
6102,Success,11397.5,-0.067,0,0,1
6103,Success,11399.44,-0.056,0,0,1
6104,Success,11401.88,-0.083,0,0,1
6105,Success,11403.1,-0.039,0,0,1
6106,Obstacle Collision,11404.79,-1.258,0,1,0
6107,Success,11406.32,-0.044,0,0,1
6108,Obstacle Collision,11407.4,-1.168,0,1,0
6109,Obstacle Collision,11407.84,-2.117,0,1,0
6110,Obstacle Collision,11408.97,-1.154,0,1,0
6111,Obstacle Collision,11411.16,-1.322,0,1,0
6112,Obstacle Collision,11413.0,-1.333,0,1,0
6113,Obstacle Collision,11415.2,-1.306,0,1,0
6114,Success,11417.36,-0.078,0,0,1
6115,Obstacle Collision,11418.37,-1.217,0,1,0
6116,Success,11419.59,-0.044,0,0,1
6117,Obstacle Collision,11421.46,-1.122,0,1,0
6118,Obstacle Collision,11422.04,-1.252,0,1,0
6119,Success,11422.97,-0.033,0,0,1
6120,Obstacle Collision,11424.68,-1.317,0,1,0
6121,Obstacle Collision,11427.67,-1.483,0,1,0
6122,Obstacle Collision,11428.11,-1.261,0,1,0
6123,Obstacle Collision,11428.54,-1.283,0,1,0
6124,Success,11430.56,-3.483,0,0,1
6125,Obstacle Collision,11432.13,-0.973,0,1,0
6126,Obstacle Collision,11435.41,-1.517,0,1,0
6127,Obstacle Collision,11435.85,-1.261,0,1,0
6128,Success,11438.52,-0.106,0,0,1
6129,Success,11440.9,-1.839,0,0,1
6130,Success,11441.58,-0.022,0,0,1
6131,Success,11444.1,-0.089,0,0,1
6132,Obstacle Collision,11445.75,-1.061,0,1,0
6133,Obstacle Collision,11447.06,-1.242,0,1,0
6134,Success,11448.37,-0.039,0,0,1
6135,Obstacle Collision,11449.25,-1.278,0,1,0
6136,Obstacle Collision,11450.71,-1.181,0,1,0
6137,Success,11453.81,-0.194,0,0,1
6138,Obstacle Collision,11455.85,-1.339,0,1,0
6139,Obstacle Collision,11459.35,-1.394,0,1,0
6140,Success,11460.45,-2.611,0,0,1
6141,Success,11463.86,-0.094,0,0,1
6142,Obstacle Collision,11466.6,-1.244,0,1,0
6143,Obstacle Collision,11469.34,-2.827,0,1,0
6144,Obstacle Collision,11470.02,-1.267,0,1,0
6145,Success,11473.13,-0.2,0,0,1
6146,Success,11474.74,-0.05,0,0,1
6147,Obstacle Collision,11476.7,-1.222,0,1,0
6148,Obstacle Collision,11478.39,-0.973,0,1,0
6149,Success,11479.59,-0.906,0,0,1
6150,Success,11481.45,-0.05,0,0,1
6151,Obstacle Collision,11482.34,-1.25,0,1,0
6152,Success,11485.35,-0.122,0,0,1
6153,Obstacle Collision,11485.94,-1.225,0,1,0
6154,Obstacle Collision,11487.85,-1.3,0,1,0
6155,Success,11489.88,-0.072,0,0,1
6156,Success,11491.44,-0.067,0,0,1
6157,Success,11493.35,-0.05,0,0,1
6158,Success,11495.54,-3.506,0,0,1
6159,Success,11497.69,-0.072,0,0,1
6160,Success,11498.91,-0.039,0,0,1
6161,Success,11501.41,-0.133,0,0,1
6162,Success,11503.5,-0.072,0,0,1
6163,Agent Collision,11505.13,-6.028,1,0,0
6164,Obstacle Collision,11506.6,-1.234,0,1,0
6165,Obstacle Collision,11508.24,-2.178,0,1,0
6166,Success,11510.04,-0.067,0,0,1
6167,Obstacle Collision,11510.7,-3.833,0,1,0
6168,Obstacle Collision,11511.33,-1.267,0,1,0
6169,Success,11513.45,-0.111,0,0,1
6170,Success,11515.15,-0.083,0,0,1
6171,Success,11518.49,-11.956,0,0,1
6172,Success,11519.64,-0.894,0,0,1
6173,Obstacle Collision,11520.07,-1.261,0,1,0
6174,Success,11520.74,-0.022,0,0,1
6175,Success,11522.35,-0.061,0,0,1
6176,Success,11523.73,-0.044,0,0,1
6177,Success,11525.57,-0.072,0,0,1
6178,Success,11526.78,-0.033,0,0,1
6179,Success,11528.8,-0.078,0,0,1
6180,Success,11530.36,-0.061,0,0,1
6181,Agent Collision,11531.98,-6.906,1,0,0
6182,Success,11533.13,-0.044,0,0,1
6183,Success,11535.39,-0.089,0,0,1
6184,Success,11536.61,-0.05,0,0,1
6185,Obstacle Collision,11537.05,-1.261,0,1,0
6186,Success,11537.79,-0.028,0,0,1
6187,Obstacle Collision,11539.49,-1.306,0,1,0
6188,Success,11540.66,-1.75,0,0,1
6189,Obstacle Collision,11541.33,-1.267,0,1,0
6190,Obstacle Collision,11541.99,-1.267,0,1,0
6191,Obstacle Collision,11542.74,-1.272,0,1,0
6192,Obstacle Collision,11545.26,-1.356,0,1,0
6193,Success,11546.4,-0.044,0,0,1
6194,Success,11548.11,-0.083,0,0,1
6195,Success,11549.81,-0.056,0,0,1
6196,Success,11552.54,-0.078,0,0,1
6197,Success,11555.65,-0.089,0,0,1
6198,Obstacle Collision,11556.9,-1.076,0,1,0
6199,Success,11557.95,-0.039,0,0,1
6200,Success,11561.65,-2.636,0,0,1
6201,Success,11563.79,-1.778,0,0,1
6202,Agent Collision,11565.85,-8.611,1,0,0
6203,Success,11567.65,-0.056,0,0,1
6204,Obstacle Collision,11569.08,-1.103,0,1,0
6205,Success,11571.49,-0.072,0,0,1
6206,Success,11573.12,-0.067,0,0,1
6207,Obstacle Collision,11573.56,-1.261,0,1,0
6208,Obstacle Collision,11575.32,-1.328,0,1,0
6209,Agent Collision,11576.07,-3.444,1,0,0
6210,Success,11577.7,-0.056,0,0,1
6211,Success,11580.31,-0.139,0,0,1
6212,Success,11581.56,-0.061,0,0,1
6213,Success,11582.81,-0.056,0,0,1
6214,Obstacle Collision,11584.32,-0.858,0,1,0
6215,Success,11589.23,-0.144,0,0,1
6216,Success,11591.34,-1.789,0,0,1
6217,Success,11593.15,-0.067,0,0,1
6218,Agent Collision,11594.72,-6.028,1,0,0
6219,Success,11597.46,-0.139,0,0,1
6220,Success,11600.94,-0.089,0,0,1
6221,Success,11603.27,-0.1,0,0,1
6222,Obstacle Collision,11604.37,-1.283,0,1,0
6223,Obstacle Collision,11610.04,-1.628,0,1,0
6224,Obstacle Collision,11610.48,-1.261,0,1,0
6225,Success,11611.15,-0.022,0,0,1
6226,Success,11613.44,-0.089,0,0,1
6227,Success,11615.77,-0.072,0,0,1
6228,Obstacle Collision,11616.6,-1.272,0,1,0
6229,Obstacle Collision,11617.42,-1.272,0,1,0
6230,Success,11618.18,-0.028,0,0,1
6231,Success,11620.57,-0.083,0,0,1
6232,Success,11622.2,-0.056,0,0,1
6233,Success,11623.28,-0.044,0,0,1
6234,Obstacle Collision,11625.5,-1.306,0,1,0
6235,Success,11626.26,-0.028,0,0,1
6236,Obstacle Collision,11628.48,-2.633,0,1,0
6237,Success,11630.57,-0.067,0,0,1
6238,Obstacle Collision,11631.45,-1.278,0,1,0
6239,Success,11633.09,-0.067,0,0,1
6240,Success,11634.64,-0.05,0,0,1
6241,Success,11636.52,-0.067,0,0,1
6242,Success,11638.41,-0.078,0,0,1
6243,Obstacle Collision,11640.74,-1.306,0,1,0
6244,Obstacle Collision,11641.4,-1.267,0,1,0
6245,Success,11642.66,-0.061,0,0,1
6246,Success,11645.49,-0.161,0,0,1
6247,Success,11647.58,-0.061,0,0,1
6248,Success,11648.93,-0.061,0,0,1
6249,Success,11651.54,-0.144,0,0,1
6250,Success,11653.55,-0.061,0,0,1
6251,Obstacle Collision,11654.4,-1.247,0,1,0
6252,Success,11656.54,-0.128,0,0,1
6253,Success,11660.31,-1.011,0,0,1
6254,Agent Collision,11660.94,-2.583,1,0,0
6255,Success,11663.69,-0.928,0,0,1
6256,Obstacle Collision,11665.31,-2.073,0,1,0
6257,Success,11667.83,-0.094,0,0,1
6258,Obstacle Collision,11669.97,-1.311,0,1,0
6259,Success,11672.15,-0.056,0,0,1
6260,Obstacle Collision,11677.05,-1.672,0,1,0
6261,Obstacle Collision,11678.5,-1.22,0,1,0
6262,Obstacle Collision,11678.94,-1.261,0,1,0
6263,Obstacle Collision,11679.37,-1.261,0,1,0
6264,Obstacle Collision,11680.04,-1.267,0,1,0
6265,Success,11681.49,-0.05,0,0,1
6266,Success,11683.33,-0.061,0,0,1
6267,Success,11685.55,-0.067,0,0,1
6268,Obstacle Collision,11687.8,-1.317,0,1,0
6269,Obstacle Collision,11690.82,-2.644,0,1,0
6270,Success,11694.08,-0.111,0,0,1
6271,Obstacle Collision,11696.97,-2.667,0,1,0
6272,Success,11699.24,-0.917,0,0,1
6273,Obstacle Collision,11700.58,-1.05,0,1,0
6274,Success,11704.23,-0.117,0,0,1
6275,Obstacle Collision,11706.27,-1.317,0,1,0
6276,Obstacle Collision,11710.19,-1.367,0,1,0
6277,Success,11712.25,-0.083,0,0,1
6278,Success,11714.12,-0.106,0,0,1
6279,Success,11716.21,-0.106,0,0,1
6280,Success,11720.44,-0.117,0,0,1
6281,Obstacle Collision,11722.02,-1.306,0,1,0
6282,Success,11723.76,-0.111,0,0,1
6283,Success,11725.66,-0.922,0,0,1
6284,Obstacle Collision,11727.6,-1.132,0,1,0
6285,Obstacle Collision,11728.57,-1.283,0,1,0
6286,Obstacle Collision,11731.87,-1.4,0,1,0
6287,Obstacle Collision,11732.92,-1.278,0,1,0
6288,Success,11735.04,-0.056,0,0,1
6289,Obstacle Collision,11735.48,-1.261,0,1,0
6290,Success,11737.04,-0.05,0,0,1
6291,Obstacle Collision,11738.1,-1.121,0,1,0
6292,Success,11741.15,-0.967,0,0,1
6293,Success,11742.8,-0.056,0,0,1
6294,Obstacle Collision,11745.8,-1.428,0,1,0
6295,Success,11747.41,-0.083,0,0,1
6296,Success,11748.88,-0.044,0,0,1
6297,Obstacle Collision,11750.02,-1.278,0,1,0
6298,Success,11754.46,-9.524,0,0,1
6299,Success,11755.78,-0.05,0,0,1
6300,Obstacle Collision,11757.71,-2.042,0,1,0
6301,Success,11759.1,-0.044,0,0,1
6302,Obstacle Collision,11762.36,-1.344,0,1,0
6303,Obstacle Collision,11763.21,-1.231,0,1,0
6304,Success,11765.46,-0.072,0,0,1
6305,Success,11767.39,-0.061,0,0,1
6306,Obstacle Collision,11769.35,-1.311,0,1,0
6307,Success,11771.85,-2.609,0,0,1
6308,Success,11774.02,-0.072,0,0,1
6309,Success,11775.64,-0.056,0,0,1
6310,Obstacle Collision,11779.17,-1.456,0,1,0
6311,Obstacle Collision,11781.41,-1.317,0,1,0
6312,Obstacle Collision,11783.07,-1.322,0,1,0
6313,Obstacle Collision,11783.72,-1.267,0,1,0
6314,Obstacle Collision,11784.78,-1.278,0,1,0
6315,Success,11786.4,-0.917,0,0,1
6316,Success,11787.55,-0.05,0,0,1
6317,Obstacle Collision,11789.69,-1.125,0,1,0
6318,Success,11791.25,-0.922,0,0,1
6319,Success,11792.87,-0.05,0,0,1
6320,Success,11794.7,-0.083,0,0,1
6321,Obstacle Collision,11796.32,-1.306,0,1,0
6322,Success,11800.02,-0.111,0,0,1
6323,Obstacle Collision,11802.3,-1.322,0,1,0
6324,Success,11804.64,-0.089,0,0,1
6325,Success,11807.02,-0.089,0,0,1
6326,Success,11808.11,-0.033,0,0,1
6327,Obstacle Collision,11810.12,-1.311,0,1,0
6328,Obstacle Collision,11811.69,-1.289,0,1,0
6329,Success,11814.21,-0.094,0,0,1
6330,Success,11818.5,-1.928,0,0,1
6331,Success,11819.62,-0.033,0,0,1
6332,Success,11821.47,-0.067,0,0,1
6333,Obstacle Collision,11823.56,-1.042,0,1,0
6334,Success,11825.04,-0.072,0,0,1
6335,Agent Collision,11827.7,-2.644,1,0,0
6336,Success,11829.48,-0.078,0,0,1
6337,Success,11831.57,-0.1,0,0,1
6338,Obstacle Collision,11832.63,-1.283,0,1,0
6339,Success,11833.31,-0.022,0,0,1
6340,Obstacle Collision,11834.18,-1.272,0,1,0
6341,Obstacle Collision,11835.31,-1.278,0,1,0
6342,Obstacle Collision,11836.78,-1.253,0,1,0
6343,Obstacle Collision,11838.46,-1.092,0,1,0
6344,Success,11840.39,-0.05,0,0,1
6345,Success,11842.09,-0.05,0,0,1
6346,Obstacle Collision,11843.04,-1.278,0,1,0
6347,Obstacle Collision,11844.61,-1.339,0,1,0
6348,Obstacle Collision,11845.43,-1.189,0,1,0
6349,Obstacle Collision,11846.86,-1.226,0,1,0
6350,Success,11847.78,-0.028,0,0,1
6351,Success,11849.74,-0.083,0,0,1
6352,Success,11851.36,-0.05,0,0,1
6353,Success,11853.1,-0.067,0,0,1
6354,Success,11855.97,-0.161,0,0,1
6355,Success,11858.07,-0.067,0,0,1
6356,Success,11860.27,-0.133,0,0,1
6357,Obstacle Collision,11861.62,-1.081,0,1,0
6358,Obstacle Collision,11862.3,-2.978,0,1,0
6359,Agent Collision,11865.7,-1.033,1,0,0
6360,Success,11866.69,-0.033,0,0,1
6361,Obstacle Collision,11869.07,-1.344,0,1,0
6362,Success,11871.17,-0.072,0,0,1
6363,Success,11874.44,-6.889,0,0,1
6364,Success,11876.16,-0.067,0,0,1
6365,Obstacle Collision,11878.36,-1.344,0,1,0
6366,Success,11879.84,-0.05,0,0,1
6367,Success,11881.16,-0.083,0,0,1
6368,Obstacle Collision,11881.59,-1.261,0,1,0
6369,Obstacle Collision,11882.97,-2.939,0,1,0
6370,Obstacle Collision,11883.76,-1.234,0,1,0
6371,Success,11885.79,-0.067,0,0,1
6372,Obstacle Collision,11886.69,-1.272,0,1,0
6373,Success,11888.62,-0.922,0,0,1
6374,Success,11890.16,-0.05,0,0,1
6375,Obstacle Collision,11890.87,-1.272,0,1,0
6376,Success,11893.4,-0.094,0,0,1
6377,Success,11895.46,-0.144,0,0,1
6378,Success,11897.45,-0.056,0,0,1
6379,Success,11899.44,-0.072,0,0,1
6380,Success,11902.07,-0.089,0,0,1
6381,Obstacle Collision,11902.74,-1.272,0,1,0
6382,Success,11904.53,-0.072,0,0,1
6383,Obstacle Collision,11905.98,-1.081,0,1,0
6384,Obstacle Collision,11908.19,-1.031,0,1,0
6385,Success,11909.28,-0.039,0,0,1
6386,Obstacle Collision,11910.41,-1.283,0,1,0
6387,Success,11911.58,-0.05,0,0,1
6388,Agent Collision,11912.82,-6.028,1,0,0
6389,Success,11914.21,-0.067,0,0,1
6390,Obstacle Collision,11915.73,-1.3,0,1,0
6391,Obstacle Collision,11918.4,-3.033,0,1,0
6392,Success,11920.53,-0.067,0,0,1
6393,Agent Collision,11922.95,-11.194,1,0,0
6394,Success,11924.44,-0.061,0,0,1
6395,Obstacle Collision,11925.46,-1.213,0,1,0
6396,Obstacle Collision,11926.47,-1.283,0,1,0
6397,Success,11928.17,-0.061,0,0,1
6398,Obstacle Collision,11929.7,-1.164,0,1,0
6399,Success,11931.48,-0.061,0,0,1
6400,Success,11933.74,-0.056,0,0,1
6401,Obstacle Collision,11934.97,-1.3,0,1,0
6402,Success,11936.99,-0.067,0,0,1
6403,Success,11942.32,-0.367,0,0,1
6404,Obstacle Collision,11943.29,-1.195,0,1,0
6405,Obstacle Collision,11945.56,-1.389,0,1,0
6406,Success,11946.09,-0.017,0,0,1
6407,Obstacle Collision,11947.47,-1.289,0,1,0
6408,Obstacle Collision,11948.2,-1.272,0,1,0
6409,Obstacle Collision,11949.77,-1.293,0,1,0
6410,Obstacle Collision,11951.23,-1.289,0,1,0
6411,Success,11955.43,-1.011,0,0,1
6412,Obstacle Collision,11957.38,-1.083,0,1,0
6413,Obstacle Collision,11959.99,-1.806,0,1,0
6414,Obstacle Collision,11960.99,-1.288,0,1,0
6415,Agent Collision,11961.91,-5.139,1,1,0
6416,Obstacle Collision,11964.15,-1.306,0,1,0
6417,Obstacle Collision,11966.64,-1.211,0,1,0
6418,Success,11969.4,-0.072,0,0,1
6419,Obstacle Collision,11971.44,-0.902,0,1,0
6420,Success,11973.57,-0.083,0,0,1
6421,Success,11975.09,-0.05,0,0,1
6422,Success,11977.23,-0.917,0,0,1
6423,Success,11980.26,-0.106,0,0,1
6424,Success,11981.96,-0.061,0,0,1
6425,Success,11983.76,-0.078,0,0,1
6426,Obstacle Collision,11986.64,-1.136,0,1,0
6427,Success,11989.04,-0.094,0,0,1
6428,Success,11991.06,-0.061,0,0,1
6429,Success,11991.9,-0.039,0,0,1
6430,Obstacle Collision,11992.5,-1.183,0,1,0
6431,Success,11994.6,-0.089,0,0,1
6432,Obstacle Collision,11995.9,-1.211,0,1,0
6433,Obstacle Collision,11999.16,-1.439,0,1,0
6434,Obstacle Collision,12001.52,-1.333,0,1,0
6435,Success,12004.0,-0.094,0,0,1
6436,Success,12006.34,-0.1,0,0,1
6437,Success,12007.9,-0.05,0,0,1
6438,Obstacle Collision,12010.5,-3.413,0,1,0
6439,Success,12011.81,-0.039,0,0,1
6440,Success,12013.84,-0.083,0,0,1
6441,Success,12015.33,-0.072,0,0,1
6442,Success,12018.8,-1.878,0,0,1
6443,Success,12021.31,-0.089,0,0,1
6444,Success,12023.82,-0.094,0,0,1
6445,Obstacle Collision,12024.82,-1.278,0,1,0
6446,Success,12027.4,-3.478,0,0,1
6447,Agent Collision,12029.76,-0.917,1,0,0
6448,Obstacle Collision,12031.51,-1.294,0,1,0
6449,Success,12033.63,-0.078,0,0,1
6450,Success,12035.6,-0.05,0,0,1
6451,Success,12038.42,-0.089,0,0,1
6452,Obstacle Collision,12039.24,-1.153,0,1,0
6453,Success,12041.6,-0.061,0,0,1
6454,Success,12045.09,-0.1,0,0,1
6455,Success,12046.94,-0.083,0,0,1
6456,Obstacle Collision,12050.94,-1.583,0,1,0
6457,Obstacle Collision,12052.08,-2.139,0,1,0
6458,Success,12054.72,-0.122,0,0,1
6459,Success,12055.94,-0.044,0,0,1
6460,Obstacle Collision,12057.69,-1.756,0,1,0
6461,Obstacle Collision,12059.5,-1.789,0,1,0
6462,Success,12061.88,-0.922,0,0,1
6463,Success,12063.58,-0.917,0,0,1
6464,Success,12064.86,-0.044,0,0,1
6465,Success,12067.82,-0.1,0,0,1
6466,Success,12069.46,-0.072,0,0,1
6467,Obstacle Collision,12069.9,-1.261,0,1,0
6468,Agent Collision,12072.1,-2.633,1,0,0
6469,Success,12073.9,-0.083,0,0,1
6470,Success,12075.21,-0.05,0,0,1
6471,Success,12077.99,-0.083,0,0,1
6472,Obstacle Collision,12079.12,-1.278,0,1,0
6473,Success,12082.04,-1.806,0,0,1
6474,Obstacle Collision,12082.93,-1.272,0,1,0
6475,Agent Collision,12083.92,-4.306,1,0,0
6476,Obstacle Collision,12088.16,-3.165,0,1,0
6477,Obstacle Collision,12090.22,-1.3,0,1,0
6478,Success,12091.61,-0.056,0,0,1
6479,Success,12093.0,-0.044,0,0,1
6480,Obstacle Collision,12093.64,-1.267,0,1,0
6481,Success,12095.2,-0.061,0,0,1
6482,Success,12096.26,-0.033,0,0,1
6483,Success,12099.79,-0.961,0,0,1
6484,Obstacle Collision,12100.72,-1.098,0,1,0
6485,Obstacle Collision,12101.84,-2.133,0,1,0
6486,Success,12102.92,-0.028,0,0,1
6487,Obstacle Collision,12105.56,-1.494,0,1,0
6488,Obstacle Collision,12108.05,-1.356,0,1,0
6489,Success,12110.2,-0.078,0,0,1
6490,Obstacle Collision,12115.23,-1.556,0,1,0
6491,Success,12117.11,-1.761,0,0,1
6492,Obstacle Collision,12119.13,-1.3,0,1,0
6493,Obstacle Collision,12121.11,-1.285,0,1,0
6494,Success,12123.34,-0.917,0,0,1
6495,Success,12125.43,-0.067,0,0,1
6496,Success,12127.34,-0.067,0,0,1
6497,Success,12128.61,-0.067,0,0,1
6498,Obstacle Collision,12130.07,-1.289,0,1,0
6499,Success,12132.26,-5.128,0,0,1
6500,Success,12134.29,-0.067,0,0,1
6501,Success,12136.25,-0.083,0,0,1
6502,Success,12137.1,-0.039,0,0,1
6503,Obstacle Collision,12137.77,-1.267,0,1,0
6504,Obstacle Collision,12138.63,-1.272,0,1,0
6505,Success,12140.59,-0.067,0,0,1
6506,Success,12142.42,-0.067,0,0,1
6507,Obstacle Collision,12143.41,-1.048,0,1,0
6508,Obstacle Collision,12144.07,-1.267,0,1,0
6509,Success,12146.04,-0.089,0,0,1
6510,Obstacle Collision,12147.23,-0.932,0,1,0
6511,Success,12148.54,-0.039,0,0,1
6512,Success,12150.0,-0.061,0,0,1
6513,Obstacle Collision,12150.73,-1.272,0,1,0
6514,Obstacle Collision,12151.57,-1.248,0,1,0
6515,Success,12153.2,-0.083,0,0,1
6516,Obstacle Collision,12153.97,-1.272,0,1,0
6517,Success,12155.47,-0.067,0,0,1
6518,Success,12157.45,-0.056,0,0,1
6519,Obstacle Collision,12159.05,-1.289,0,1,0
6520,Obstacle Collision,12159.93,-1.278,0,1,0
6521,Success,12163.57,-3.494,0,0,1
6522,Success,12164.57,-0.05,0,0,1
6523,Obstacle Collision,12165.7,-0.98,0,1,0
6524,Success,12166.92,-0.044,0,0,1
6525,Obstacle Collision,12167.8,-1.272,0,1,0
6526,Success,12170.0,-0.078,0,0,1
6527,Obstacle Collision,12171.35,-1.289,0,1,0
6528,Success,12172.67,-0.05,0,0,1
6529,Obstacle Collision,12173.33,-1.184,0,1,0
6530,Success,12175.78,-0.078,0,0,1
6531,Obstacle Collision,12176.87,-1.294,0,1,0
6532,Agent Collision,12179.86,-4.378,1,0,0
6533,Obstacle Collision,12180.54,-1.267,0,1,0
6534,Obstacle Collision,12183.43,-1.356,0,1,0
6535,Obstacle Collision,12186.5,-1.511,0,1,0
6536,Obstacle Collision,12188.46,-1.3,0,1,0
6537,Obstacle Collision,12191.52,-1.356,0,1,0
6538,Obstacle Collision,12192.37,-1.272,0,1,0
6539,Obstacle Collision,12193.86,-1.289,0,1,0
6540,Obstacle Collision,12195.31,-1.139,0,1,0
6541,Obstacle Collision,12197.01,-1.328,0,1,0
6542,Success,12198.89,-0.061,0,0,1
6543,Success,12201.08,-0.067,0,0,1
6544,Success,12203.38,-0.106,0,0,1
6545,Success,12205.38,-0.106,0,0,1
6546,Success,12208.48,-0.128,0,0,1
6547,Success,12210.83,-0.061,0,0,1
6548,Agent Collision,12213.32,-6.906,1,0,0
6549,Success,12216.18,-0.1,0,0,1
6550,Success,12217.42,-0.05,0,0,1
6551,Success,12218.02,-0.022,0,0,1
6552,Success,12219.49,-0.05,0,0,1
6553,Obstacle Collision,12222.48,-1.45,0,1,0
6554,Agent Collision,12223.69,-1.744,1,0,0
6555,Success,12225.7,-0.072,0,0,1
6556,Success,12228.19,-3.506,0,0,1
6557,Success,12229.18,-0.039,0,0,1
6558,Success,12230.4,-0.05,0,0,1
6559,Success,12232.16,-0.05,0,0,1
6560,Success,12233.54,-0.056,0,0,1
6561,Success,12235.77,-0.083,0,0,1
6562,Success,12237.96,-0.083,0,0,1
6563,Success,12240.99,-0.939,0,0,1
6564,Obstacle Collision,12242.42,-0.931,0,1,0
6565,Obstacle Collision,12243.35,-1.16,0,1,0
6566,Agent Collision,12246.04,-4.4,1,0,0
6567,Obstacle Collision,12247.33,-2.994,0,1,0
6568,Success,12248.94,-0.05,0,0,1
6569,Obstacle Collision,12249.81,-1.189,0,1,0
6570,Success,12251.84,-0.067,0,0,1
6571,Success,12253.51,-0.078,0,0,1
6572,Obstacle Collision,12253.95,-1.261,0,1,0
6573,Obstacle Collision,12255.34,-1.3,0,1,0
6574,Success,12257.51,-0.061,0,0,1
6575,Obstacle Collision,12264.07,-1.767,0,1,0
6576,Success,12265.47,-0.056,0,0,1
6577,Obstacle Collision,12267.56,-1.356,0,1,0
6578,Success,12268.71,-0.05,0,0,1
6579,Success,12270.65,-0.056,0,0,1
6580,Success,12272.52,-0.078,0,0,1
6581,Obstacle Collision,12274.09,-1.311,0,1,0
6582,Success,12275.34,-0.061,0,0,1
6583,Obstacle Collision,12276.37,-1.154,0,1,0
6584,Success,12278.61,-0.078,0,0,1
6585,Agent Collision,12281.87,-9.522,1,0,0
6586,Success,12286.15,-0.972,0,0,1
6587,Success,12287.95,-0.05,0,0,1
6588,Obstacle Collision,12290.12,-1.333,0,1,0
6589,Success,12291.92,-0.061,0,0,1
6590,Success,12293.09,-0.039,0,0,1
6591,Success,12294.98,-0.1,0,0,1
6592,Success,12297.43,-0.089,0,0,1
6593,Success,12299.37,-0.061,0,0,1
6594,Success,12302.38,-0.094,0,0,1
6595,Success,12303.22,-0.033,0,0,1
6596,Obstacle Collision,12306.2,-1.333,0,1,0
6597,Obstacle Collision,12307.93,-1.317,0,1,0
6598,Success,12309.71,-0.067,0,0,1
6599,Obstacle Collision,12310.5,-1.189,0,1,0
6600,Success,12312.51,-0.061,0,0,1
6601,Obstacle Collision,12313.38,-1.154,0,1,0
6602,Success,12314.84,-0.044,0,0,1
6603,Agent Collision,12316.27,-1.744,1,0,0
6604,Obstacle Collision,12316.71,-1.261,0,1,0
6605,Success,12318.43,-0.083,0,0,1
6606,Obstacle Collision,12322.41,-1.544,0,1,0
6607,Success,12324.37,-0.072,0,0,1
6608,Success,12325.93,-0.061,0,0,1
6609,Obstacle Collision,12330.59,-1.517,0,1,0
6610,Success,12333.39,-0.206,0,0,1
6611,Success,12336.13,-0.95,0,0,1
6612,Obstacle Collision,12337.55,-1.17,0,1,0
6613,Success,12339.77,-0.094,0,0,1
6614,Obstacle Collision,12340.38,-1.225,0,1,0
6615,Success,12343.35,-3.544,0,0,1
6616,Success,12344.8,-0.05,0,0,1
6617,Obstacle Collision,12345.67,-1.233,0,1,0
6618,Obstacle Collision,12346.11,-1.261,0,1,0
6619,Obstacle Collision,12347.46,-1.272,0,1,0
6620,Success,12348.7,-0.044,0,0,1
6621,Success,12350.46,-0.906,0,0,1
6622,Obstacle Collision,12351.31,-1.272,0,1,0
6623,Success,12354.09,-0.95,0,0,1
6624,Success,12356.2,-0.111,0,0,1
6625,Success,12357.83,-0.056,0,0,1
6626,Success,12359.86,-0.056,0,0,1
6627,Obstacle Collision,12361.47,-1.289,0,1,0
6628,Success,12362.71,-0.044,0,0,1
6629,Obstacle Collision,12368.41,-1.667,0,1,0
6630,Success,12370.82,-0.078,0,0,1
6631,Success,12372.22,-0.044,0,0,1
6632,Success,12374.71,-0.1,0,0,1
6633,Obstacle Collision,12375.35,-1.267,0,1,0
6634,Obstacle Collision,12376.5,-1.278,0,1,0
6635,Success,12377.75,-0.05,0,0,1
6636,Success,12380.47,-0.961,0,0,1
6637,Success,12383.22,-0.117,0,0,1
6638,Success,12386.12,-0.933,0,0,1
6639,Success,12388.18,-0.061,0,0,1
6640,Obstacle Collision,12388.53,-1.261,0,1,0
6641,Success,12389.53,-0.033,0,0,1
6642,Success,12391.02,-0.061,0,0,1
6643,Success,12393.61,-0.089,0,0,1
6644,Obstacle Collision,12397.4,-1.406,0,1,0
6645,Obstacle Collision,12399.94,-1.406,0,1,0
6646,Success,12401.03,-0.039,0,0,1
6647,Obstacle Collision,12405.76,-1.506,0,1,0
6648,Obstacle Collision,12408.08,-1.304,0,1,0
6649,Success,12409.5,-0.067,0,0,1
6650,Success,12411.07,-0.917,0,0,1
6651,Obstacle Collision,12412.76,-1.173,0,1,0
6652,Obstacle Collision,12416.68,-2.244,0,1,0
6653,Obstacle Collision,12418.65,-1.3,0,1,0
6654,Obstacle Collision,12419.48,-1.19,0,1,0
6655,Success,12421.2,-0.05,0,0,1
6656,Obstacle Collision,12421.77,-4.611,0,1,0
6657,Success,12424.25,-0.089,0,0,1
6658,Obstacle Collision,12425.41,-1.054,0,1,0
6659,Success,12426.95,-0.05,0,0,1
6660,Obstacle Collision,12430.79,-1.478,0,1,0
6661,Success,12432.27,-0.05,0,0,1
6662,Obstacle Collision,12432.94,-1.267,0,1,0
6663,Obstacle Collision,12433.65,-1.198,0,1,0
6664,Success,12435.49,-0.05,0,0,1
6665,Obstacle Collision,12436.61,-0.972,0,1,0
6666,Obstacle Collision,12437.04,-1.261,0,1,0
6667,Success,12439.96,-0.117,0,0,1
6668,Success,12441.52,-0.056,0,0,1
6669,Obstacle Collision,12442.9,-0.99,0,1,0
6670,Obstacle Collision,12444.69,-1.311,0,1,0
6671,Success,12446.22,-0.044,0,0,1
6672,Obstacle Collision,12448.49,-1.767,0,1,0
6673,Success,12450.88,-0.089,0,0,1
6674,Success,12454.85,-0.983,0,0,1
6675,Success,12456.08,-0.044,0,0,1
6676,Agent Collision,12458.48,-0.928,1,0,0
6677,Success,12460.0,-0.083,0,0,1
6678,Obstacle Collision,12462.13,-2.628,0,1,0
6679,Obstacle Collision,12463.29,-1.3,0,1,0
6680,Success,12465.1,-0.05,0,0,1
6681,Obstacle Collision,12466.84,-1.317,0,1,0
6682,Obstacle Collision,12469.03,-1.333,0,1,0
6683,Success,12470.11,-0.039,0,0,1
6684,Obstacle Collision,12472.66,-3.894,0,1,0
6685,Success,12474.21,-0.056,0,0,1
6686,Obstacle Collision,12476.15,-0.894,0,1,0
6687,Success,12478.19,-0.078,0,0,1
6688,Obstacle Collision,12480.26,-1.344,0,1,0
6689,Obstacle Collision,12481.96,-1.306,0,1,0
6690,Timeout,12488.51,-0.6,0,0,0
6691,Obstacle Collision,12490.28,-1.111,0,1,0
6692,Obstacle Collision,12492.71,-3.039,0,1,0
6693,Success,12494.34,-0.056,0,0,1
6694,Success,12495.5,-0.044,0,0,1
6695,Success,12497.53,-0.067,0,0,1
6696,Success,12499.28,-0.106,0,0,1
6697,Success,12501.0,-0.067,0,0,1
6698,Obstacle Collision,12503.07,-1.282,0,1,0
6699,Success,12503.83,-0.022,0,0,1
6700,Success,12507.73,-0.144,0,0,1
6701,Success,12509.73,-0.078,0,0,1
6702,Obstacle Collision,12511.44,-1.174,0,1,0
6703,Success,12512.59,-0.05,0,0,1
6704,Obstacle Collision,12513.91,-1.294,0,1,0
6705,Obstacle Collision,12515.35,-1.134,0,1,0
6706,Obstacle Collision,12516.91,-1.29,0,1,0
6707,Success,12518.37,-0.044,0,0,1
6708,Obstacle Collision,12520.3,-1.311,0,1,0
6709,Obstacle Collision,12522.38,-6.417,0,1,0
6710,Obstacle Collision,12523.0,-1.228,0,1,0
6711,Obstacle Collision,12523.44,-1.261,0,1,0
6712,Obstacle Collision,12524.3,-1.191,0,1,0
6713,Success,12526.89,-0.083,0,0,1
6714,Obstacle Collision,12527.95,-1.153,0,1,0
6715,Success,12531.35,-0.161,0,0,1
6716,Success,12534.86,-0.239,0,0,1
6717,Success,12536.74,-0.061,0,0,1
6718,Obstacle Collision,12538.77,-1.317,0,1,0
6719,Success,12540.68,-0.067,0,0,1
6720,Obstacle Collision,12541.64,-1.153,0,1,0
6721,Obstacle Collision,12547.87,-1.683,0,1,0
6722,Success,12551.54,-0.128,0,0,1
6723,Success,12554.4,-0.078,0,0,1
6724,Success,12556.2,-0.072,0,0,1
6725,Success,12558.0,-0.061,0,0,1
6726,Success,12559.96,-0.928,0,0,1
6727,Success,12561.64,-0.1,0,0,1
6728,Success,12562.79,-0.039,0,0,1
6729,Success,12564.58,-0.067,0,0,1
6730,Success,12567.01,-0.067,0,0,1
6731,Obstacle Collision,12568.06,-1.289,0,1,0
6732,Success,12569.52,-0.044,0,0,1
6733,Success,12571.16,-0.056,0,0,1
6734,Success,12572.86,-0.05,0,0,1
6735,Agent Collision,12576.35,-4.444,1,0,0
6736,Success,12578.15,-0.083,0,0,1
6737,Success,12580.55,-0.117,0,0,1
6738,Success,12582.41,-0.906,0,0,1
6739,Obstacle Collision,12583.08,-1.267,0,1,0
6740,Success,12585.74,-0.089,0,0,1
6741,Success,12587.88,-0.072,0,0,1
6742,Success,12590.1,-0.1,0,0,1
6743,Obstacle Collision,12592.97,-1.439,0,1,0
6744,Success,12595.86,-0.972,0,0,1
6745,Obstacle Collision,12597.1,-1.17,0,1,0
6746,Success,12598.48,-0.044,0,0,1
6747,Success,12599.98,-0.067,0,0,1
6748,Success,12601.11,-0.05,0,0,1
6749,Success,12603.24,-0.067,0,0,1
6750,Success,12604.87,-0.05,0,0,1
6751,Obstacle Collision,12605.82,-1.272,0,1,0
6752,Obstacle Collision,12606.71,-1.272,0,1,0
6753,Success,12608.51,-0.061,0,0,1
6754,Obstacle Collision,12609.63,-1.056,0,1,0
6755,Success,12612.37,-0.111,0,0,1
6756,Success,12614.91,-0.133,0,0,1
6757,Success,12617.11,-0.072,0,0,1
6758,Obstacle Collision,12618.22,-1.278,0,1,0
6759,Success,12619.14,-0.044,0,0,1
6760,Obstacle Collision,12620.71,-1.007,0,1,0
6761,Success,12623.53,-0.111,0,0,1
6762,Success,12624.68,-0.044,0,0,1
6763,Obstacle Collision,12626.08,-1.08,0,1,0
6764,Obstacle Collision,12627.02,-1.289,0,1,0
6765,Success,12629.37,-0.078,0,0,1
6766,Obstacle Collision,12630.02,-1.267,0,1,0
6767,Success,12634.02,-1.117,0,0,1
6768,Success,12634.85,-0.028,0,0,1
6769,Success,12637.34,-0.106,0,0,1
6770,Success,12638.97,-0.061,0,0,1
6771,Obstacle Collision,12640.88,-1.322,0,1,0
6772,Obstacle Collision,12642.0,-1.306,0,1,0
6773,Success,12642.84,-0.033,0,0,1
6774,Obstacle Collision,12644.75,-3.028,0,1,0
6775,Success,12647.1,-0.089,0,0,1
6776,Success,12649.6,-0.072,0,0,1
6777,Success,12651.13,-0.05,0,0,1
6778,Success,12652.91,-0.078,0,0,1
6779,Success,12653.76,-0.039,0,0,1
6780,Obstacle Collision,12655.04,-1.289,0,1,0
6781,Success,12657.08,-1.778,0,0,1
6782,Agent Collision,12658.92,-5.189,1,0,0
6783,Success,12660.31,-0.05,0,0,1
6784,Success,12663.0,-0.1,0,0,1
6785,Success,12664.15,-0.039,0,0,1
6786,Obstacle Collision,12669.09,-1.483,0,1,0
6787,Obstacle Collision,12671.6,-1.372,0,1,0
6788,Obstacle Collision,12674.98,-3.013,0,1,0
6789,Obstacle Collision,12675.42,-1.261,0,1,0
6790,Obstacle Collision,12676.69,-1.017,0,1,0
6791,Success,12678.32,-0.056,0,0,1
6792,Obstacle Collision,12679.77,-1.081,0,1,0
6793,Obstacle Collision,12680.44,-1.267,0,1,0
6794,Success,12681.82,-0.044,0,0,1
6795,Success,12682.89,-0.039,0,0,1
6796,Success,12683.73,-0.028,0,0,1
6797,Success,12685.29,-0.061,0,0,1
6798,Obstacle Collision,12686.28,-1.085,0,1,0
6799,Success,12688.09,-0.061,0,0,1
6800,Agent Collision,12691.48,-14.639,1,0,0
6801,Success,12693.07,-0.072,0,0,1
6802,Obstacle Collision,12694.59,-2.128,0,1,0
6803,Success,12696.07,-0.061,0,0,1
6804,Obstacle Collision,12697.76,-1.17,0,1,0
6805,Success,12700.22,-0.106,0,0,1
6806,Success,12702.42,-3.489,0,0,1
6807,Success,12705.32,-2.65,0,0,1
6808,Success,12707.03,-0.061,0,0,1
6809,Success,12708.33,-0.044,0,0,1
6810,Success,12710.49,-0.094,0,0,1
6811,Obstacle Collision,12712.2,-1.306,0,1,0
6812,Success,12713.67,-0.056,0,0,1
6813,Success,12716.32,-0.083,0,0,1
6814,Obstacle Collision,12718.56,-1.339,0,1,0
6815,Success,12720.42,-0.056,0,0,1
6816,Success,12722.56,-0.094,0,0,1
6817,Success,12724.59,-0.083,0,0,1
6818,Success,12725.43,-1.739,0,0,1
6819,Obstacle Collision,12727.61,-1.306,0,1,0
6820,Obstacle Collision,12728.48,-1.272,0,1,0
6821,Success,12731.47,-0.133,0,0,1
6822,Success,12733.41,-0.072,0,0,1
6823,Success,12736.16,-3.511,0,0,1
6824,Success,12738.04,-0.067,0,0,1
6825,Obstacle Collision,12739.17,-1.003,0,1,0
6826,Success,12741.91,-0.133,0,0,1
6827,Success,12742.84,-0.883,0,0,1
6828,Success,12746.07,-2.661,0,0,1
6829,Success,12747.71,-0.05,0,0,1
6830,Success,12749.04,-0.05,0,0,1
6831,Success,12751.3,-0.117,0,0,1
6832,Obstacle Collision,12753.85,-2.194,0,1,0
6833,Success,12755.07,-0.039,0,0,1
6834,Success,12756.68,-0.05,0,0,1
6835,Success,12757.65,-0.033,0,0,1
6836,Success,12759.17,-0.056,0,0,1
6837,Obstacle Collision,12759.6,-1.261,0,1,0
6838,Obstacle Collision,12760.75,-2.139,0,1,0
6839,Success,12762.65,-0.061,0,0,1
6840,Success,12764.09,-0.9,0,0,1
6841,Success,12766.54,-0.111,0,0,1
6842,Success,12767.76,-0.039,0,0,1
6843,Obstacle Collision,12769.59,-1.208,0,1,0
6844,Obstacle Collision,12770.04,-1.261,0,1,0
6845,Obstacle Collision,12770.48,-1.261,0,1,0
6846,Success,12771.32,-0.028,0,0,1
6847,Success,12773.28,-0.089,0,0,1
6848,Success,12777.4,-1.022,0,0,1
6849,Success,12778.7,-0.05,0,0,1
6850,Success,12781.75,-0.122,0,0,1
6851,Success,12784.41,-0.089,0,0,1
6852,Success,12786.98,-3.456,0,0,1
6853,Success,12789.96,-0.95,0,0,1
6854,Obstacle Collision,12791.17,-1.282,0,1,0
6855,Success,12792.4,-0.067,0,0,1
6856,Obstacle Collision,12794.88,-1.328,0,1,0
6857,Success,12797.32,-0.072,0,0,1
6858,Success,12799.28,-0.078,0,0,1
6859,Obstacle Collision,12801.78,-1.361,0,1,0
6860,Obstacle Collision,12802.73,-1.158,0,1,0
6861,Success,12804.26,-0.917,0,0,1
6862,Success,12805.18,-0.033,0,0,1
6863,Success,12807.94,-0.1,0,0,1
6864,Obstacle Collision,12809.37,-1.859,0,1,0
6865,Success,12812.36,-0.083,0,0,1
6866,Success,12813.82,-0.05,0,0,1
6867,Obstacle Collision,12815.56,-1.306,0,1,0
6868,Obstacle Collision,12817.45,-1.054,0,1,0
6869,Success,12818.67,-0.039,0,0,1
6870,Success,12820.37,-0.05,0,0,1
6871,Obstacle Collision,12821.8,-2.159,0,1,0
6872,Success,12823.36,-0.067,0,0,1
6873,Success,12824.44,-0.039,0,0,1
6874,Success,12826.79,-0.094,0,0,1
6875,Success,12828.5,-0.061,0,0,1
6876,Success,12830.36,-0.067,0,0,1
6877,Obstacle Collision,12830.8,-1.261,0,1,0
6878,Success,12832.02,-0.9,0,0,1
6879,Obstacle Collision,12833.64,-5.194,0,1,0
6880,Obstacle Collision,12834.55,-1.276,0,1,0
6881,Success,12835.46,-0.028,0,0,1
6882,Obstacle Collision,12836.71,-1.294,0,1,0
6883,Obstacle Collision,12837.87,-1.278,0,1,0
6884,Obstacle Collision,12838.95,-1.206,0,1,0
6885,Success,12839.88,-0.039,0,0,1
6886,Success,12842.13,-0.067,0,0,1
6887,Obstacle Collision,12844.16,-1.056,0,1,0
6888,Obstacle Collision,12845.78,-3.867,0,1,0
6889,Success,12846.94,-0.033,0,0,1
6890,Obstacle Collision,12847.33,-1.261,0,1,0
6891,Success,12848.98,-0.078,0,0,1
6892,Obstacle Collision,12852.37,-4.783,0,1,0
6893,Obstacle Collision,12854.96,-1.144,0,1,0
6894,Obstacle Collision,12856.32,-0.974,0,1,0
6895,Success,12858.24,-0.094,0,0,1
6896,Obstacle Collision,12858.68,-1.261,0,1,0
6897,Success,12859.84,-0.039,0,0,1
6898,Obstacle Collision,12861.32,-1.317,0,1,0
6899,Obstacle Collision,12862.32,-0.953,0,1,0
6900,Success,12863.0,-0.028,0,0,1
6901,Success,12864.95,-0.078,0,0,1
6902,Success,12867.2,-0.056,0,0,1
6903,Obstacle Collision,12867.71,-1.225,0,1,0
6904,Success,12870.81,-0.989,0,0,1
6905,Obstacle Collision,12872.38,-1.254,0,1,0
6906,Obstacle Collision,12873.89,-1.09,0,1,0
6907,Obstacle Collision,12875.92,-1.198,0,1,0
6908,Timeout,12883.38,-0.6,0,0,0
6909,Success,12886.9,-0.1,0,0,1
6910,Obstacle Collision,12888.25,-1.191,0,1,0
6911,Obstacle Collision,12888.69,-1.261,0,1,0
6912,Obstacle Collision,12890.33,-1.062,0,1,0
6913,Success,12892.35,-0.061,0,0,1
6914,Success,12893.69,-0.083,0,0,1
6915,Obstacle Collision,12894.37,-1.267,0,1,0
6916,Obstacle Collision,12895.1,-1.114,0,1,0
6917,Success,12896.02,-0.039,0,0,1
6918,Success,12897.87,-0.067,0,0,1
6919,Obstacle Collision,12900.86,-0.971,0,1,0
6920,Success,12902.86,-0.072,0,0,1
6921,Obstacle Collision,12904.07,-1.322,0,1,0
6922,Success,12906.58,-0.083,0,0,1
6923,Success,12908.31,-0.061,0,0,1
6924,Success,12911.24,-0.1,0,0,1
6925,Obstacle Collision,12912.27,-1.194,0,1,0
6926,Success,12915.72,-0.106,0,0,1
6927,Success,12917.5,-0.056,0,0,1
6928,Success,12921.19,-3.522,0,0,1
6929,Success,12922.84,-0.072,0,0,1
6930,Success,12925.29,-1.806,0,0,1
6931,Obstacle Collision,12926.38,-2.05,0,1,0
6932,Success,12927.79,-0.056,0,0,1
6933,Obstacle Collision,12928.46,-1.267,0,1,0
6934,Success,12931.2,-0.961,0,0,1
6935,Obstacle Collision,12931.91,-1.272,0,1,0
6936,Success,12933.61,-0.056,0,0,1
6937,Success,12935.01,-0.056,0,0,1
6938,Success,12939.03,-3.529,0,0,1
6939,Obstacle Collision,12939.58,-1.226,0,1,0
6940,Success,12940.65,-0.044,0,0,1
6941,Obstacle Collision,12942.43,-1.306,0,1,0
6942,Success,12944.87,-0.078,0,0,1
6943,Success,12947.97,-0.089,0,0,1
6944,Success,12950.16,-1.783,0,0,1
6945,Success,12953.27,-0.956,0,0,1
6946,Success,12955.28,-0.067,0,0,1
6947,Success,12956.45,-0.894,0,0,1
6948,Obstacle Collision,12957.87,-1.247,0,1,0
6949,Obstacle Collision,12959.0,-2.056,0,1,0
6950,Success,12962.47,-0.117,0,0,1
6951,Success,12963.4,-0.039,0,0,1
6952,Success,12964.88,-0.067,0,0,1
6953,Obstacle Collision,12965.57,-1.272,0,1,0
6954,Success,12967.57,-1.778,0,0,1
6955,Success,12969.64,-0.117,0,0,1
6956,Success,12972.03,-0.094,0,0,1
6957,Obstacle Collision,12973.19,-1.278,0,1,0
6958,Obstacle Collision,12975.5,-0.859,0,1,0
6959,Success,12977.07,-0.056,0,0,1
6960,Obstacle Collision,12977.9,-1.272,0,1,0
6961,Obstacle Collision,12979.77,-1.011,0,1,0
6962,Obstacle Collision,12980.51,-1.272,0,1,0
6963,Success,12982.11,-0.056,0,0,1
6964,Obstacle Collision,12983.2,-1.278,0,1,0
6965,Obstacle Collision,12985.0,-0.824,0,1,0
6966,Obstacle Collision,12986.13,-1.278,0,1,0
6967,Success,12988.23,-0.067,0,0,1
6968,Obstacle Collision,12989.57,-1.247,0,1,0
6969,Obstacle Collision,12991.03,-1.161,0,1,0
6970,Obstacle Collision,12991.88,-1.272,0,1,0
6971,Success,12994.38,-0.117,0,0,1
6972,Obstacle Collision,12995.06,-1.267,0,1,0
6973,Obstacle Collision,12996.93,-1.294,0,1,0
6974,Success,12999.11,-0.072,0,0,1
6975,Obstacle Collision,13001.23,-1.328,0,1,0
6976,Success,13003.09,-0.067,0,0,1
6977,Obstacle Collision,13004.24,-1.251,0,1,0
6978,Obstacle Collision,13005.35,-1.283,0,1,0
6979,Success,13006.92,-0.078,0,0,1
6980,Success,13009.3,-0.061,0,0,1
6981,Obstacle Collision,13011.11,-1.294,0,1,0
6982,Obstacle Collision,13012.4,-1.289,0,1,0
6983,Success,13016.05,-0.15,0,0,1
6984,Success,13018.48,-0.078,0,0,1
6985,Obstacle Collision,13019.63,-1.289,0,1,0
6986,Obstacle Collision,13020.06,-1.261,0,1,0
6987,Success,13021.66,-0.056,0,0,1
6988,Obstacle Collision,13022.79,-1.278,0,1,0
6989,Obstacle Collision,13026.5,-4.778,0,1,0
6990,Success,13028.19,-0.072,0,0,1
6991,Obstacle Collision,13030.46,-8.106,0,1,0
6992,Success,13034.59,-1.022,0,0,1
6993,Success,13035.91,-0.039,0,0,1
6994,Obstacle Collision,13037.59,-1.294,0,1,0
6995,Success,13039.67,-0.078,0,0,1
6996,Success,13041.94,-0.094,0,0,1
6997,Success,13045.39,-0.094,0,0,1
6998,Success,13047.64,-0.067,0,0,1
6999,Success,13050.65,-0.139,0,0,1
7000,Success,13051.97,-0.05,0,0,1
7001,Success,13053.49,-0.061,0,0,1
7002,Success,13055.05,-0.061,0,0,1
7003,Obstacle Collision,13057.98,-1.344,0,1,0
7004,Obstacle Collision,13058.88,-1.272,0,1,0
7005,Success,13060.9,-0.922,0,0,1
7006,Success,13062.86,-2.644,0,0,1
7007,Obstacle Collision,13064.45,-1.294,0,1,0
7008,Success,13065.75,-0.039,0,0,1
7009,Obstacle Collision,13066.19,-1.261,0,1,0
7010,Success,13068.11,-0.05,0,0,1
7011,Success,13069.2,-0.044,0,0,1
7012,Success,13070.2,-0.039,0,0,1
7013,Success,13072.01,-0.056,0,0,1
7014,Obstacle Collision,13073.3,-1.044,0,1,0
7015,Success,13074.21,-0.033,0,0,1
7016,Obstacle Collision,13075.16,-1.154,0,1,0
7017,Success,13077.05,-1.794,0,0,1
7018,Success,13078.46,-0.056,0,0,1
7019,Success,13079.38,-0.028,0,0,1
7020,Obstacle Collision,13080.05,-1.267,0,1,0
7021,Success,13082.05,-0.089,0,0,1
7022,Success,13084.19,-0.083,0,0,1
7023,Obstacle Collision,13085.49,-1.283,0,1,0
7024,Success,13087.13,-0.067,0,0,1
7025,Success,13088.97,-0.083,0,0,1
7026,Success,13090.99,-0.067,0,0,1
7027,Success,13092.77,-0.917,0,0,1
7028,Obstacle Collision,13093.47,-1.04,0,1,0
7029,Success,13095.26,-0.067,0,0,1
7030,Obstacle Collision,13098.1,-0.975,0,1,0
7031,Success,13098.86,-0.028,0,0,1
7032,Obstacle Collision,13100.14,-1.289,0,1,0
7033,Obstacle Collision,13101.09,-5.556,0,1,0
7034,Success,13102.33,-0.05,0,0,1
7035,Success,13103.98,-0.067,0,0,1
7036,Obstacle Collision,13106.35,-0.828,0,1,0
7037,Success,13108.59,-0.067,0,0,1
7038,Success,13110.02,-0.061,0,0,1
7039,Success,13112.66,-0.117,0,0,1
7040,Success,13113.88,-0.061,0,0,1
7041,Success,13116.71,-0.083,0,0,1
7042,Success,13118.34,-0.056,0,0,1
7043,Obstacle Collision,13119.02,-1.257,0,1,0
7044,Success,13122.25,-0.094,0,0,1
7045,Success,13123.57,-0.05,0,0,1
7046,Obstacle Collision,13125.41,-1.356,0,1,0
7047,Obstacle Collision,13126.3,-1.238,0,1,0
7048,Success,13128.69,-0.928,0,0,1
7049,Success,13129.85,-0.039,0,0,1
7050,Agent Collision,13132.22,-8.639,1,0,0
7051,Success,13134.77,-0.089,0,0,1
7052,Obstacle Collision,13137.0,-1.333,0,1,0
7053,Success,13138.97,-0.089,0,0,1
7054,Obstacle Collision,13139.56,-1.189,0,1,0
7055,Obstacle Collision,13140.39,-1.153,0,1,0
7056,Obstacle Collision,13141.84,-0.967,0,1,0
7057,Success,13143.94,-0.067,0,0,1
7058,Success,13146.18,-0.083,0,0,1
7059,Obstacle Collision,13147.09,-1.112,0,1,0
7060,Success,13148.96,-0.067,0,0,1
7061,Success,13151.36,-0.089,0,0,1
7062,Obstacle Collision,13151.8,-1.261,0,1,0
7063,Success,13153.89,-0.094,0,0,1
7064,Obstacle Collision,13156.06,-1.306,0,1,0
7065,Obstacle Collision,13157.56,-1.308,0,1,0
7066,Success,13158.87,-0.067,0,0,1
7067,Obstacle Collision,13160.88,-1.3,0,1,0
7068,Success,13162.58,-0.067,0,0,1
7069,Success,13166.1,-0.239,0,0,1
7070,Obstacle Collision,13167.17,-1.278,0,1,0
7071,Success,13168.08,-0.033,0,0,1
7072,Obstacle Collision,13170.24,-1.339,0,1,0
7073,Success,13171.15,-0.033,0,0,1
7074,Obstacle Collision,13172.88,-1.317,0,1,0
7075,Success,13174.99,-0.094,0,0,1
7076,Obstacle Collision,13176.38,-1.082,0,1,0
7077,Success,13178.95,-0.083,0,0,1
7078,Success,13180.98,-0.078,0,0,1
7079,Obstacle Collision,13182.07,-2.594,0,1,0
7080,Success,13183.45,-0.894,0,0,1
7081,Obstacle Collision,13184.58,-1.278,0,1,0
7082,Success,13186.5,-0.056,0,0,1
7083,Success,13187.33,-0.028,0,0,1
7084,Success,13188.47,-0.039,0,0,1
7085,Obstacle Collision,13189.14,-1.267,0,1,0
7086,Success,13191.63,-0.1,0,0,1
7087,Obstacle Collision,13192.57,-2.139,0,1,0
7088,Success,13194.04,-0.056,0,0,1
7089,Success,13196.43,-0.094,0,0,1
7090,Success,13197.59,-0.044,0,0,1
7091,Obstacle Collision,13199.64,-1.311,0,1,0
7092,Success,13202.53,-2.678,0,0,1
7093,Success,13203.98,-0.044,0,0,1
7094,Obstacle Collision,13204.82,-1.159,0,1,0
7095,Success,13206.96,-0.056,0,0,1
7096,Success,13208.62,-0.056,0,0,1
7097,Obstacle Collision,13211.03,-3.026,0,1,0
7098,Obstacle Collision,13211.96,-1.277,0,1,0
7099,Success,13214.53,-0.128,0,0,1
7100,Success,13215.37,-0.028,0,0,1
7101,Success,13216.85,-0.05,0,0,1
7102,Success,13219.28,-3.494,0,0,1
7103,Success,13220.99,-0.061,0,0,1
7104,Success,13222.87,-0.094,0,0,1
7105,Success,13225.58,-0.117,0,0,1
7106,Obstacle Collision,13226.76,-1.281,0,1,0
7107,Obstacle Collision,13227.34,-1.225,0,1,0
7108,Success,13228.84,-0.072,0,0,1
7109,Success,13229.83,-0.033,0,0,1
7110,Success,13231.47,-0.061,0,0,1
7111,Obstacle Collision,13233.07,-1.289,0,1,0
7112,Success,13235.7,-0.083,0,0,1
7113,Obstacle Collision,13237.09,-1.283,0,1,0
7114,Success,13239.75,-0.956,0,0,1
7115,Success,13240.64,-0.028,0,0,1
7116,Obstacle Collision,13241.85,-0.925,0,1,0
7117,Obstacle Collision,13243.47,-4.688,0,1,0
7118,Success,13246.09,-0.922,0,0,1
7119,Obstacle Collision,13247.22,-1.283,0,1,0
7120,Obstacle Collision,13248.08,-1.272,0,1,0
7121,Obstacle Collision,13252.68,-1.544,0,1,0
7122,Success,13254.69,-0.067,0,0,1
7123,Success,13257.03,-0.072,0,0,1
7124,Obstacle Collision,13257.63,-1.189,0,1,0
7125,Obstacle Collision,13258.94,-1.306,0,1,0
7126,Success,13260.58,-0.061,0,0,1
7127,Success,13263.34,-0.072,0,0,1
7128,Obstacle Collision,13264.48,-1.283,0,1,0
7129,Success,13266.78,-0.928,0,0,1
7130,Obstacle Collision,13267.73,-1.12,0,1,0
7131,Success,13270.43,-0.15,0,0,1
7132,Success,13272.0,-0.05,0,0,1
7133,Success,13274.09,-0.056,0,0,1
7134,Success,13276.88,-0.939,0,0,1
7135,Success,13279.05,-0.083,0,0,1
7136,Success,13280.67,-0.089,0,0,1
7137,Obstacle Collision,13281.91,-7.278,0,1,0
7138,Success,13283.74,-0.056,0,0,1
7139,Success,13286.78,-0.106,0,0,1
7140,Success,13288.87,-0.083,0,0,1
7141,Success,13292.37,-0.244,0,0,1
7142,Obstacle Collision,13293.54,-1.283,0,1,0
7143,Obstacle Collision,13295.24,-1.027,0,1,0
7144,Success,13297.39,-0.067,0,0,1
7145,Success,13298.86,-0.044,0,0,1
7146,Success,13300.1,-0.05,0,0,1
7147,Success,13301.55,-0.067,0,0,1
7148,Obstacle Collision,13301.99,-1.261,0,1,0
7149,Obstacle Collision,13302.98,-1.237,0,1,0
7150,Success,13305.78,-0.078,0,0,1
7151,Success,13308.34,-0.089,0,0,1
7152,Obstacle Collision,13309.12,-1.272,0,1,0
7153,Success,13310.95,-0.05,0,0,1
7154,Success,13313.9,-0.111,0,0,1
7155,Obstacle Collision,13314.74,-1.004,0,1,0
7156,Success,13316.13,-0.039,0,0,1
7157,Success,13318.96,-0.089,0,0,1
7158,Success,13320.18,-0.044,0,0,1
7159,Obstacle Collision,13320.87,-1.267,0,1,0
7160,Obstacle Collision,13322.03,-2.989,0,1,0
7161,Obstacle Collision,13324.44,-1.208,0,1,0
7162,Success,13327.7,-0.117,0,0,1
7163,Success,13330.01,-0.067,0,0,1
7164,Obstacle Collision,13332.09,-1.333,0,1,0
7165,Success,13333.01,-0.033,0,0,1
7166,Success,13335.24,-0.061,0,0,1
7167,Obstacle Collision,13336.67,-1.289,0,1,0
7168,Success,13338.36,-0.05,0,0,1
7169,Obstacle Collision,13340.43,-1.27,0,1,0
7170,Success,13342.86,-0.072,0,0,1
7171,Success,13345.0,-0.072,0,0,1
7172,Obstacle Collision,13346.94,-1.129,0,1,0
7173,Success,13348.18,-0.039,0,0,1
7174,Obstacle Collision,13348.86,-1.267,0,1,0
7175,Success,13350.35,-0.056,0,0,1
7176,Success,13354.1,-1.811,0,0,1
7177,Success,13355.63,-0.067,0,0,1
7178,Success,13357.2,-0.067,0,0,1
7179,Success,13359.55,-0.089,0,0,1
7180,Obstacle Collision,13360.54,-1.226,0,1,0
7181,Success,13362.49,-0.056,0,0,1
7182,Success,13364.28,-0.917,0,0,1
7183,Obstacle Collision,13365.41,-0.973,0,1,0
7184,Success,13366.1,-0.028,0,0,1
7185,Success,13368.37,-0.089,0,0,1
7186,Success,13369.85,-0.067,0,0,1
7187,Obstacle Collision,13370.96,-1.278,0,1,0
7188,Success,13372.55,-1.761,0,0,1
7189,Success,13374.25,-0.072,0,0,1
7190,Obstacle Collision,13375.22,-1.123,0,1,0
7191,Obstacle Collision,13378.36,-2.256,0,1,0
7192,Timeout,13385.54,-0.6,0,0,0
7193,Obstacle Collision,13386.62,-1.283,0,1,0
7194,Success,13389.07,-0.083,0,0,1
7195,Success,13390.69,-0.072,0,0,1
7196,Success,13393.16,-0.083,0,0,1
7197,Agent Collision,13394.95,-2.611,1,0,0
7198,Success,13395.93,-0.028,0,0,1
7199,Obstacle Collision,13396.87,-1.121,0,1,0
7200,Obstacle Collision,13399.33,-2.194,0,1,0
7201,Success,13401.76,-0.089,0,0,1
7202,Success,13403.24,-0.067,0,0,1
7203,Success,13405.47,-0.083,0,0,1
7204,Obstacle Collision,13406.67,-2.068,0,1,0
7205,Obstacle Collision,13408.97,-1.328,0,1,0
7206,Success,13411.4,-0.094,0,0,1
7207,Agent Collision,13413.65,-7.756,1,0,0
7208,Success,13415.53,-0.067,0,0,1
7209,Obstacle Collision,13416.85,-3.831,0,1,0
7210,Success,13418.31,-0.05,0,0,1
7211,Obstacle Collision,13420.64,-1.328,0,1,0
7212,Success,13422.6,-0.072,0,0,1
7213,Success,13423.52,-0.028,0,0,1
7214,Obstacle Collision,13425.99,-1.311,0,1,0
7215,Obstacle Collision,13426.68,-1.267,0,1,0
7216,Obstacle Collision,13427.55,-1.075,0,1,0
7217,Success,13429.36,-0.083,0,0,1
7218,Success,13430.96,-0.089,0,0,1
7219,Success,13432.58,-0.044,0,0,1
7220,Obstacle Collision,13433.25,-1.267,0,1,0
7221,Obstacle Collision,13434.22,-1.111,0,1,0
7222,Success,13436.7,-2.644,0,0,1
7223,Success,13438.97,-0.067,0,0,1
7224,Obstacle Collision,13440.03,-1.227,0,1,0
7225,Success,13442.86,-0.078,0,0,1
7226,Success,13445.35,-0.061,0,0,1
7227,Success,13446.36,-0.044,0,0,1
7228,Success,13448.21,-0.078,0,0,1
7229,Success,13450.06,-0.083,0,0,1
7230,Success,13452.14,-1.778,0,0,1
7231,Success,13453.75,-0.078,0,0,1
7232,Obstacle Collision,13455.86,-0.884,0,1,0
7233,Obstacle Collision,13459.12,-1.339,0,1,0
7234,Success,13462.48,-0.967,0,0,1
7235,Obstacle Collision,13463.32,-1.231,0,1,0
7236,Obstacle Collision,13465.18,-1.293,0,1,0
7237,Obstacle Collision,13466.95,-0.942,0,1,0
7238,Obstacle Collision,13468.83,-1.35,0,1,0
7239,Obstacle Collision,13470.14,-1.306,0,1,0
7240,Success,13472.8,-0.122,0,0,1
7241,Obstacle Collision,13474.43,-1.294,0,1,0
7242,Success,13476.5,-0.056,0,0,1
7243,Obstacle Collision,13478.07,-1.197,0,1,0
7244,Obstacle Collision,13479.14,-1.306,0,1,0
7245,Success,13480.9,-0.061,0,0,1
7246,Success,13482.52,-0.061,0,0,1
7247,Success,13483.51,-0.039,0,0,1
7248,Obstacle Collision,13485.95,-7.966,0,1,0
7249,Success,13486.92,-0.039,0,0,1
7250,Obstacle Collision,13487.95,-1.217,0,1,0
7251,Obstacle Collision,13489.77,-1.294,0,1,0
7252,Success,13493.17,-0.961,0,0,1
7253,Success,13494.62,-0.044,0,0,1
7254,Success,13496.17,-0.05,0,0,1
7255,Obstacle Collision,13501.33,-16.083,0,1,0
7256,Success,13503.46,-0.078,0,0,1
7257,Obstacle Collision,13504.08,-1.228,0,1,0
7258,Success,13506.21,-0.083,0,0,1
7259,Obstacle Collision,13507.53,-1.283,0,1,0
7260,Obstacle Collision,13509.81,-1.298,0,1,0
7261,Success,13512.26,-0.072,0,0,1
7262,Success,13515.41,-0.178,0,0,1
7263,Obstacle Collision,13516.83,-1.32,0,1,0
7264,Success,13519.4,-0.1,0,0,1
7265,Success,13521.11,-0.072,0,0,1
7266,Success,13523.13,-0.933,0,0,1
7267,Obstacle Collision,13524.01,-1.278,0,1,0
7268,Obstacle Collision,13524.58,-1.225,0,1,0
7269,Obstacle Collision,13525.83,-1.289,0,1,0
7270,Success,13527.14,-0.044,0,0,1
7271,Success,13528.97,-1.794,0,0,1
7272,Obstacle Collision,13529.88,-1.272,0,1,0
7273,Success,13531.73,-0.056,0,0,1
7274,Success,13535.41,-0.106,0,0,1
7275,Success,13537.07,-0.072,0,0,1
7276,Success,13538.81,-0.083,0,0,1
7277,Success,13540.91,-0.061,0,0,1
7278,Success,13542.71,-0.061,0,0,1
7279,Success,13545.99,-0.111,0,0,1
7280,Success,13547.53,-0.05,0,0,1
7281,Obstacle Collision,13549.81,-1.333,0,1,0
7282,Success,13551.97,-0.083,0,0,1
7283,Obstacle Collision,13553.02,-1.175,0,1,0
7284,Success,13554.15,-0.033,0,0,1
7285,Success,13557.42,-1.028,0,0,1
7286,Success,13559.11,-0.056,0,0,1
7287,Success,13559.93,-0.028,0,0,1
7288,Obstacle Collision,13560.6,-1.267,0,1,0
7289,Obstacle Collision,13562.34,-1.3,0,1,0
7290,Success,13564.39,-0.083,0,0,1
7291,Success,13565.45,-0.039,0,0,1
7292,Obstacle Collision,13568.21,-1.328,0,1,0
7293,Obstacle Collision,13569.67,-1.253,0,1,0
7294,Success,13573.41,-0.128,0,0,1
7295,Success,13575.22,-0.1,0,0,1
7296,Success,13577.87,-0.078,0,0,1
7297,Success,13580.35,-6.928,0,0,1
7298,Success,13583.12,-0.1,0,0,1
7299,Success,13585.98,-0.111,0,0,1
7300,Obstacle Collision,13587.32,-1.339,0,1,0
7301,Success,13589.21,-0.928,0,0,1
7302,Success,13592.59,-0.967,0,0,1
7303,Success,13594.91,-0.161,0,0,1
7304,Success,13598.44,-0.106,0,0,1
7305,Success,13600.4,-0.089,0,0,1
7306,Success,13601.56,-0.044,0,0,1
7307,Obstacle Collision,13604.42,-1.406,0,1,0
7308,Success,13606.37,-0.056,0,0,1
7309,Success,13608.17,-0.083,0,0,1
7310,Obstacle Collision,13608.77,-1.267,0,1,0
7311,Success,13610.08,-0.05,0,0,1
7312,Success,13612.35,-0.061,0,0,1
7313,Success,13613.75,-0.044,0,0,1
7314,Obstacle Collision,13615.14,-2.994,0,1,0
7315,Obstacle Collision,13615.93,-1.153,0,1,0
7316,Obstacle Collision,13616.64,-1.272,0,1,0
7317,Success,13617.94,-0.044,0,0,1
7318,Success,13619.34,-0.056,0,0,1
7319,Obstacle Collision,13621.06,-1.311,0,1,0
7320,Obstacle Collision,13625.29,-1.528,0,1,0
7321,Success,13630.02,-0.3,0,0,1
7322,Obstacle Collision,13631.66,-1.306,0,1,0
7323,Success,13633.19,-0.044,0,0,1
7324,Obstacle Collision,13635.73,-8.672,0,1,0
7325,Success,13637.12,-0.05,0,0,1
7326,Success,13639.45,-2.639,0,0,1
7327,Success,13640.84,-0.056,0,0,1
7328,Success,13642.4,-0.061,0,0,1
7329,Success,13645.43,-0.144,0,0,1
7330,Success,13647.01,-0.914,0,0,1
7331,Obstacle Collision,13647.42,-1.261,0,1,0
7332,Obstacle Collision,13649.7,-2.945,0,1,0
7333,Success,13650.7,-0.028,0,0,1
7334,Obstacle Collision,13651.61,-1.278,0,1,0
7335,Obstacle Collision,13653.83,-1.317,0,1,0
7336,Success,13656.08,-0.072,0,0,1
7337,Obstacle Collision,13656.92,-1.245,0,1,0
7338,Success,13658.47,-0.05,0,0,1
7339,Success,13661.07,-0.1,0,0,1
7340,Success,13663.34,-3.483,0,0,1
7341,Success,13665.9,-0.1,0,0,1
7342,Agent Collision,13666.79,-3.444,1,0,0
7343,Success,13669.53,-0.083,0,0,1
7344,Success,13672.5,-0.094,0,0,1
7345,Success,13674.18,-0.061,0,0,1
7346,Success,13675.81,-0.05,0,0,1
7347,Success,13678.17,-0.139,0,0,1
7348,Success,13679.46,-0.044,0,0,1
7349,Success,13681.89,-0.15,0,0,1
7350,Success,13684.5,-1.783,0,0,1
7351,Success,13688.26,-1.0,0,0,1
7352,Obstacle Collision,13689.38,-1.278,0,1,0
7353,Obstacle Collision,13690.58,-1.118,0,1,0
7354,Obstacle Collision,13691.99,-1.258,0,1,0
7355,Obstacle Collision,13692.43,-1.261,0,1,0
7356,Obstacle Collision,13693.93,-1.081,0,1,0
7357,Success,13696.19,-0.083,0,0,1
7358,Success,13697.18,-0.033,0,0,1
7359,Obstacle Collision,13698.26,-1.235,0,1,0
7360,Success,13699.81,-0.044,0,0,1
7361,Success,13702.02,-0.078,0,0,1
7362,Success,13704.15,-0.089,0,0,1
7363,Obstacle Collision,13704.61,-1.261,0,1,0
7364,Obstacle Collision,13706.2,-1.164,0,1,0
7365,Success,13707.26,-0.028,0,0,1
7366,Obstacle Collision,13708.25,-1.081,0,1,0
7367,Success,13711.08,-0.111,0,0,1
7368,Success,13712.24,-0.044,0,0,1
7369,Obstacle Collision,13716.71,-1.611,0,1,0
7370,Obstacle Collision,13717.38,-1.267,0,1,0
7371,Obstacle Collision,13717.82,-1.261,0,1,0
7372,Success,13719.12,-0.044,0,0,1
7373,Success,13720.97,-0.122,0,0,1
7374,Success,13723.06,-0.061,0,0,1
7375,Success,13725.3,-0.072,0,0,1
7376,Obstacle Collision,13731.65,-1.839,0,1,0
7377,Success,13733.02,-0.044,0,0,1
7378,Success,13734.71,-0.05,0,0,1
7379,Success,13737.4,-0.094,0,0,1
7380,Success,13739.88,-0.094,0,0,1
7381,Obstacle Collision,13741.32,-1.174,0,1,0
7382,Success,13743.44,-1.778,0,0,1
7383,Obstacle Collision,13745.75,-1.378,0,1,0
7384,Obstacle Collision,13747.06,-1.216,0,1,0
7385,Success,13748.88,-0.067,0,0,1
7386,Obstacle Collision,13752.1,-1.433,0,1,0
7387,Obstacle Collision,13755.74,-1.533,0,1,0
7388,Success,13757.7,-0.061,0,0,1
7389,Obstacle Collision,13762.14,-1.6,0,1,0
7390,Obstacle Collision,13763.15,-2.013,0,1,0
7391,Success,13764.22,-0.039,0,0,1
7392,Success,13765.61,-0.917,0,0,1
7393,Obstacle Collision,13767.59,-1.311,0,1,0
7394,Success,13769.07,-0.05,0,0,1
7395,Obstacle Collision,13771.17,-1.317,0,1,0
7396,Success,13774.62,-0.944,0,0,1
7397,Obstacle Collision,13775.43,-1.232,0,1,0
7398,Obstacle Collision,13776.54,-1.196,0,1,0
7399,Success,13778.17,-0.083,0,0,1
7400,Obstacle Collision,13779.48,-1.283,0,1,0
7401,Success,13780.95,-0.044,0,0,1
7402,Success,13782.57,-0.911,0,0,1
7403,Success,13784.61,-0.072,0,0,1
7404,Obstacle Collision,13786.18,-1.291,0,1,0
7405,Obstacle Collision,13789.06,-1.383,0,1,0
7406,Obstacle Collision,13792.35,-1.361,0,1,0
7407,Success,13794.27,-0.094,0,0,1
7408,Timeout,13801.41,-0.6,0,0,0
7409,Obstacle Collision,13804.25,-1.317,0,1,0
7410,Obstacle Collision,13804.92,-1.232,0,1,0
7411,Obstacle Collision,13807.41,-1.326,0,1,0
7412,Success,13809.42,-0.061,0,0,1
7413,Obstacle Collision,13810.8,-1.283,0,1,0
7414,Success,13812.19,-0.044,0,0,1
7415,Success,13817.68,-5.283,0,0,1
7416,Obstacle Collision,13820.1,-1.018,0,1,0
7417,Success,13822.0,-0.067,0,0,1
7418,Agent Collision,13823.06,-2.606,1,0,0
7419,Success,13825.23,-3.489,0,0,1
7420,Obstacle Collision,13828.1,-1.433,0,1,0
7421,Obstacle Collision,13831.28,-1.472,0,1,0
7422,Obstacle Collision,13831.7,-1.261,0,1,0
7423,Obstacle Collision,13834.08,-1.356,0,1,0
7424,Success,13835.91,-0.083,0,0,1
7425,Success,13838.16,-0.083,0,0,1
7426,Success,13839.72,-0.044,0,0,1
7427,Obstacle Collision,13841.4,-1.306,0,1,0
7428,Obstacle Collision,13844.96,-1.839,0,1,0
7429,Success,13846.5,-0.072,0,0,1
7430,Success,13848.11,-0.061,0,0,1
7431,Obstacle Collision,13849.19,-1.266,0,1,0
7432,Success,13850.65,-0.061,0,0,1
7433,Success,13852.44,-0.078,0,0,1
7434,Success,13853.68,-0.044,0,0,1
7435,Obstacle Collision,13854.83,-3.45,0,1,0
7436,Success,13857.21,-0.078,0,0,1
7437,Obstacle Collision,13860.83,-7.394,0,1,0
7438,Success,13862.82,-0.072,0,0,1
7439,Obstacle Collision,13864.75,-1.229,0,1,0
7440,Success,13866.43,-0.067,0,0,1
7441,Success,13868.05,-0.083,0,0,1
7442,Success,13869.23,-0.039,0,0,1
7443,Success,13871.25,-0.106,0,0,1
7444,Success,13873.63,-0.067,0,0,1
7445,Obstacle Collision,13874.6,-1.283,0,1,0
7446,Obstacle Collision,13876.52,-1.3,0,1,0
7447,Obstacle Collision,13877.2,-1.267,0,1,0
7448,Success,13878.85,-0.061,0,0,1
7449,Success,13880.17,-0.039,0,0,1
7450,Obstacle Collision,13881.43,-1.158,0,1,0
7451,Obstacle Collision,13882.51,-1.278,0,1,0
7452,Obstacle Collision,13883.7,-1.092,0,1,0
7453,Success,13885.57,-0.067,0,0,1
7454,Success,13888.03,-0.067,0,0,1
7455,Success,13889.93,-0.061,0,0,1
7456,Success,13892.86,-0.094,0,0,1
7457,Obstacle Collision,13894.69,-1.3,0,1,0
7458,Success,13897.04,-1.811,0,0,1
7459,Obstacle Collision,13897.71,-1.267,0,1,0
7460,Success,13900.33,-0.094,0,0,1
7461,Success,13902.52,-3.517,0,0,1
7462,Success,13904.11,-0.906,0,0,1
7463,Obstacle Collision,13906.63,-1.339,0,1,0
7464,Success,13908.65,-0.061,0,0,1
7465,Success,13910.59,-0.078,0,0,1
7466,Success,13911.42,-0.028,0,0,1
7467,Obstacle Collision,13912.1,-2.583,0,1,0
7468,Obstacle Collision,13913.01,-1.075,0,1,0
7469,Success,13913.76,-0.022,0,0,1
7470,Obstacle Collision,13914.67,-1.134,0,1,0
7471,Obstacle Collision,13917.2,-1.286,0,1,0
7472,Success,13920.38,-3.511,0,0,1
7473,Success,13922.65,-1.772,0,0,1
7474,Success,13925.08,-0.078,0,0,1
7475,Success,13927.04,-0.072,0,0,1
7476,Success,13929.04,-0.067,0,0,1
7477,Success,13931.18,-0.067,0,0,1
7478,Obstacle Collision,13932.15,-1.251,0,1,0
7479,Success,13935.22,-0.089,0,0,1
7480,Obstacle Collision,13937.57,-1.107,0,1,0
7481,Success,13939.12,-0.05,0,0,1
7482,Success,13941.09,-0.922,0,0,1
7483,Success,13943.12,-0.072,0,0,1
7484,Obstacle Collision,13944.9,-1.328,0,1,0
7485,Success,13945.89,-0.033,0,0,1
7486,Obstacle Collision,13948.61,-1.4,0,1,0
7487,Success,13950.25,-0.044,0,0,1
7488,Obstacle Collision,13951.88,-1.289,0,1,0
7489,Obstacle Collision,13952.66,-1.189,0,1,0
7490,Obstacle Collision,13953.74,-1.111,0,1,0
7491,Success,13954.59,-0.033,0,0,1
7492,Success,13957.48,-0.1,0,0,1
7493,Obstacle Collision,13959.8,-2.183,0,1,0
7494,Success,13962.03,-0.083,0,0,1
7495,Success,13964.14,-1.772,0,0,1
7496,Obstacle Collision,13965.16,-1.076,0,1,0
7497,Success,13967.5,-3.427,0,0,1
7498,Obstacle Collision,13968.67,-1.045,0,1,0
7499,Success,13970.21,-0.044,0,0,1
7500,Obstacle Collision,13972.89,-1.344,0,1,0
7501,Success,13974.14,-0.061,0,0,1
7502,Success,13975.9,-0.067,0,0,1
7503,Obstacle Collision,13976.26,-1.261,0,1,0
7504,Obstacle Collision,13977.21,-1.195,0,1,0
7505,Obstacle Collision,13980.57,-1.389,0,1,0
7506,Obstacle Collision,13982.16,-1.306,0,1,0
7507,Obstacle Collision,13982.83,-1.267,0,1,0
7508,Obstacle Collision,13987.58,-8.556,0,1,0
7509,Success,13989.16,-0.061,0,0,1
7510,Success,13990.99,-0.067,0,0,1
7511,Obstacle Collision,13992.74,-1.273,0,1,0
7512,Obstacle Collision,13995.06,-1.372,0,1,0
7513,Success,13996.51,-1.756,0,0,1
7514,Success,13997.41,-0.033,0,0,1
7515,Obstacle Collision,13998.43,-1.157,0,1,0
7516,Success,14001.6,-0.161,0,0,1
7517,Success,14002.6,-0.039,0,0,1
7518,Obstacle Collision,14003.8,-1.152,0,1,0
7519,Obstacle Collision,14004.41,-1.225,0,1,0
7520,Obstacle Collision,14006.5,-1.3,0,1,0
7521,Success,14008.6,-0.078,0,0,1
7522,Success,14009.98,-0.906,0,0,1
7523,Success,14010.99,-0.039,0,0,1
7524,Success,14012.39,-0.072,0,0,1
7525,Obstacle Collision,14014.43,-1.306,0,1,0
7526,Agent Collision,14016.44,-1.767,1,0,0
7527,Success,14018.46,-0.933,0,0,1
7528,Obstacle Collision,14019.44,-1.111,0,1,0
7529,Success,14020.84,-0.05,0,0,1
7530,Success,14022.15,-0.906,0,0,1
7531,Obstacle Collision,14023.4,-1.283,0,1,0
7532,Obstacle Collision,14025.52,-1.276,0,1,0
7533,Obstacle Collision,14026.55,-1.278,0,1,0
7534,Obstacle Collision,14028.25,-1.306,0,1,0
7535,Success,14029.75,-0.056,0,0,1
7536,Success,14032.29,-0.111,0,0,1
7537,Success,14035.67,-0.122,0,0,1
7538,Timeout,14043.77,-0.6,0,0,0
7539,Success,14045.56,-0.072,0,0,1
7540,Obstacle Collision,14046.34,-2.9,0,1,0
7541,Success,14049.2,-0.178,0,0,1
7542,Success,14051.78,-0.072,0,0,1
7543,Success,14052.7,-0.033,0,0,1
7544,Success,14054.83,-0.083,0,0,1
7545,Success,14055.97,-0.033,0,0,1
7546,Obstacle Collision,14057.32,-1.089,0,1,0
7547,Success,14060.22,-2.644,0,0,1
7548,Obstacle Collision,14062.08,-1.294,0,1,0
7549,Success,14065.13,-0.083,0,0,1
7550,Obstacle Collision,14066.99,-1.195,0,1,0
7551,Obstacle Collision,14068.33,-1.294,0,1,0
7552,Obstacle Collision,14071.2,-1.339,0,1,0
7553,Success,14072.69,-0.061,0,0,1
7554,Success,14074.73,-0.067,0,0,1
7555,Success,14077.62,-2.644,0,0,1
7556,Obstacle Collision,14080.96,-1.8,0,1,0
7557,Success,14086.57,-6.183,0,0,1
7558,Obstacle Collision,14088.29,-1.322,0,1,0
7559,Success,14090.78,-1.778,0,0,1
7560,Obstacle Collision,14092.86,-1.383,0,1,0
7561,Obstacle Collision,14093.96,-1.158,0,1,0
7562,Obstacle Collision,14096.2,-1.025,0,1,0
7563,Obstacle Collision,14097.19,-1.278,0,1,0
7564,Success,14099.49,-0.922,0,0,1
7565,Success,14101.54,-0.078,0,0,1
7566,Success,14103.28,-0.061,0,0,1
7567,Success,14105.37,-0.083,0,0,1
7568,Obstacle Collision,14107.08,-0.972,0,1,0
7569,Obstacle Collision,14107.53,-1.261,0,1,0
7570,Obstacle Collision,14108.98,-1.289,0,1,0
7571,Success,14110.99,-0.083,0,0,1
7572,Success,14113.56,-0.078,0,0,1
7573,Success,14115.33,-0.056,0,0,1
7574,Success,14116.23,-0.033,0,0,1
7575,Success,14117.9,-0.083,0,0,1
7576,Obstacle Collision,14120.35,-0.894,0,1,0
7577,Success,14122.08,-0.072,0,0,1
7578,Obstacle Collision,14122.51,-1.261,0,1,0
7579,Obstacle Collision,14125.42,-1.456,0,1,0
7580,Obstacle Collision,14127.66,-1.333,0,1,0
7581,Success,14128.78,-0.033,0,0,1
7582,Obstacle Collision,14129.91,-1.239,0,1,0
7583,Obstacle Collision,14132.49,-4.75,0,1,0
7584,Success,14134.04,-0.067,0,0,1
7585,Success,14136.97,-0.094,0,0,1
7586,Success,14138.74,-0.05,0,0,1
7587,Obstacle Collision,14140.34,-0.88,0,1,0
7588,Success,14141.9,-0.061,0,0,1
7589,Obstacle Collision,14144.52,-1.317,0,1,0
7590,Success,14145.53,-0.044,0,0,1
7591,Success,14147.84,-0.078,0,0,1
7592,Success,14149.07,-0.039,0,0,1
7593,Obstacle Collision,14150.97,-1.181,0,1,0
7594,Success,14153.37,-0.078,0,0,1
7595,Success,14155.41,-0.078,0,0,1
7596,Obstacle Collision,14156.64,-1.289,0,1,0
7597,Success,14157.65,-0.044,0,0,1
7598,Obstacle Collision,14159.57,-0.937,0,1,0
7599,Success,14161.17,-0.089,0,0,1
7600,Success,14164.25,-1.8,0,0,1
7601,Success,14165.24,-0.033,0,0,1
7602,Obstacle Collision,14166.87,-1.294,0,1,0
7603,Obstacle Collision,14168.57,-0.958,0,1,0
7604,Success,14171.04,-0.106,0,0,1
7605,Success,14173.71,-0.133,0,0,1
7606,Success,14176.76,-0.139,0,0,1
7607,Success,14178.09,-0.061,0,0,1
7608,Success,14180.77,-0.083,0,0,1
7609,Success,14182.42,-0.056,0,0,1
7610,Success,14184.31,-0.061,0,0,1
7611,Obstacle Collision,14185.67,-1.044,0,1,0
7612,Obstacle Collision,14186.12,-2.117,0,1,0
7613,Success,14188.12,-0.083,0,0,1
7614,Obstacle Collision,14189.64,-0.962,0,1,0
7615,Obstacle Collision,14190.55,-1.272,0,1,0
7616,Obstacle Collision,14194.08,-1.35,0,1,0
7617,Obstacle Collision,14195.36,-0.972,0,1,0
7618,Success,14196.69,-0.05,0,0,1
7619,Success,14197.79,-0.056,0,0,1
7620,Obstacle Collision,14198.92,-1.2,0,1,0
7621,Obstacle Collision,14199.35,-1.261,0,1,0
7622,Success,14201.94,-0.1,0,0,1
7623,Obstacle Collision,14203.18,-1.075,0,1,0
7624,Obstacle Collision,14205.3,-0.892,0,1,0
7625,Success,14207.59,-0.117,0,0,1
7626,Success,14209.12,-0.917,0,0,1
7627,Success,14211.68,-0.128,0,0,1
7628,Obstacle Collision,14213.31,-1.294,0,1,0
7629,Success,14215.58,-0.078,0,0,1
7630,Success,14217.56,-0.072,0,0,1
7631,Obstacle Collision,14220.23,-1.389,0,1,0
7632,Obstacle Collision,14221.83,-0.931,0,1,0
7633,Obstacle Collision,14222.27,-1.261,0,1,0
7634,Obstacle Collision,14223.41,-2.03,0,1,0
7635,Success,14224.82,-0.056,0,0,1
7636,Success,14225.72,-0.033,0,0,1
7637,Success,14229.32,-0.161,0,0,1
7638,Obstacle Collision,14230.18,-1.272,0,1,0
7639,Success,14230.86,-0.022,0,0,1
7640,Success,14231.77,-0.033,0,0,1
7641,Success,14233.72,-0.072,0,0,1
7642,Obstacle Collision,14234.16,-1.261,0,1,0
7643,Obstacle Collision,14236.31,-1.35,0,1,0
7644,Obstacle Collision,14239.48,-1.411,0,1,0
7645,Success,14242.93,-1.811,0,0,1
7646,Obstacle Collision,14244.31,-1.322,0,1,0
7647,Obstacle Collision,14245.77,-1.174,0,1,0
7648,Success,14246.99,-0.039,0,0,1
7649,Obstacle Collision,14247.67,-1.267,0,1,0
7650,Success,14250.52,-0.089,0,0,1
7651,Success,14252.6,-0.067,0,0,1
7652,Success,14253.66,-0.039,0,0,1
7653,Success,14254.89,-0.044,0,0,1
7654,Success,14257.54,-0.933,0,0,1
7655,Obstacle Collision,14257.97,-1.261,0,1,0
7656,Obstacle Collision,14260.02,-1.339,0,1,0
7657,Obstacle Collision,14261.43,-1.289,0,1,0
7658,Success,14262.42,-1.744,0,0,1
7659,Success,14265.64,-3.516,0,0,1
7660,Success,14267.34,-0.05,0,0,1
7661,Agent Collision,14270.09,-2.667,1,0,0
7662,Agent Collision,14272.67,-5.239,1,0,0
7663,Obstacle Collision,14273.56,-1.272,0,1,0
7664,Obstacle Collision,14274.9,-1.294,0,1,0
7665,Obstacle Collision,14275.57,-1.152,0,1,0
7666,Obstacle Collision,14277.54,-1.3,0,1,0
7667,Success,14279.07,-2.611,0,0,1
7668,Obstacle Collision,14281.13,-1.356,0,1,0
7669,Obstacle Collision,14281.76,-1.267,0,1,0
7670,Obstacle Collision,14283.23,-1.843,0,1,0
7671,Success,14285.32,-0.067,0,0,1
7672,Success,14286.23,-0.033,0,0,1
7673,Obstacle Collision,14288.54,-1.161,0,1,0
7674,Obstacle Collision,14289.83,-1.211,0,1,0
7675,Success,14291.15,-0.039,0,0,1
7676,Success,14293.84,-0.089,0,0,1
7677,Obstacle Collision,14295.5,-1.322,0,1,0
7678,Success,14296.64,-0.039,0,0,1
7679,Obstacle Collision,14297.27,-1.272,0,1,0
7680,Success,14298.42,-0.039,0,0,1
7681,Success,14299.88,-0.072,0,0,1
7682,Obstacle Collision,14300.55,-3.833,0,1,0
7683,Success,14302.32,-0.072,0,0,1
7684,Success,14304.02,-0.072,0,0,1
7685,Success,14305.56,-0.917,0,0,1
7686,Success,14306.56,-0.05,0,0,1
7687,Success,14307.32,-0.033,0,0,1
7688,Success,14309.09,-0.061,0,0,1
7689,Success,14311.4,-0.061,0,0,1
7690,Obstacle Collision,14312.71,-1.283,0,1,0
7691,Success,14314.91,-0.083,0,0,1
7692,Success,14315.77,-0.033,0,0,1
7693,Obstacle Collision,14316.73,-1.278,0,1,0
7694,Success,14320.35,-0.183,0,0,1
7695,Success,14323.17,-0.95,0,0,1
7696,Obstacle Collision,14324.2,-2.989,0,1,0
7697,Success,14325.59,-0.05,0,0,1
7698,Obstacle Collision,14326.94,-1.294,0,1,0
7699,Success,14328.41,-0.056,0,0,1
7700,Success,14330.26,-0.072,0,0,1
7701,Success,14333.19,-0.939,0,0,1
7702,Success,14339.5,-0.4,0,0,1
7703,Success,14341.92,-0.939,0,0,1
7704,Success,14344.66,-1.006,0,0,1
7705,Success,14346.66,-0.067,0,0,1
7706,Obstacle Collision,14347.28,-2.083,0,1,0
7707,Success,14349.01,-0.072,0,0,1
7708,Success,14351.34,-0.083,0,0,1
7709,Obstacle Collision,14354.09,-1.325,0,1,0
7710,Success,14356.54,-0.1,0,0,1
7711,Success,14358.4,-0.056,0,0,1
7712,Success,14359.79,-0.056,0,0,1
7713,Obstacle Collision,14361.87,-1.306,0,1,0
7714,Success,14363.21,-0.044,0,0,1
7715,Success,14365.21,-0.067,0,0,1
7716,Success,14368.32,-0.106,0,0,1
7717,Obstacle Collision,14370.78,-1.081,0,1,0
7718,Success,14372.03,-0.039,0,0,1
7719,Success,14374.23,-0.061,0,0,1
7720,Success,14375.65,-0.05,0,0,1
7721,Success,14376.65,-0.039,0,0,1
7722,Success,14378.51,-0.05,0,0,1
7723,Obstacle Collision,14380.34,-1.3,0,1,0
7724,Obstacle Collision,14382.5,-2.622,0,1,0
7725,Success,14384.65,-0.1,0,0,1
7726,Obstacle Collision,14385.09,-1.261,0,1,0
7727,Obstacle Collision,14385.74,-1.267,0,1,0
7728,Success,14388.25,-0.072,0,0,1
7729,Success,14389.17,-0.039,0,0,1
7730,Obstacle Collision,14390.03,-1.236,0,1,0
7731,Success,14392.74,-0.106,0,0,1
7732,Success,14395.33,-0.117,0,0,1
7733,Success,14397.7,-0.094,0,0,1
7734,Obstacle Collision,14398.35,-1.267,0,1,0
7735,Obstacle Collision,14400.3,-1.35,0,1,0
7736,Obstacle Collision,14400.98,-1.267,0,1,0
7737,Obstacle Collision,14401.88,-1.272,0,1,0
7738,Success,14404.16,-0.1,0,0,1
7739,Success,14406.26,-0.061,0,0,1
7740,Obstacle Collision,14408.95,-1.209,0,1,0
7741,Success,14410.67,-0.044,0,0,1
7742,Obstacle Collision,14411.81,-1.169,0,1,0
7743,Obstacle Collision,14413.63,-1.17,0,1,0
7744,Obstacle Collision,14415.52,-0.922,0,1,0
7745,Success,14417.87,-0.067,0,0,1
7746,Success,14421.26,-0.111,0,0,1
7747,Obstacle Collision,14421.94,-1.267,0,1,0
7748,Obstacle Collision,14423.02,-1.123,0,1,0
7749,Obstacle Collision,14423.7,-1.267,0,1,0
7750,Success,14426.04,-0.078,0,0,1
7751,Success,14427.35,-0.044,0,0,1
7752,Success,14428.97,-0.067,0,0,1
7753,Success,14430.58,-0.05,0,0,1
7754,Obstacle Collision,14433.29,-3.072,0,1,0
7755,Success,14434.74,-0.056,0,0,1
7756,Obstacle Collision,14437.47,-2.189,0,1,0
7757,Success,14439.33,-0.061,0,0,1
7758,Obstacle Collision,14442.32,-1.433,0,1,0
7759,Obstacle Collision,14443.48,-1.278,0,1,0
7760,Success,14446.53,-0.972,0,0,1
7761,Obstacle Collision,14447.58,-1.039,0,1,0
7762,Success,14449.29,-0.067,0,0,1
7763,Success,14451.08,-0.067,0,0,1
7764,Success,14454.39,-0.989,0,0,1
7765,Success,14456.12,-0.072,0,0,1
7766,Success,14458.33,-0.117,0,0,1
7767,Success,14460.12,-0.067,0,0,1
7768,Obstacle Collision,14461.59,-0.968,0,1,0
7769,Success,14464.02,-0.106,0,0,1
7770,Success,14465.42,-0.061,0,0,1
7771,Success,14466.65,-0.05,0,0,1
7772,Obstacle Collision,14468.65,-1.306,0,1,0
7773,Obstacle Collision,14471.38,-3.028,0,1,0
7774,Obstacle Collision,14474.02,-0.964,0,1,0
7775,Success,14476.18,-0.067,0,0,1
7776,Success,14478.07,-0.067,0,0,1
7777,Obstacle Collision,14478.5,-1.261,0,1,0
7778,Obstacle Collision,14480.45,-1.298,0,1,0
7779,Obstacle Collision,14481.93,-1.097,0,1,0
7780,Success,14484.0,-0.056,0,0,1
7781,Obstacle Collision,14485.01,-1.245,0,1,0
7782,Success,14486.89,-0.083,0,0,1
7783,Success,14489.07,-0.089,0,0,1
7784,Success,14491.13,-0.078,0,0,1
7785,Success,14493.26,-0.089,0,0,1
7786,Success,14495.31,-1.778,0,0,1
7787,Success,14498.69,-0.1,0,0,1
7788,Success,14499.69,-0.028,0,0,1
7789,Obstacle Collision,14501.47,-1.756,0,1,0
7790,Obstacle Collision,14503.79,-1.147,0,1,0
7791,Success,14505.62,-0.072,0,0,1
7792,Obstacle Collision,14508.11,-1.317,0,1,0
7793,Obstacle Collision,14508.99,-1.199,0,1,0
7794,Success,14511.95,-1.839,0,0,1
7795,Success,14513.95,-0.067,0,0,1
7796,Success,14515.56,-0.05,0,0,1
7797,Success,14517.19,-0.078,0,0,1
7798,Obstacle Collision,14518.1,-1.272,0,1,0
7799,Obstacle Collision,14519.71,-0.975,0,1,0
7800,Obstacle Collision,14520.4,-1.267,0,1,0
7801,Success,14521.73,-0.05,0,0,1
7802,Obstacle Collision,14523.15,-1.222,0,1,0
7803,Success,14524.71,-0.056,0,0,1
7804,Success,14526.86,-0.067,0,0,1
7805,Success,14529.35,-0.922,0,0,1
7806,Obstacle Collision,14532.1,-3.5,0,1,0
7807,Success,14536.45,-0.156,0,0,1
7808,Success,14537.52,-0.033,0,0,1
7809,Success,14539.56,-0.083,0,0,1
7810,Success,14542.46,-0.178,0,0,1
7811,Obstacle Collision,14544.58,-1.085,0,1,0
7812,Success,14546.6,-0.078,0,0,1
7813,Success,14548.86,-2.656,0,0,1
7814,Obstacle Collision,14550.2,-1.133,0,1,0
7815,Success,14552.46,-0.067,0,0,1
7816,Success,14554.41,-0.078,0,0,1
7817,Obstacle Collision,14555.17,-1.272,0,1,0
7818,Obstacle Collision,14556.58,-1.3,0,1,0
7819,Obstacle Collision,14557.4,-1.272,0,1,0
7820,Success,14559.79,-0.083,0,0,1
7821,Obstacle Collision,14560.69,-1.272,0,1,0
7822,Success,14561.61,-0.044,0,0,1
7823,Success,14563.55,-0.939,0,0,1
7824,Success,14565.17,-0.061,0,0,1
7825,Obstacle Collision,14566.09,-1.272,0,1,0
7826,Obstacle Collision,14569.18,-2.839,0,1,0
7827,Success,14570.9,-0.072,0,0,1
7828,Success,14571.75,-0.878,0,0,1
7829,Obstacle Collision,14579.15,-3.417,0,1,0
7830,Obstacle Collision,14580.03,-1.278,0,1,0
7831,Success,14582.64,-0.089,0,0,1
7832,Success,14585.58,-0.15,0,0,1
7833,Success,14588.2,-0.95,0,0,1
7834,Obstacle Collision,14589.59,-1.289,0,1,0
7835,Obstacle Collision,14590.31,-1.148,0,1,0
7836,Obstacle Collision,14592.19,-1.311,0,1,0
7837,Obstacle Collision,14596.12,-5.628,0,1,0
7838,Success,14597.44,-0.05,0,0,1
7839,Obstacle Collision,14600.01,-1.026,0,1,0
7840,Success,14602.11,-0.061,0,0,1
7841,Success,14603.78,-0.05,0,0,1
7842,Success,14605.41,-0.067,0,0,1
7843,Obstacle Collision,14607.21,-2.15,0,1,0
7844,Success,14608.69,-0.05,0,0,1
7845,Obstacle Collision,14610.21,-1.213,0,1,0
7846,Obstacle Collision,14611.71,-1.268,0,1,0
7847,Obstacle Collision,14612.78,-1.004,0,1,0
7848,Obstacle Collision,14614.44,-1.306,0,1,0
7849,Success,14615.59,-0.05,0,0,1
7850,Success,14618.17,-0.083,0,0,1
7851,Success,14619.96,-0.061,0,0,1
7852,Obstacle Collision,14621.65,-1.294,0,1,0
7853,Success,14623.51,-0.061,0,0,1
7854,Success,14625.83,-0.072,0,0,1
7855,Obstacle Collision,14626.65,-1.278,0,1,0
7856,Success,14629.98,-0.15,0,0,1
7857,Obstacle Collision,14630.57,-1.225,0,1,0
7858,Obstacle Collision,14632.87,-1.35,0,1,0
7859,Success,14634.67,-0.056,0,0,1
7860,Obstacle Collision,14636.96,-1.389,0,1,0
7861,Success,14640.18,-0.133,0,0,1
7862,Obstacle Collision,14641.72,-1.217,0,1,0
7863,Obstacle Collision,14643.32,-1.103,0,1,0
7864,Obstacle Collision,14644.82,-1.289,0,1,0
7865,Success,14647.09,-0.061,0,0,1
7866,Obstacle Collision,14648.84,-1.3,0,1,0
7867,Obstacle Collision,14650.57,-1.294,0,1,0
7868,Success,14653.85,-0.156,0,0,1
7869,Success,14655.25,-0.044,0,0,1
7870,Success,14657.61,-0.078,0,0,1
7871,Obstacle Collision,14659.18,-1.306,0,1,0
7872,Obstacle Collision,14659.97,-1.231,0,1,0
7873,Success,14662.45,-0.1,0,0,1
7874,Obstacle Collision,14664.09,-1.294,0,1,0
7875,Success,14665.1,-0.05,0,0,1
7876,Obstacle Collision,14671.53,-1.85,0,1,0
7877,Success,14674.51,-2.656,0,0,1
7878,Obstacle Collision,14675.46,-2.989,0,1,0
7879,Obstacle Collision,14678.13,-1.344,0,1,0
7880,Obstacle Collision,14679.03,-1.272,0,1,0
7881,Agent Collision,14680.68,-3.461,1,0,0
7882,Obstacle Collision,14682.83,-1.042,0,1,0
7883,Success,14683.59,-0.028,0,0,1
7884,Obstacle Collision,14685.2,-1.289,0,1,0
7885,Success,14687.72,-0.111,0,0,1
7886,Success,14690.52,-0.106,0,0,1
7887,Success,14692.17,-0.072,0,0,1
7888,Success,14695.23,-0.106,0,0,1
7889,Success,14697.46,-0.061,0,0,1
7890,Obstacle Collision,14698.1,-1.225,0,1,0
7891,Success,14699.11,-0.044,0,0,1
7892,Obstacle Collision,14699.93,-1.294,0,1,0
7893,Success,14700.77,-0.022,0,0,1
7894,Success,14703.05,-0.061,0,0,1
7895,Success,14704.85,-0.083,0,0,1
7896,Success,14707.23,-0.1,0,0,1
7897,Success,14708.94,-0.056,0,0,1
7898,Obstacle Collision,14709.37,-1.261,0,1,0
7899,Success,14710.92,-0.078,0,0,1
7900,Success,14714.44,-1.806,0,0,1
7901,Success,14716.98,-0.939,0,0,1
7902,Obstacle Collision,14718.15,-1.081,0,1,0
7903,Obstacle Collision,14720.22,-1.3,0,1,0
7904,Obstacle Collision,14721.56,-1.864,0,1,0
7905,Obstacle Collision,14722.48,-1.272,0,1,0
7906,Obstacle Collision,14723.84,-3.0,0,1,0
7907,Success,14725.86,-0.056,0,0,1
7908,Success,14727.34,-0.044,0,0,1
7909,Success,14728.93,-0.072,0,0,1
7910,Obstacle Collision,14730.72,-3.017,0,1,0
7911,Success,14733.16,-0.1,0,0,1
7912,Success,14734.0,-0.028,0,0,1
7913,Obstacle Collision,14735.47,-2.183,0,1,0
7914,Obstacle Collision,14737.18,-1.317,0,1,0
7915,Success,14739.73,-0.161,0,0,1
7916,Success,14741.45,-0.067,0,0,1
7917,Success,14742.71,-0.056,0,0,1
7918,Obstacle Collision,14743.87,-1.278,0,1,0
7919,Success,14745.12,-0.039,0,0,1
7920,Success,14747.65,-0.078,0,0,1
7921,Success,14750.22,-0.083,0,0,1
7922,Success,14752.5,-0.094,0,0,1
7923,Obstacle Collision,14753.18,-1.267,0,1,0
7924,Success,14754.73,-0.056,0,0,1
7925,Success,14757.6,-0.117,0,0,1
7926,Obstacle Collision,14759.21,-1.21,0,1,0
7927,Obstacle Collision,14759.83,-1.225,0,1,0
7928,Success,14762.44,-0.094,0,0,1
7929,Success,14765.03,-0.139,0,0,1
7930,Obstacle Collision,14766.24,-1.051,0,1,0
7931,Obstacle Collision,14768.59,-1.783,0,1,0
7932,Success,14772.79,-0.283,0,0,1
7933,Success,14773.8,-0.033,0,0,1
7934,Obstacle Collision,14775.64,-1.3,0,1,0
7935,Success,14777.31,-0.061,0,0,1
7936,Obstacle Collision,14779.06,-1.389,0,1,0
7937,Obstacle Collision,14779.83,-1.194,0,1,0
7938,Success,14781.22,-0.044,0,0,1
7939,Success,14783.46,-0.061,0,0,1
7940,Success,14785.18,-0.072,0,0,1
7941,Success,14787.28,-3.494,0,0,1
7942,Success,14789.22,-0.056,0,0,1
7943,Success,14790.69,-0.056,0,0,1
7944,Obstacle Collision,14791.68,-1.278,0,1,0
7945,Obstacle Collision,14793.05,-1.289,0,1,0
7946,Success,14794.53,-0.05,0,0,1
7947,Obstacle Collision,14795.2,-2.583,0,1,0
7948,Obstacle Collision,14799.4,-1.644,0,1,0
7949,Obstacle Collision,14801.95,-1.417,0,1,0
7950,Obstacle Collision,14802.98,-1.195,0,1,0
7951,Success,14805.3,-0.072,0,0,1
7952,Obstacle Collision,14806.72,-1.294,0,1,0
7953,Obstacle Collision,14809.35,-5.122,0,1,0
7954,Success,14811.2,-0.05,0,0,1
7955,Success,14812.43,-1.744,0,0,1
7956,Success,14813.27,-0.028,0,0,1
7957,Success,14817.33,-1.872,0,0,1
7958,Agent Collision,14819.67,-1.794,1,0,0
7959,Obstacle Collision,14821.57,-1.311,0,1,0
7960,Success,14822.72,-0.044,0,0,1
7961,Success,14824.51,-0.067,0,0,1
7962,Agent Collision,14826.05,-1.756,1,0,0
7963,Obstacle Collision,14827.17,-3.843,0,1,0
7964,Obstacle Collision,14828.06,-1.231,0,1,0
7965,Obstacle Collision,14829.12,-1.003,0,1,0
7966,Success,14831.41,-0.078,0,0,1
7967,Success,14833.23,-0.061,0,0,1
7968,Success,14835.65,-0.106,0,0,1
7969,Obstacle Collision,14836.07,-1.261,0,1,0
7970,Obstacle Collision,14838.16,-2.584,0,1,0
7971,Success,14839.91,-0.089,0,0,1
7972,Success,14841.93,-1.778,0,0,1
7973,Success,14844.1,-0.922,0,0,1
7974,Success,14845.42,-0.056,0,0,1
7975,Success,14847.85,-0.95,0,0,1
7976,Success,14850.76,-0.078,0,0,1
7977,Obstacle Collision,14851.19,-1.261,0,1,0
7978,Obstacle Collision,14853.32,-1.311,0,1,0
7979,Agent Collision,14855.69,-6.844,1,0,0
7980,Success,14858.62,-0.95,0,0,1
7981,Success,14860.27,-0.078,0,0,1
7982,Success,14861.75,-0.05,0,0,1
7983,Success,14863.26,-0.072,0,0,1
7984,Success,14865.22,-0.078,0,0,1
7985,Success,14866.23,-0.05,0,0,1
7986,Success,14868.36,-0.072,0,0,1
7987,Obstacle Collision,14869.86,-0.972,0,1,0
7988,Obstacle Collision,14872.27,-2.65,0,1,0
7989,Success,14874.05,-0.061,0,0,1
7990,Success,14875.54,-0.072,0,0,1
7991,Success,14877.51,-0.078,0,0,1
7992,Success,14879.58,-0.089,0,0,1
7993,Success,14880.91,-0.044,0,0,1
7994,Obstacle Collision,14881.65,-1.149,0,1,0
7995,Success,14883.15,-0.067,0,0,1
7996,Obstacle Collision,14889.44,-1.778,0,1,0
7997,Success,14892.01,-0.067,0,0,1
7998,Success,14893.3,-0.05,0,0,1
7999,Obstacle Collision,14894.1,-1.19,0,1,0
8000,Obstacle Collision,14898.3,-3.206,0,1,0
8001,Success,14900.89,-0.078,0,0,1
8002,Success,14902.47,-0.078,0,0,1
8003,Obstacle Collision,14903.55,-1.039,0,1,0
8004,Success,14905.73,-0.061,0,0,1
8005,Obstacle Collision,14907.5,-1.108,0,1,0
8006,Success,14909.84,-0.078,0,0,1
8007,Obstacle Collision,14914.76,-1.55,0,1,0
8008,Obstacle Collision,14917.77,-1.356,0,1,0
8009,Success,14920.54,-0.089,0,0,1
8010,Success,14922.56,-0.056,0,0,1
8011,Success,14924.97,-0.094,0,0,1
8012,Success,14928.51,-6.122,0,0,1
8013,Obstacle Collision,14928.93,-1.261,0,1,0
8014,Agent Collision,14930.97,-3.478,1,0,0
8015,Success,14932.6,-0.056,0,0,1
8016,Success,14934.79,-0.078,0,0,1
8017,Success,14936.57,-0.056,0,0,1
8018,Success,14939.13,-0.967,0,0,1
8019,Success,14940.12,-0.033,0,0,1
8020,Obstacle Collision,14941.9,-0.994,0,1,0
8021,Success,14944.08,-0.061,0,0,1
8022,Obstacle Collision,14946.16,-1.361,0,1,0
8023,Success,14948.7,-0.067,0,0,1
8024,Obstacle Collision,14950.89,-0.904,0,1,0
8025,Obstacle Collision,14951.57,-1.267,0,1,0
8026,Obstacle Collision,14953.0,-1.289,0,1,0
8027,Success,14956.85,-0.189,0,0,1
8028,Success,14959.91,-0.961,0,0,1
8029,Success,14962.31,-1.783,0,0,1
8030,Obstacle Collision,14966.08,-4.844,0,1,0
8031,Obstacle Collision,14967.87,-1.067,0,1,0
8032,Success,14970.29,-3.506,0,0,1
8033,Success,14972.45,-0.067,0,0,1
8034,Success,14973.69,-0.05,0,0,1
8035,Obstacle Collision,14976.51,-1.322,0,1,0
8036,Success,14977.42,-0.028,0,0,1
8037,Success,14979.61,-0.922,0,0,1
8038,Success,14981.22,-0.05,0,0,1
8039,Success,14983.72,-0.078,0,0,1
8040,Obstacle Collision,14984.89,-1.31,0,1,0
8041,Success,14986.37,-0.05,0,0,1
8042,Success,14988.88,-0.089,0,0,1
8043,Obstacle Collision,14989.52,-1.267,0,1,0
8044,Obstacle Collision,14990.79,-1.122,0,1,0
8045,Success,14992.35,-0.056,0,0,1
8046,Obstacle Collision,14993.03,-1.267,0,1,0
8047,Success,14995.86,-0.1,0,0,1
8048,Success,14997.34,-0.061,0,0,1
8049,Success,14999.02,-0.089,0,0,1
8050,Success,15001.5,-0.094,0,0,1
8051,Obstacle Collision,15004.01,-1.439,0,1,0
8052,Success,15005.49,-0.044,0,0,1
8053,Success,15006.96,-0.056,0,0,1
8054,Obstacle Collision,15008.61,-1.761,0,1,0
8055,Success,15009.91,-0.056,0,0,1
8056,Success,15011.87,-0.078,0,0,1
8057,Obstacle Collision,15012.68,-2.128,0,1,0
8058,Success,15015.56,-0.111,0,0,1
8059,Obstacle Collision,15018.81,-2.933,0,1,0
8060,Obstacle Collision,15020.26,-1.289,0,1,0
8061,Success,15022.19,-0.061,0,0,1
8062,Obstacle Collision,15023.28,-1.253,0,1,0
8063,Success,15024.81,-0.044,0,0,1
8064,Success,15026.58,-0.056,0,0,1
8065,Success,15028.91,-2.633,0,0,1
8066,Obstacle Collision,15030.11,-1.289,0,1,0
8067,Obstacle Collision,15031.73,-1.052,0,1,0
8068,Obstacle Collision,15033.33,-2.11,0,1,0
8069,Obstacle Collision,15034.81,-1.311,0,1,0
8070,Success,15037.83,-0.089,0,0,1
8071,Obstacle Collision,15040.61,-1.308,0,1,0
8072,Success,15042.51,-0.072,0,0,1
8073,Obstacle Collision,15043.84,-1.081,0,1,0
8074,Obstacle Collision,15044.71,-1.272,0,1,0
8075,Obstacle Collision,15046.03,-1.209,0,1,0
8076,Obstacle Collision,15046.47,-1.261,0,1,0
8077,Success,15048.34,-0.078,0,0,1
8078,Obstacle Collision,15049.37,-1.278,0,1,0
8079,Success,15053.51,-0.122,0,0,1
8080,Success,15054.98,-0.05,0,0,1
8081,Obstacle Collision,15059.52,-5.544,0,1,0
8082,Success,15063.28,-0.161,0,0,1
8083,Success,15065.45,-0.072,0,0,1
8084,Obstacle Collision,15066.92,-1.231,0,1,0
8085,Obstacle Collision,15070.07,-1.461,0,1,0
8086,Success,15072.03,-0.083,0,0,1
8087,Success,15073.75,-0.067,0,0,1
8088,Obstacle Collision,15075.47,-1.139,0,1,0
8089,Success,15076.77,-0.039,0,0,1
8090,Success,15079.27,-0.939,0,0,1
8091,Success,15081.6,-0.067,0,0,1
8092,Success,15083.57,-0.078,0,0,1
8093,Obstacle Collision,15086.96,-1.478,0,1,0
8094,Obstacle Collision,15088.62,-1.344,0,1,0
8095,Success,15091.04,-0.078,0,0,1
8096,Obstacle Collision,15094.1,-1.339,0,1,0
8097,Obstacle Collision,15095.6,-1.211,0,1,0
8098,Success,15097.06,-3.467,0,0,1
8099,Obstacle Collision,15098.4,-1.085,0,1,0
8100,Success,15101.44,-0.944,0,0,1
8101,Obstacle Collision,15102.54,-1.278,0,1,0
8102,Success,15104.46,-0.05,0,0,1
8103,Success,15105.84,-0.056,0,0,1
8104,Obstacle Collision,15106.81,-1.153,0,1,0
8105,Success,15107.95,-0.039,0,0,1
8106,Success,15110.21,-0.083,0,0,1
8107,Obstacle Collision,15111.16,-1.24,0,1,0
8108,Success,15112.08,-0.028,0,0,1
8109,Obstacle Collision,15113.23,-1.278,0,1,0
8110,Obstacle Collision,15114.58,-1.081,0,1,0
8111,Success,15117.21,-0.117,0,0,1
8112,Success,15118.53,-0.044,0,0,1
8113,Success,15121.13,-0.089,0,0,1
8114,Obstacle Collision,15122.31,-2.161,0,1,0
8115,Obstacle Collision,15123.48,-1.281,0,1,0
8116,Obstacle Collision,15124.28,-1.09,0,1,0
8117,Success,15125.58,-0.056,0,0,1
8118,Success,15128.19,-0.128,0,0,1
8119,Success,15129.63,-0.044,0,0,1
8120,Success,15131.18,-0.083,0,0,1
8121,Obstacle Collision,15132.05,-1.272,0,1,0
8122,Success,15133.77,-0.078,0,0,1
8123,Success,15135.15,-0.044,0,0,1
8124,Success,15138.33,-0.106,0,0,1
8125,Success,15140.22,-0.128,0,0,1
8126,Success,15143.28,-0.95,0,0,1
8127,Obstacle Collision,15145.04,-0.954,0,1,0
8128,Success,15149.04,-4.383,0,0,1
8129,Success,15151.21,-0.061,0,0,1
8130,Obstacle Collision,15151.65,-1.261,0,1,0
8131,Success,15152.82,-0.917,0,0,1
8132,Success,15155.06,-0.094,0,0,1
8133,Success,15155.98,-0.028,0,0,1
8134,Obstacle Collision,15157.82,-3.467,0,1,0
8135,Success,15159.67,-0.067,0,0,1
8136,Success,15161.4,-0.083,0,0,1
8137,Success,15163.22,-0.094,0,0,1
8138,Obstacle Collision,15163.96,-1.231,0,1,0
8139,Success,15165.81,-0.061,0,0,1
8140,Success,15166.8,-0.028,0,0,1
8141,Success,15168.39,-2.611,0,0,1
8142,Obstacle Collision,15168.82,-1.261,0,1,0
8143,Obstacle Collision,15169.26,-2.972,0,1,0
8144,Obstacle Collision,15171.49,-1.339,0,1,0
8145,Success,15173.89,-0.083,0,0,1
8146,Success,15174.96,-0.039,0,0,1
8147,Obstacle Collision,15176.81,-1.317,0,1,0
8148,Obstacle Collision,15178.32,-1.294,0,1,0
8149,Obstacle Collision,15179.19,-1.235,0,1,0
8150,Success,15180.51,-0.044,0,0,1
8151,Obstacle Collision,15181.75,-1.242,0,1,0
8152,Success,15184.02,-0.067,0,0,1
8153,Success,15185.59,-0.05,0,0,1
8154,Success,15188.14,-0.161,0,0,1
8155,Success,15189.29,-0.05,0,0,1
8156,Obstacle Collision,15189.97,-1.243,0,1,0
8157,Obstacle Collision,15190.65,-1.189,0,1,0
8158,Success,15192.59,-0.061,0,0,1
8159,Success,15195.15,-0.094,0,0,1
8160,Obstacle Collision,15195.87,-1.075,0,1,0
8161,Obstacle Collision,15196.31,-2.972,0,1,0
8162,Obstacle Collision,15198.2,-1.306,0,1,0
8163,Obstacle Collision,15200.0,-1.317,0,1,0
8164,Obstacle Collision,15202.74,-1.322,0,1,0
8165,Obstacle Collision,15204.18,-1.277,0,1,0
8166,Success,15206.13,-2.611,0,0,1
8167,Success,15208.25,-0.95,0,0,1
8168,Success,15211.49,-0.1,0,0,1
8169,Obstacle Collision,15213.03,-1.157,0,1,0
8170,Obstacle Collision,15217.33,-2.328,0,1,0
8171,Success,15219.75,-0.067,0,0,1
8172,Success,15221.14,-0.044,0,0,1
8173,Success,15222.37,-0.039,0,0,1
8174,Success,15224.57,-0.078,0,0,1
8175,Obstacle Collision,15224.97,-1.261,0,1,0
8176,Obstacle Collision,15227.04,-1.306,0,1,0
8177,Obstacle Collision,15230.32,-1.979,0,1,0
8178,Obstacle Collision,15231.12,-1.272,0,1,0
8179,Obstacle Collision,15232.65,-1.289,0,1,0
8180,Obstacle Collision,15233.56,-1.272,0,1,0
8181,Obstacle Collision,15234.46,-1.233,0,1,0
8182,Success,15236.01,-0.056,0,0,1
8183,Success,15239.0,-3.511,0,0,1
8184,Success,15240.69,-0.056,0,0,1
8185,Success,15242.79,-0.072,0,0,1
8186,Agent Collision,15243.31,-2.583,1,0,0
8187,Success,15245.32,-0.083,0,0,1
8188,Success,15246.08,-0.022,0,0,1
8189,Success,15247.55,-0.061,0,0,1
8190,Success,15248.97,-0.067,0,0,1
8191,Obstacle Collision,15253.59,-1.622,0,1,0
8192,Success,15255.53,-0.067,0,0,1
8193,Success,15257.38,-0.061,0,0,1
8194,Obstacle Collision,15258.93,-1.175,0,1,0
8195,Success,15259.85,-0.028,0,0,1
8196,Success,15262.41,-0.072,0,0,1
8197,Success,15264.83,-0.089,0,0,1
8198,Success,15266.68,-0.056,0,0,1
8199,Success,15268.62,-0.072,0,0,1
8200,Obstacle Collision,15273.76,-47.809,0,1,0
8201,Success,15276.29,-0.1,0,0,1
8202,Success,15277.62,-0.039,0,0,1
8203,Obstacle Collision,15281.06,-1.024,0,1,0
8204,Success,15282.39,-0.067,0,0,1
8205,Obstacle Collision,15283.88,-3.0,0,1,0
8206,Success,15286.32,-0.089,0,0,1
8207,Success,15289.23,-1.883,0,0,1
8208,Success,15291.06,-0.05,0,0,1
8209,Success,15292.61,-0.072,0,0,1
8210,Success,15294.66,-0.083,0,0,1
8211,Success,15296.54,-0.072,0,0,1
8212,Obstacle Collision,15298.45,-1.3,0,1,0
8213,Success,15300.79,-0.1,0,0,1
8214,Obstacle Collision,15303.48,-1.356,0,1,0
8215,Success,15305.68,-3.5,0,0,1
8216,Success,15307.66,-0.083,0,0,1
8217,Success,15310.19,-0.089,0,0,1
8218,Success,15312.54,-0.094,0,0,1
8219,Obstacle Collision,15313.74,-1.228,0,1,0
8220,Success,15315.59,-0.072,0,0,1
8221,Obstacle Collision,15316.26,-1.267,0,1,0
8222,Obstacle Collision,15318.91,-1.361,0,1,0
8223,Success,15320.95,-5.194,0,0,1
8224,Obstacle Collision,15322.37,-1.211,0,1,0
8225,Success,15325.93,-0.094,0,0,1
8226,Success,15328.19,-1.783,0,0,1
8227,Success,15330.45,-0.067,0,0,1
8228,Success,15332.46,-0.072,0,0,1
8229,Obstacle Collision,15333.39,-1.117,0,1,0
8230,Success,15335.01,-1.772,0,0,1
8231,Success,15337.56,-1.783,0,0,1
8232,Success,15339.03,-0.061,0,0,1
8233,Success,15341.19,-0.067,0,0,1
8234,Success,15343.22,-0.083,0,0,1
8235,Obstacle Collision,15345.97,-0.933,0,1,0
8236,Obstacle Collision,15347.5,-1.3,0,1,0
8237,Success,15348.85,-0.044,0,0,1
8238,Success,15351.15,-0.083,0,0,1
8239,Success,15352.67,-0.044,0,0,1
8240,Success,15354.27,-0.911,0,0,1
8241,Success,15355.79,-0.05,0,0,1
8242,Obstacle Collision,15356.69,-1.272,0,1,0
8243,Success,15357.75,-0.039,0,0,1
8244,Success,15359.83,-0.089,0,0,1
8245,Obstacle Collision,15361.88,-1.306,0,1,0
8246,Obstacle Collision,15362.78,-1.272,0,1,0
8247,Obstacle Collision,15364.27,-1.306,0,1,0
8248,Success,15366.56,-0.1,0,0,1
8249,Success,15368.19,-0.05,0,0,1
8250,Success,15371.79,-0.983,0,0,1
8251,Success,15373.43,-0.083,0,0,1
8252,Success,15375.1,-1.833,0,0,1
8253,Agent Collision,15376.44,-8.611,1,0,0
8254,Obstacle Collision,15377.35,-4.694,0,1,0
8255,Success,15378.89,-0.056,0,0,1
8256,Success,15382.1,-1.806,0,0,1
8257,Success,15383.33,-0.05,0,0,1
8258,Obstacle Collision,15385.79,-1.328,0,1,0
8259,Success,15388.23,-0.933,0,0,1
8260,Success,15389.57,-0.056,0,0,1
8261,Obstacle Collision,15391.38,-1.367,0,1,0
8262,Obstacle Collision,15392.62,-1.039,0,1,0
8263,Success,15394.02,-0.05,0,0,1
8264,Obstacle Collision,15395.12,-1.198,0,1,0
8265,Obstacle Collision,15396.77,-1.317,0,1,0
8266,Obstacle Collision,15398.59,-0.898,0,1,0
8267,Obstacle Collision,15399.57,-1.222,0,1,0
8268,Obstacle Collision,15401.19,-1.3,0,1,0
8269,Obstacle Collision,15402.76,-1.289,0,1,0
8270,Obstacle Collision,15403.89,-1.278,0,1,0
8271,Success,15406.38,-0.089,0,0,1
8272,Success,15408.06,-0.05,0,0,1
8273,Obstacle Collision,15409.47,-1.289,0,1,0
8274,Obstacle Collision,15410.97,-1.294,0,1,0
8275,Success,15413.57,-0.072,0,0,1
8276,Obstacle Collision,15414.57,-1.153,0,1,0
8277,Success,15417.53,-0.961,0,0,1
8278,Success,15418.91,-0.039,0,0,1
8279,Success,15421.89,-0.95,0,0,1
8280,Obstacle Collision,15423.63,-1.294,0,1,0
8281,Success,15426.19,-0.128,0,0,1
8282,Success,15427.66,-2.622,0,0,1
8283,Obstacle Collision,15429.57,-1.3,0,1,0
8284,Success,15430.41,-0.028,0,0,1
8285,Success,15431.96,-0.072,0,0,1
8286,Success,15434.07,-0.061,0,0,1
8287,Success,15435.98,-0.961,0,0,1
8288,Success,15437.32,-0.061,0,0,1
8289,Obstacle Collision,15439.31,-1.311,0,1,0
8290,Success,15441.26,-0.072,0,0,1
8291,Success,15443.7,-0.083,0,0,1
8292,Success,15446.53,-0.95,0,0,1
8293,Obstacle Collision,15446.97,-1.722,0,1,0
8294,Success,15449.4,-0.089,0,0,1
8295,Obstacle Collision,15450.43,-2.989,0,1,0
8296,Success,15452.44,-0.056,0,0,1
8297,Success,15454.47,-0.05,0,0,1
8298,Success,15456.95,-0.094,0,0,1
8299,Success,15458.28,-0.05,0,0,1
8300,Success,15460.2,-0.1,0,0,1
8301,Success,15462.5,-0.078,0,0,1
8302,Success,15467.03,-0.261,0,0,1
8303,Success,15468.75,-0.05,0,0,1
8304,Success,15469.45,-0.022,0,0,1
8305,Success,15470.72,-0.056,0,0,1
8306,Success,15473.46,-0.083,0,0,1
8307,Obstacle Collision,15476.45,-1.417,0,1,0
8308,Obstacle Collision,15477.06,-1.225,0,1,0
8309,Success,15477.99,-0.033,0,0,1
8310,Success,15480.98,-0.1,0,0,1
8311,Obstacle Collision,15482.22,-1.003,0,1,0
8312,Success,15483.38,-0.044,0,0,1
8313,Success,15485.51,-0.072,0,0,1
8314,Success,15486.68,-0.05,0,0,1
8315,Obstacle Collision,15487.57,-1.272,0,1,0
8316,Obstacle Collision,15488.64,-1.117,0,1,0
8317,Success,15490.44,-0.061,0,0,1
8318,Success,15491.99,-0.056,0,0,1
8319,Success,15494.89,-0.139,0,0,1
8320,Success,15496.82,-0.061,0,0,1
8321,Obstacle Collision,15499.82,-1.378,0,1,0
8322,Success,15501.37,-0.061,0,0,1
8323,Success,15505.49,-0.206,0,0,1
8324,Agent Collision,15506.75,-1.756,1,0,0
8325,Success,15509.92,-0.111,0,0,1
8326,Success,15510.84,-0.028,0,0,1
8327,Success,15513.12,-0.944,0,0,1
8328,Obstacle Collision,15514.02,-1.272,0,1,0
8329,Success,15515.99,-0.089,0,0,1
8330,Success,15518.16,-0.939,0,0,1
8331,Obstacle Collision,15519.7,-1.051,0,1,0
8332,Obstacle Collision,15522.39,-2.256,0,1,0
8333,Success,15523.74,-0.061,0,0,1
8334,Success,15525.94,-0.078,0,0,1
8335,Success,15527.25,-0.039,0,0,1
8336,Obstacle Collision,15528.05,-1.189,0,1,0
8337,Obstacle Collision,15533.11,-1.678,0,1,0
8338,Success,15534.03,-0.033,0,0,1
8339,Obstacle Collision,15535.19,-1.04,0,1,0
8340,Success,15538.97,-0.139,0,0,1
8341,Obstacle Collision,15539.86,-1.278,0,1,0
8342,Agent Collision,15541.79,-2.622,1,0,0
8343,Success,15543.51,-0.072,0,0,1
8344,Success,15545.38,-0.067,0,0,1
8345,Obstacle Collision,15546.23,-1.003,0,1,0
8346,Obstacle Collision,15549.36,-0.919,0,1,0
8347,Agent Collision,15550.54,-5.167,1,0,0
8348,Success,15553.1,-0.083,0,0,1
8349,Obstacle Collision,15554.78,-1.068,0,1,0
8350,Success,15556.8,-0.094,0,0,1
8351,Success,15558.34,-0.044,0,0,1
8352,Obstacle Collision,15559.23,-1.272,0,1,0
8353,Obstacle Collision,15561.19,-7.744,0,1,0
8354,Obstacle Collision,15561.97,-1.272,0,1,0
8355,Obstacle Collision,15562.37,-1.261,0,1,0
8356,Success,15565.03,-0.117,0,0,1
8357,Obstacle Collision,15566.57,-1.289,0,1,0
8358,Success,15569.76,-0.972,0,0,1
8359,Success,15571.48,-0.061,0,0,1
8360,Success,15572.72,-0.039,0,0,1
8361,Success,15575.34,-0.094,0,0,1
8362,Obstacle Collision,15575.77,-1.261,0,1,0
8363,Success,15577.46,-0.056,0,0,1
8364,Obstacle Collision,15579.1,-1.294,0,1,0
8365,Success,15580.99,-0.067,0,0,1
8366,Success,15582.63,-0.056,0,0,1
8367,Obstacle Collision,15584.69,-1.175,0,1,0
8368,Success,15586.9,-0.1,0,0,1
8369,Obstacle Collision,15588.46,-1.756,0,1,0
8370,Obstacle Collision,15589.6,-1.067,0,1,0
8371,Success,15592.62,-0.156,0,0,1
8372,Success,15594.18,-0.05,0,0,1
8373,Obstacle Collision,15596.14,-3.81,0,1,0
8374,Agent Collision,15598.32,-2.622,1,0,0
8375,Success,15600.49,-3.522,0,0,1
8376,Success,15603.05,-0.106,0,0,1
8377,Success,15604.9,-0.061,0,0,1
8378,Success,15607.51,-0.128,0,0,1
8379,Success,15610.44,-3.517,0,0,1
8380,Success,15611.41,-0.033,0,0,1
8381,Obstacle Collision,15613.29,-1.311,0,1,0
8382,Success,15615.13,-0.061,0,0,1
8383,Success,15617.36,-0.072,0,0,1
8384,Obstacle Collision,15618.54,-1.247,0,1,0
8385,Obstacle Collision,15621.82,-1.844,0,1,0
8386,Obstacle Collision,15622.45,-1.267,0,1,0
8387,Obstacle Collision,15624.33,-1.306,0,1,0
8388,Success,15626.97,-0.089,0,0,1
8389,Success,15630.15,-0.1,0,0,1
8390,Obstacle Collision,15631.2,-0.989,0,1,0
8391,Success,15632.76,-0.056,0,0,1
8392,Agent Collision,15634.83,-2.644,1,0,0
8393,Success,15636.3,-0.072,0,0,1
8394,Obstacle Collision,15637.26,-1.195,0,1,0
8395,Obstacle Collision,15637.93,-1.267,0,1,0
8396,Success,15639.48,-0.044,0,0,1
8397,Success,15642.15,-0.156,0,0,1
8398,Obstacle Collision,15643.34,-1.283,0,1,0
8399,Success,15645.86,-0.083,0,0,1
8400,Success,15646.86,-0.039,0,0,1
8401,Success,15648.48,-0.056,0,0,1
8402,Agent Collision,15649.94,-0.889,1,0,0
8403,Success,15652.31,-0.061,0,0,1
8404,Success,15654.25,-0.061,0,0,1
8405,Obstacle Collision,15655.03,-1.189,0,1,0
8406,Success,15658.26,-3.506,0,0,1
8407,Obstacle Collision,15660.63,-1.327,0,1,0
8408,Success,15661.89,-0.05,0,0,1
8409,Success,15663.29,-0.044,0,0,1
8410,Success,15665.72,-0.067,0,0,1
8411,Success,15667.68,-1.811,0,0,1
8412,Success,15669.44,-0.061,0,0,1
8413,Success,15671.41,-0.067,0,0,1
8414,Obstacle Collision,15674.42,-4.744,0,1,0
8415,Success,15676.29,-0.061,0,0,1
8416,Success,15677.38,-0.044,0,0,1
8417,Obstacle Collision,15679.17,-1.295,0,1,0
8418,Success,15680.33,-0.033,0,0,1
8419,Obstacle Collision,15682.68,-1.192,0,1,0
8420,Success,15683.6,-0.028,0,0,1
8421,Success,15685.14,-0.05,0,0,1
8422,Obstacle Collision,15685.91,-1.189,0,1,0
8423,Success,15687.22,-0.044,0,0,1
8424,Success,15688.78,-0.056,0,0,1
8425,Obstacle Collision,15690.16,-1.283,0,1,0
8426,Success,15691.65,-0.056,0,0,1
8427,Success,15693.6,-0.067,0,0,1
8428,Success,15695.7,-0.939,0,0,1
8429,Success,15697.87,-0.078,0,0,1
8430,Obstacle Collision,15700.07,-2.167,0,1,0
8431,Obstacle Collision,15701.61,-1.317,0,1,0
8432,Obstacle Collision,15703.18,-1.269,0,1,0
8433,Obstacle Collision,15704.0,-1.189,0,1,0
8434,Success,15706.2,-0.067,0,0,1
8435,Obstacle Collision,15707.3,-1.08,0,1,0
8436,Success,15709.04,-0.917,0,0,1
8437,Success,15710.86,-0.056,0,0,1
8438,Success,15713.27,-0.072,0,0,1
8439,Obstacle Collision,15714.73,-1.294,0,1,0
8440,Success,15716.56,-0.072,0,0,1
8441,Agent Collision,15717.2,-2.583,1,0,0
8442,Success,15718.42,-0.039,0,0,1
8443,Success,15720.29,-0.05,0,0,1
8444,Success,15721.69,-0.044,0,0,1
8445,Obstacle Collision,15722.55,-1.081,0,1,0
8446,Success,15724.29,-0.078,0,0,1
8447,Success,15725.53,-0.894,0,0,1
8448,Success,15727.65,-0.089,0,0,1
8449,Obstacle Collision,15729.02,-1.283,0,1,0
8450,Obstacle Collision,15731.38,-1.067,0,1,0
8451,Obstacle Collision,15732.91,-1.288,0,1,0
8452,Success,15734.46,-0.072,0,0,1
8453,Obstacle Collision,15736.74,-1.328,0,1,0
8454,Obstacle Collision,15737.4,-2.122,0,1,0
8455,Obstacle Collision,15738.47,-1.236,0,1,0
8456,Success,15740.08,-0.9,0,0,1
8457,Success,15741.85,-0.056,0,0,1
8458,Success,15744.08,-0.067,0,0,1
8459,Obstacle Collision,15745.18,-1.278,0,1,0
8460,Obstacle Collision,15747.16,-1.287,0,1,0
8461,Success,15748.54,-0.044,0,0,1
8462,Success,15750.62,-0.067,0,0,1
8463,Success,15752.79,-0.078,0,0,1
8464,Success,15754.16,-0.044,0,0,1
8465,Success,15755.3,-0.033,0,0,1
8466,Success,15756.76,-0.05,0,0,1
8467,Success,15758.93,-0.089,0,0,1
8468,Obstacle Collision,15760.18,-1.239,0,1,0
8469,Success,15761.65,-0.056,0,0,1
8470,Obstacle Collision,15763.28,-1.289,0,1,0
8471,Obstacle Collision,15764.45,-1.127,0,1,0
8472,Obstacle Collision,15767.12,-0.706,0,1,0
8473,Obstacle Collision,15768.53,-1.289,0,1,0
8474,Obstacle Collision,15771.77,-4.778,0,1,0
8475,Success,15774.05,-0.078,0,0,1
8476,Success,15775.88,-0.061,0,0,1
8477,Obstacle Collision,15777.49,-2.167,0,1,0
8478,Obstacle Collision,15778.43,-1.278,0,1,0
8479,Success,15780.68,-0.939,0,0,1
8480,Obstacle Collision,15782.71,-3.494,0,1,0
8481,Obstacle Collision,15783.39,-1.267,0,1,0
8482,Obstacle Collision,15784.06,-1.267,0,1,0
8483,Success,15786.59,-0.083,0,0,1
8484,Success,15788.79,-0.078,0,0,1
8485,Obstacle Collision,15791.83,-1.444,0,1,0
8486,Success,15794.28,-0.083,0,0,1
8487,Obstacle Collision,15797.44,-2.278,0,1,0
8488,Obstacle Collision,15800.37,-2.178,0,1,0
8489,Obstacle Collision,15801.58,-1.039,0,1,0
8490,Success,15802.81,-0.056,0,0,1
8491,Success,15804.3,-0.9,0,0,1
8492,Obstacle Collision,15805.67,-0.967,0,1,0
8493,Obstacle Collision,15808.11,-1.069,0,1,0
8494,Obstacle Collision,15811.93,-2.806,0,1,0
8495,Success,15815.85,-0.189,0,0,1
8496,Obstacle Collision,15818.0,-1.317,0,1,0
8497,Success,15819.87,-0.061,0,0,1
8498,Obstacle Collision,15824.42,-1.483,0,1,0
8499,Success,15826.9,-0.922,0,0,1
8500,Success,15829.37,-0.083,0,0,1
8501,Obstacle Collision,15830.91,-1.289,0,1,0
8502,Obstacle Collision,15833.04,-1.028,0,1,0
8503,Success,15835.78,-0.094,0,0,1
8504,Success,15838.28,-0.078,0,0,1
8505,Success,15839.83,-0.9,0,0,1
8506,Success,15840.83,-0.039,0,0,1
8507,Success,15842.68,-0.072,0,0,1
8508,Obstacle Collision,15844.66,-0.972,0,1,0
8509,Success,15846.05,-0.072,0,0,1
8510,Obstacle Collision,15849.22,-1.017,0,1,0
8511,Success,15851.37,-0.106,0,0,1
8512,Obstacle Collision,15852.94,-2.144,0,1,0
8513,Obstacle Collision,15856.0,-1.339,0,1,0
8514,Agent Collision,15858.16,-2.628,1,0,0
8515,Obstacle Collision,15860.52,-2.2,0,1,0
8516,Success,15862.92,-0.922,0,0,1
8517,Obstacle Collision,15863.9,-1.154,0,1,0
8518,Success,15865.29,-0.056,0,0,1
8519,Obstacle Collision,15866.74,-1.289,0,1,0
8520,Obstacle Collision,15869.21,-1.339,0,1,0
8521,Obstacle Collision,15870.04,-1.223,0,1,0
8522,Obstacle Collision,15871.58,-1.232,0,1,0
8523,Success,15872.89,-0.044,0,0,1
8524,Success,15874.61,-0.089,0,0,1
8525,Success,15877.27,-0.122,0,0,1
8526,Obstacle Collision,15878.35,-1.278,0,1,0
8527,Obstacle Collision,15878.79,-1.261,0,1,0
8528,Success,15879.7,-0.028,0,0,1
8529,Success,15883.29,-0.95,0,0,1
8530,Success,15884.45,-0.039,0,0,1
8531,Obstacle Collision,15886.69,-1.259,0,1,0
8532,Success,15888.87,-0.083,0,0,1
8533,Success,15890.04,-0.039,0,0,1
8534,Success,15891.53,-0.083,0,0,1
8535,Success,15893.18,-0.083,0,0,1
8536,Success,15894.02,-0.028,0,0,1
8537,Success,15896.37,-1.783,0,0,1
8538,Obstacle Collision,15898.11,-1.35,0,1,0
8539,Success,15901.39,-0.089,0,0,1
8540,Success,15903.5,-0.078,0,0,1
8541,Success,15906.45,-2.644,0,0,1
8542,Obstacle Collision,15910.43,-1.517,0,1,0
8543,Agent Collision,15911.93,-2.606,1,0,0
8544,Obstacle Collision,15912.84,-1.272,0,1,0
8545,Success,15914.96,-0.078,0,0,1
8546,Success,15916.7,-0.072,0,0,1
8547,Success,15918.45,-0.083,0,0,1
8548,Success,15920.27,-0.078,0,0,1
8549,Success,15921.42,-0.039,0,0,1
8550,Success,15923.38,-0.056,0,0,1
8551,Obstacle Collision,15924.69,-1.242,0,1,0
8552,Success,15926.35,-0.05,0,0,1
8553,Obstacle Collision,15927.98,-1.206,0,1,0
8554,Success,15929.25,-0.056,0,0,1
8555,Obstacle Collision,15930.75,-1.289,0,1,0
8556,Success,15932.23,-0.067,0,0,1
8557,Obstacle Collision,15935.31,-1.428,0,1,0
8558,Success,15936.54,-0.039,0,0,1
8559,Success,15938.76,-0.061,0,0,1
8560,Obstacle Collision,15939.69,-1.278,0,1,0
8561,Obstacle Collision,15940.54,-1.189,0,1,0
8562,Obstacle Collision,15942.56,-1.317,0,1,0
8563,Success,15943.95,-0.061,0,0,1
8564,Success,15944.8,-0.033,0,0,1
8565,Obstacle Collision,15946.64,-3.006,0,1,0
8566,Success,15948.83,-0.067,0,0,1
8567,Obstacle Collision,15949.49,-1.728,0,1,0
8568,Obstacle Collision,15950.34,-1.189,0,1,0
8569,Success,15952.3,-0.067,0,0,1
8570,Obstacle Collision,15954.31,-1.317,0,1,0
8571,Success,15955.54,-0.039,0,0,1
8572,Obstacle Collision,15956.92,-1.283,0,1,0
8573,Timeout,15964.52,-0.6,0,0,0
8574,Success,15966.47,-0.056,0,0,1
8575,Success,15967.71,-0.056,0,0,1
8576,Success,15969.59,-0.078,0,0,1
8577,Success,15973.33,-0.106,0,0,1
8578,Success,15976.36,-1.837,0,0,1
8579,Success,15978.98,-0.106,0,0,1
8580,Success,15981.15,-0.061,0,0,1
8581,Obstacle Collision,15982.54,-1.311,0,1,0
8582,Success,15984.27,-0.072,0,0,1
8583,Success,15986.64,-0.089,0,0,1
8584,Obstacle Collision,15988.03,-1.283,0,1,0
8585,Success,15991.68,-0.15,0,0,1
8586,Success,15993.29,-0.061,0,0,1
8587,Obstacle Collision,15994.29,-1.043,0,1,0
8588,Obstacle Collision,15996.91,-1.406,0,1,0
8589,Obstacle Collision,15997.59,-1.267,0,1,0
8590,Success,15999.01,-0.061,0,0,1
8591,Obstacle Collision,16000.48,-1.317,0,1,0
8592,Success,16002.92,-0.089,0,0,1
8593,Success,16004.11,-0.039,0,0,1
8594,Success,16005.38,-0.05,0,0,1
8595,Obstacle Collision,16007.34,-1.317,0,1,0
8596,Success,16008.68,-0.061,0,0,1
8597,Obstacle Collision,16010.05,-1.045,0,1,0
8598,Success,16011.66,-0.044,0,0,1
8599,Obstacle Collision,16015.71,-1.444,0,1,0
8600,Success,16017.89,-0.061,0,0,1
8601,Success,16019.74,-0.056,0,0,1
8602,Success,16022.18,-1.833,0,0,1
8603,Success,16024.51,-0.072,0,0,1
8604,Obstacle Collision,16025.14,-1.266,0,1,0
8605,Obstacle Collision,16025.99,-1.278,0,1,0
8606,Success,16027.31,-0.039,0,0,1
8607,Success,16031.02,-0.111,0,0,1
8608,Obstacle Collision,16033.73,-1.029,0,1,0
8609,Obstacle Collision,16035.84,-0.894,0,1,0
8610,Obstacle Collision,16038.75,-1.389,0,1,0
8611,Success,16042.36,-0.194,0,0,1
8612,Success,16044.54,-0.917,0,0,1
8613,Success,16046.48,-0.067,0,0,1
8614,Success,16049.03,-0.078,0,0,1
8615,Success,16050.35,-0.056,0,0,1
8616,Obstacle Collision,16053.65,-1.433,0,1,0
8617,Success,16055.43,-0.056,0,0,1
8618,Success,16057.53,-0.072,0,0,1
8619,Success,16058.91,-0.044,0,0,1
8620,Obstacle Collision,16060.43,-1.289,0,1,0
8621,Obstacle Collision,16061.23,-1.153,0,1,0
8622,Success,16063.41,-0.072,0,0,1
8623,Success,16064.79,-0.05,0,0,1
8624,Success,16067.78,-0.111,0,0,1
8625,Obstacle Collision,16068.96,-1.003,0,1,0
8626,Success,16070.59,-0.078,0,0,1
8627,Success,16071.97,-1.772,0,0,1
8628,Success,16073.75,-0.056,0,0,1
8629,Obstacle Collision,16074.79,-1.194,0,1,0
8630,Obstacle Collision,16076.17,-0.936,0,1,0
8631,Obstacle Collision,16077.27,-1.278,0,1,0
8632,Success,16081.34,-0.178,0,0,1
8633,Obstacle Collision,16083.27,-3.027,0,1,0
8634,Obstacle Collision,16084.67,-1.045,0,1,0
8635,Success,16086.07,-0.056,0,0,1
8636,Success,16088.27,-0.072,0,0,1
8637,Success,16089.35,-0.044,0,0,1
8638,Obstacle Collision,16090.42,-1.022,0,1,0
8639,Obstacle Collision,16092.69,-1.389,0,1,0
8640,Success,16094.39,-0.061,0,0,1
8641,Success,16095.47,-0.039,0,0,1
8642,Agent Collision,16098.11,-5.222,1,0,0
8643,Success,16100.03,-0.056,0,0,1
8644,Success,16101.79,-0.056,0,0,1
8645,Success,16102.62,-0.028,0,0,1
8646,Success,16103.6,-0.028,0,0,1
8647,Obstacle Collision,16106.43,-1.367,0,1,0
8648,Success,16110.9,-1.95,0,0,1
8649,Success,16112.77,-0.067,0,0,1
8650,Success,16114.66,-0.061,0,0,1
8651,Timeout,16121.06,-0.6,0,0,0
8652,Obstacle Collision,16124.56,-1.444,0,1,0
8653,Obstacle Collision,16125.22,-1.267,0,1,0
8654,Obstacle Collision,16125.88,-1.267,0,1,0
8655,Success,16127.9,-0.928,0,0,1
8656,Success,16129.31,-0.061,0,0,1
8657,Obstacle Collision,16130.91,-1.294,0,1,0
8658,Obstacle Collision,16132.86,-1.098,0,1,0
8659,Obstacle Collision,16135.44,-1.778,0,1,0
8660,Obstacle Collision,16136.29,-1.189,0,1,0
8661,Obstacle Collision,16138.24,-1.053,0,1,0
8662,Obstacle Collision,16138.67,-1.261,0,1,0
8663,Success,16141.56,-0.1,0,0,1
8664,Obstacle Collision,16144.2,-1.45,0,1,0
8665,Success,16146.61,-6.022,0,0,1
8666,Obstacle Collision,16147.64,-1.169,0,1,0
8667,Obstacle Collision,16150.73,-1.506,0,1,0
8668,Success,16153.82,-0.95,0,0,1
8669,Success,16157.02,-0.167,0,0,1
8670,Obstacle Collision,16158.44,-1.056,0,1,0
8671,Success,16160.86,-0.083,0,0,1
8672,Obstacle Collision,16161.53,-1.267,0,1,0
8673,Success,16163.48,-0.072,0,0,1
8674,Success,16165.11,-0.061,0,0,1
8675,Obstacle Collision,16166.59,-2.883,0,1,0
8676,Success,16168.81,-0.106,0,0,1
8677,Success,16170.35,-0.039,0,0,1
8678,Obstacle Collision,16171.7,-1.317,0,1,0
8679,Success,16173.44,-0.917,0,0,1
8680,Obstacle Collision,16174.95,-1.092,0,1,0
8681,Obstacle Collision,16177.18,-1.328,0,1,0
8682,Success,16178.73,-0.083,0,0,1
8683,Success,16181.04,-0.072,0,0,1
8684,Obstacle Collision,16184.61,-1.522,0,1,0
8685,Obstacle Collision,16186.7,-1.114,0,1,0
8686,Success,16188.35,-0.061,0,0,1
8687,Success,16189.98,-0.061,0,0,1
8688,Obstacle Collision,16191.12,-1.278,0,1,0
8689,Success,16193.12,-1.778,0,0,1
8690,Obstacle Collision,16195.58,-1.333,0,1,0
8691,Agent Collision,16196.34,-3.444,1,0,0
8692,Success,16199.17,-0.078,0,0,1
8693,Agent Collision,16201.83,-2.65,1,0,0
8694,Obstacle Collision,16202.7,-1.272,0,1,0
8695,Obstacle Collision,16204.36,-1.322,0,1,0
8696,Obstacle Collision,16207.89,-1.372,0,1,0
8697,Success,16210.73,-0.111,0,0,1
8698,Success,16213.08,-6.078,0,0,1
8699,Success,16215.58,-0.944,0,0,1
8700,Obstacle Collision,16217.97,-1.361,0,1,0
8701,Obstacle Collision,16219.8,-1.311,0,1,0
8702,Obstacle Collision,16220.7,-1.272,0,1,0
8703,Obstacle Collision,16222.61,-1.317,0,1,0
8704,Obstacle Collision,16223.29,-1.267,0,1,0
8705,Success,16224.78,-0.933,0,0,1
8706,Obstacle Collision,16225.21,-1.261,0,1,0
8707,Success,16226.98,-0.072,0,0,1
8708,Success,16228.39,-0.05,0,0,1
8709,Success,16230.59,-0.089,0,0,1
8710,Obstacle Collision,16232.35,-1.185,0,1,0
8711,Obstacle Collision,16233.49,-1.283,0,1,0
8712,Success,16234.48,-0.028,0,0,1
8713,Agent Collision,16235.32,-0.883,1,0,0
8714,Obstacle Collision,16238.18,-1.422,0,1,0
8715,Success,16239.94,-0.061,0,0,1
8716,Obstacle Collision,16240.39,-1.261,0,1,0
8717,Success,16242.23,-0.094,0,0,1
8718,Success,16244.66,-0.078,0,0,1
8719,Success,16247.64,-0.083,0,0,1
8720,Success,16250.45,-0.078,0,0,1
8721,Obstacle Collision,16250.86,-1.722,0,1,0
8722,Obstacle Collision,16252.82,-1.3,0,1,0
8723,Agent Collision,16255.8,-0.909,1,0,0
8724,Obstacle Collision,16256.92,-1.117,0,1,0
8725,Success,16258.62,-0.056,0,0,1
8726,Obstacle Collision,16259.33,-1.245,0,1,0
8727,Obstacle Collision,16260.0,-1.225,0,1,0
8728,Success,16262.79,-1.822,0,0,1
8729,Success,16264.37,-0.078,0,0,1
8730,Success,16266.83,-0.094,0,0,1
8731,Success,16270.6,-0.139,0,0,1
8732,Obstacle Collision,16271.23,-1.225,0,1,0
8733,Success,16272.29,-0.033,0,0,1
8734,Obstacle Collision,16274.08,-1.094,0,1,0
8735,Success,16275.59,-0.044,0,0,1
8736,Success,16278.51,-0.156,0,0,1
8737,Obstacle Collision,16279.63,-1.278,0,1,0
8738,Obstacle Collision,16280.5,-1.272,0,1,0
8739,Success,16282.45,-1.789,0,0,1
8740,Success,16284.86,-4.356,0,0,1
8741,Obstacle Collision,16288.68,-1.522,0,1,0
8742,Success,16290.31,-0.1,0,0,1
8743,Success,16293.52,-0.239,0,0,1
8744,Success,16294.44,-0.028,0,0,1
8745,Success,16295.28,-0.028,0,0,1
8746,Success,16296.45,-0.05,0,0,1
8747,Obstacle Collision,16297.68,-1.075,0,1,0
8748,Success,16300.53,-0.083,0,0,1
8749,Obstacle Collision,16302.92,-1.439,0,1,0
8750,Success,16304.56,-0.056,0,0,1
8751,Success,16306.02,-0.056,0,0,1
8752,Obstacle Collision,16307.09,-1.247,0,1,0
8753,Obstacle Collision,16309.5,-1.344,0,1,0
8754,Obstacle Collision,16312.86,-1.389,0,1,0
8755,Obstacle Collision,16314.51,-1.322,0,1,0
8756,Success,16316.87,-0.089,0,0,1
8757,Success,16319.31,-0.939,0,0,1
8758,Obstacle Collision,16320.37,-1.278,0,1,0
8759,Obstacle Collision,16321.85,-1.294,0,1,0
8760,Obstacle Collision,16323.28,-1.251,0,1,0
8761,Success,16324.6,-0.056,0,0,1
8762,Obstacle Collision,16326.5,-0.89,0,1,0
8763,Obstacle Collision,16327.12,-1.225,0,1,0
8764,Success,16329.13,-0.056,0,0,1
8765,Success,16330.88,-0.056,0,0,1
8766,Obstacle Collision,16331.32,-1.261,0,1,0
8767,Success,16332.61,-0.039,0,0,1
8768,Obstacle Collision,16334.04,-1.033,0,1,0
8769,Success,16335.35,-0.05,0,0,1
8770,Obstacle Collision,16336.5,-1.278,0,1,0
8771,Success,16338.12,-0.05,0,0,1
8772,Obstacle Collision,16340.34,-1.086,0,1,0
8773,Success,16342.27,-0.067,0,0,1
8774,Obstacle Collision,16344.49,-2.161,0,1,0
8775,Success,16346.72,-0.072,0,0,1
8776,Success,16348.79,-0.072,0,0,1
8777,Obstacle Collision,16349.88,-1.278,0,1,0
8778,Obstacle Collision,16350.88,-1.289,0,1,0
8779,Success,16352.17,-0.056,0,0,1
8780,Success,16354.54,-0.072,0,0,1
8781,Success,16355.38,-0.028,0,0,1
8782,Success,16357.55,-0.111,0,0,1
8783,Success,16359.41,-0.072,0,0,1
8784,Success,16361.58,-0.078,0,0,1
8785,Success,16362.65,-0.033,0,0,1
8786,Success,16365.15,-0.939,0,0,1
8787,Success,16369.09,-0.128,0,0,1
8788,Success,16370.94,-0.072,0,0,1
8789,Success,16372.66,-0.056,0,0,1
8790,Success,16375.8,-3.522,0,0,1
8791,Success,16378.45,-1.794,0,0,1
8792,Success,16381.44,-0.961,0,0,1
8793,Success,16383.31,-1.767,0,0,1
8794,Obstacle Collision,16385.56,-1.361,0,1,0
8795,Success,16387.28,-0.078,0,0,1
8796,Success,16388.83,-0.05,0,0,1
8797,Success,16390.15,-0.056,0,0,1
8798,Success,16392.19,-0.067,0,0,1
8799,Success,16393.02,-0.028,0,0,1
8800,Success,16395.8,-0.144,0,0,1
8801,Obstacle Collision,16397.2,-1.128,0,1,0
8802,Success,16399.7,-0.089,0,0,1
8803,Obstacle Collision,16401.79,-3.478,0,1,0
8804,Obstacle Collision,16403.45,-1.294,0,1,0
8805,Obstacle Collision,16405.24,-2.007,0,1,0
8806,Obstacle Collision,16407.84,-2.183,0,1,0
8807,Success,16409.39,-0.061,0,0,1
8808,Success,16411.82,-0.078,0,0,1
8809,Success,16414.32,-0.072,0,0,1
8810,Obstacle Collision,16415.56,-8.668,0,1,0
8811,Success,16418.34,-0.083,0,0,1
8812,Success,16419.96,-0.061,0,0,1
8813,Success,16422.95,-0.133,0,0,1
8814,Obstacle Collision,16423.85,-1.272,0,1,0
8815,Obstacle Collision,16424.82,-1.16,0,1,0
8816,Obstacle Collision,16426.82,-1.344,0,1,0
8817,Success,16429.39,-0.078,0,0,1
8818,Success,16431.87,-1.8,0,0,1
8819,Obstacle Collision,16434.32,-3.883,0,1,0
8820,Obstacle Collision,16434.99,-1.267,0,1,0
8821,Success,16438.23,-1.855,0,0,1
8822,Obstacle Collision,16440.77,-1.372,0,1,0
8823,Success,16444.42,-0.106,0,0,1
8824,Obstacle Collision,16445.53,-1.283,0,1,0
8825,Success,16446.54,-0.044,0,0,1
8826,Obstacle Collision,16447.94,-1.283,0,1,0
8827,Success,16449.89,-0.05,0,0,1
8828,Obstacle Collision,16450.76,-1.278,0,1,0
8829,Obstacle Collision,16452.28,-1.904,0,1,0
8830,Success,16453.73,-0.056,0,0,1
8831,Success,16455.72,-0.067,0,0,1
8832,Success,16458.6,-1.794,0,0,1
8833,Obstacle Collision,16460.05,-2.129,0,1,0
8834,Success,16462.3,-0.083,0,0,1
8835,Success,16464.24,-0.056,0,0,1
8836,Success,16465.93,-0.072,0,0,1
8837,Success,16467.7,-0.067,0,0,1
8838,Obstacle Collision,16468.97,-1.097,0,1,0
8839,Success,16471.06,-3.494,0,0,1
8840,Obstacle Collision,16471.66,-1.225,0,1,0
8841,Success,16473.21,-0.911,0,0,1
8842,Obstacle Collision,16474.59,-1.289,0,1,0
8843,Success,16477.51,-0.072,0,0,1
8844,Success,16479.15,-0.061,0,0,1
8845,Success,16481.26,-0.078,0,0,1
8846,Obstacle Collision,16482.52,-1.283,0,1,0
8847,Success,16484.01,-0.061,0,0,1
8848,Obstacle Collision,16485.28,-1.003,0,1,0
8849,Obstacle Collision,16487.36,-1.3,0,1,0
8850,Obstacle Collision,16488.0,-1.231,0,1,0
8851,Success,16488.68,-0.022,0,0,1
8852,Success,16489.9,-0.044,0,0,1
8853,Success,16493.28,-0.2,0,0,1
8854,Obstacle Collision,16495.31,-1.228,0,1,0
8855,Success,16498.28,-0.089,0,0,1
8856,Obstacle Collision,16499.83,-1.169,0,1,0
8857,Success,16500.43,-0.017,0,0,1
8858,Obstacle Collision,16502.19,-1.356,0,1,0
8859,Success,16503.93,-0.078,0,0,1
8860,Obstacle Collision,16504.82,-1.278,0,1,0
8861,Obstacle Collision,16507.45,-1.333,0,1,0
8862,Success,16510.48,-2.672,0,0,1
8863,Obstacle Collision,16511.72,-1.283,0,1,0
8864,Obstacle Collision,16512.87,-1.278,0,1,0
8865,Obstacle Collision,16514.0,-1.177,0,1,0
8866,Obstacle Collision,16515.03,-1.236,0,1,0
8867,Success,16516.59,-0.056,0,0,1
8868,Agent Collision,16518.31,-5.194,1,0,0
8869,Success,16519.86,-0.05,0,0,1
8870,Obstacle Collision,16520.76,-1.272,0,1,0
8871,Success,16521.98,-0.039,0,0,1
8872,Success,16523.59,-0.056,0,0,1
8873,Obstacle Collision,16524.81,-1.133,0,1,0
8874,Obstacle Collision,16526.17,-1.04,0,1,0
8875,Success,16528.66,-0.094,0,0,1
8876,Obstacle Collision,16529.32,-1.267,0,1,0
8877,Obstacle Collision,16531.26,-2.928,0,1,0
8878,Obstacle Collision,16531.93,-1.267,0,1,0
8879,Obstacle Collision,16533.12,-1.124,0,1,0
8880,Success,16535.13,-0.067,0,0,1
8881,Obstacle Collision,16539.6,-1.544,0,1,0
8882,Obstacle Collision,16542.1,-1.461,0,1,0
8883,Obstacle Collision,16542.97,-1.272,0,1,0
8884,Obstacle Collision,16543.38,-1.261,0,1,0
8885,Success,16545.57,-0.078,0,0,1
8886,Success,16546.96,-0.044,0,0,1
8887,Success,16548.44,-0.067,0,0,1
8888,Success,16549.44,-0.033,0,0,1
8889,Success,16551.55,-0.078,0,0,1
8890,Success,16553.89,-4.361,0,0,1
8891,Success,16555.93,-0.067,0,0,1
8892,Success,16558.13,-0.089,0,0,1
8893,Success,16559.62,-0.056,0,0,1
8894,Success,16561.65,-0.067,0,0,1
8895,Success,16562.65,-0.044,0,0,1
8896,Success,16564.91,-3.494,0,0,1
8897,Success,16567.62,-0.111,0,0,1
8898,Success,16570.1,-0.072,0,0,1
8899,Success,16573.24,-0.172,0,0,1
8900,Success,16576.37,-0.156,0,0,1
8901,Success,16578.16,-0.061,0,0,1
8902,Success,16579.0,-0.028,0,0,1
8903,Success,16581.89,-4.389,0,0,1
8904,Success,16584.09,-0.089,0,0,1
8905,Success,16588.07,-0.106,0,0,1
8906,Obstacle Collision,16590.14,-0.795,0,1,0
8907,Success,16593.5,-2.678,0,0,1
8908,Success,16595.53,-0.1,0,0,1
8909,Obstacle Collision,16597.77,-1.103,0,1,0
8910,Success,16599.31,-0.056,0,0,1
8911,Success,16600.55,-0.061,0,0,1
8912,Success,16602.08,-0.05,0,0,1
8913,Obstacle Collision,16605.56,-1.494,0,1,0
8914,Success,16607.38,-0.067,0,0,1
8915,Success,16609.42,-0.067,0,0,1
8916,Obstacle Collision,16610.81,-2.139,0,1,0
8917,Success,16612.67,-0.061,0,0,1
8918,Success,16613.58,-0.044,0,0,1
8919,Obstacle Collision,16614.92,-1.283,0,1,0
8920,Obstacle Collision,16615.66,-1.193,0,1,0
8921,Success,16617.86,-0.094,0,0,1
8922,Obstacle Collision,16619.73,-1.156,0,1,0
8923,Obstacle Collision,16620.51,-1.272,0,1,0
8924,Obstacle Collision,16621.64,-1.317,0,1,0
8925,Success,16623.12,-0.056,0,0,1
8926,Obstacle Collision,16624.24,-1.3,0,1,0
8927,Success,16625.94,-0.072,0,0,1
8928,Obstacle Collision,16627.13,-1.283,0,1,0
8929,Agent Collision,16628.62,-0.894,1,0,0
8930,Success,16630.1,-0.039,0,0,1
8931,Obstacle Collision,16630.54,-1.261,0,1,0
8932,Obstacle Collision,16637.11,-1.8,0,1,0
8933,Success,16638.32,-0.033,0,0,1
8934,Obstacle Collision,16639.96,-2.617,0,1,0
8935,Success,16641.82,-0.083,0,0,1
8936,Obstacle Collision,16643.89,-0.937,0,1,0
8937,Obstacle Collision,16645.02,-1.278,0,1,0
8938,Obstacle Collision,16646.16,-1.294,0,1,0
8939,Success,16649.41,-1.822,0,0,1
8940,Success,16651.17,-0.072,0,0,1
8941,Obstacle Collision,16653.18,-1.406,0,1,0
8942,Obstacle Collision,16655.14,-1.175,0,1,0
8943,Agent Collision,16657.4,-2.639,1,0,0
8944,Success,16659.11,-0.072,0,0,1
8945,Obstacle Collision,16659.65,-1.239,0,1,0
8946,Success,16661.9,-0.072,0,0,1
8947,Obstacle Collision,16663.24,-1.289,0,1,0
8948,Success,16666.37,-0.944,0,0,1
8949,Success,16668.41,-0.933,0,0,1
8950,Success,16669.64,-0.039,0,0,1
8951,Success,16672.13,-0.072,0,0,1
8952,Obstacle Collision,16673.89,-1.278,0,1,0
8953,Success,16675.98,-0.067,0,0,1
8954,Success,16677.14,-0.039,0,0,1
8955,Success,16679.46,-0.078,0,0,1
8956,Success,16681.88,-0.089,0,0,1
8957,Obstacle Collision,16683.04,-1.23,0,1,0
8958,Obstacle Collision,16683.79,-1.189,0,1,0
8959,Success,16684.56,-0.028,0,0,1
8960,Success,16686.43,-0.067,0,0,1
8961,Obstacle Collision,16688.31,-1.3,0,1,0
8962,Success,16690.77,-0.089,0,0,1
8963,Success,16692.31,-0.044,0,0,1
8964,Success,16693.52,-0.039,0,0,1
8965,Obstacle Collision,16698.64,-1.628,0,1,0
8966,Obstacle Collision,16699.32,-1.267,0,1,0
8967,Success,16701.88,-0.083,0,0,1
8968,Success,16703.27,-1.756,0,0,1
8969,Success,16705.6,-0.122,0,0,1
8970,Success,16706.76,-0.033,0,0,1
8971,Obstacle Collision,16709.11,-0.766,0,1,0
8972,Obstacle Collision,16711.07,-1.3,0,1,0
8973,Success,16712.46,-0.039,0,0,1
8974,Success,16714.82,-0.072,0,0,1
8975,Obstacle Collision,16716.05,-1.039,0,1,0
8976,Success,16716.9,-0.028,0,0,1
8977,Success,16718.63,-0.078,0,0,1
8978,Success,16721.5,-0.939,0,0,1
8979,Obstacle Collision,16721.94,-1.261,0,1,0
8980,Success,16724.73,-3.544,0,0,1
8981,Success,16725.9,-0.056,0,0,1
8982,Obstacle Collision,16727.06,-1.169,0,1,0
8983,Success,16731.31,-7.867,0,0,1
8984,Success,16733.11,-0.089,0,0,1
8985,Obstacle Collision,16735.72,-1.328,0,1,0
8986,Success,16736.93,-0.039,0,0,1
8987,Success,16738.92,-0.05,0,0,1
8988,Success,16741.0,-0.072,0,0,1
8989,Obstacle Collision,16742.57,-1.253,0,1,0
8990,Obstacle Collision,16744.12,-1.3,0,1,0
8991,Obstacle Collision,16745.24,-1.278,0,1,0
8992,Success,16746.47,-0.039,0,0,1
8993,Obstacle Collision,16747.83,-1.294,0,1,0
8994,Success,16750.55,-0.972,0,0,1
8995,Success,16751.85,-0.056,0,0,1
8996,Obstacle Collision,16752.5,-1.267,0,1,0
8997,Success,16753.87,-0.05,0,0,1
8998,Success,16755.89,-0.1,0,0,1
8999,Success,16759.09,-0.1,0,0,1
9000,Success,16761.95,-1.806,0,0,1
9001,Obstacle Collision,16764.17,-0.965,0,1,0
9002,Success,16767.16,-4.317,0,0,1
9003,Obstacle Collision,16768.54,-1.283,0,1,0
9004,Obstacle Collision,16770.77,-1.406,0,1,0
9005,Obstacle Collision,16773.08,-5.953,0,1,0
9006,Obstacle Collision,16773.69,-1.225,0,1,0
9007,Success,16774.76,-1.756,0,0,1
9008,Obstacle Collision,16777.28,-1.261,0,1,0
9009,Obstacle Collision,16778.64,-1.122,0,1,0
9010,Obstacle Collision,16781.21,-3.056,0,1,0
9011,Obstacle Collision,16781.88,-1.267,0,1,0
9012,Success,16784.4,-0.072,0,0,1
9013,Success,16785.38,-0.033,0,0,1
9014,Obstacle Collision,16786.38,-1.153,0,1,0
9015,Obstacle Collision,16787.59,-1.137,0,1,0
9016,Success,16790.59,-0.106,0,0,1
9017,Success,16791.8,-0.039,0,0,1
9018,Obstacle Collision,16793.53,-1.322,0,1,0
9019,Obstacle Collision,16794.2,-1.267,0,1,0
9020,Obstacle Collision,16794.91,-1.231,0,1,0
9021,Success,16796.44,-0.05,0,0,1
9022,Obstacle Collision,16801.31,-1.539,0,1,0
9023,Success,16803.65,-0.083,0,0,1
9024,Obstacle Collision,16804.73,-1.194,0,1,0
9025,Obstacle Collision,16806.95,-1.378,0,1,0
9026,Success,16810.15,-0.117,0,0,1
9027,Obstacle Collision,16814.57,-1.444,0,1,0
9028,Success,16815.0,-0.017,0,0,1
9029,Obstacle Collision,16815.61,-1.225,0,1,0
9030,Success,16818.25,-0.094,0,0,1
9031,Success,16819.39,-0.039,0,0,1
9032,Success,16820.98,-0.072,0,0,1
9033,Obstacle Collision,16822.43,-1.311,0,1,0
9034,Success,16824.05,-1.772,0,0,1
9035,Obstacle Collision,16825.07,-1.278,0,1,0
9036,Success,16827.87,-0.089,0,0,1
9037,Success,16829.26,-0.061,0,0,1
9038,Obstacle Collision,16829.7,-2.972,0,1,0
9039,Obstacle Collision,16830.79,-1.259,0,1,0
9040,Obstacle Collision,16832.77,-1.08,0,1,0
9041,Obstacle Collision,16834.68,-1.3,0,1,0
9042,Success,16836.16,-0.05,0,0,1
9043,Obstacle Collision,16837.68,-1.231,0,1,0
9044,Obstacle Collision,16840.76,-1.378,0,1,0
9045,Success,16842.62,-0.061,0,0,1
9046,Success,16844.32,-0.05,0,0,1
9047,Success,16847.07,-0.094,0,0,1
9048,Obstacle Collision,16848.24,-1.283,0,1,0
9049,Obstacle Collision,16848.87,-1.267,0,1,0
9050,Success,16851.16,-0.067,0,0,1
9051,Obstacle Collision,16852.6,-3.461,0,1,0
9052,Success,16854.3,-0.061,0,0,1
9053,Obstacle Collision,16856.25,-1.174,0,1,0
9054,Success,16857.88,-0.083,0,0,1
9055,Success,16860.96,-0.967,0,0,1
9056,Obstacle Collision,16862.69,-1.192,0,1,0
9057,Obstacle Collision,16863.83,-2.144,0,1,0
9058,Success,16865.79,-0.078,0,0,1
9059,Success,16867.56,-0.067,0,0,1
9060,Success,16868.79,-0.05,0,0,1
9061,Success,16870.45,-0.089,0,0,1
9062,Success,16871.85,-0.9,0,0,1
9063,Success,16873.8,-0.078,0,0,1
9064,Success,16875.59,-0.05,0,0,1
9065,Success,16876.77,-0.061,0,0,1
9066,Obstacle Collision,16878.24,-1.3,0,1,0
9067,Success,16880.71,-0.083,0,0,1
9068,Obstacle Collision,16888.33,-3.556,0,1,0
9069,Obstacle Collision,16889.41,-1.249,0,1,0
9070,Success,16890.56,-0.044,0,0,1
9071,Obstacle Collision,16892.16,-1.3,0,1,0
9072,Success,16894.45,-0.067,0,0,1
9073,Obstacle Collision,16896.42,-2.178,0,1,0
9074,Success,16898.15,-0.067,0,0,1
9075,Obstacle Collision,16903.27,-1.656,0,1,0
9076,Success,16904.9,-0.044,0,0,1
9077,Success,16906.46,-0.044,0,0,1
9078,Success,16908.47,-0.094,0,0,1
9079,Success,16910.81,-0.072,0,0,1
9080,Success,16913.42,-0.122,0,0,1
9081,Success,16914.8,-0.05,0,0,1
9082,Success,16916.68,-0.072,0,0,1
9083,Obstacle Collision,16918.31,-1.25,0,1,0
9084,Agent Collision,16919.75,-6.033,1,0,0
9085,Obstacle Collision,16920.98,-1.246,0,1,0
9086,Obstacle Collision,16923.31,-1.317,0,1,0
9087,Success,16924.95,-0.056,0,0,1
9088,Success,16926.43,-0.044,0,0,1
9089,Obstacle Collision,16927.87,-1.057,0,1,0
9090,Obstacle Collision,16930.22,-1.417,0,1,0
9091,Success,16932.52,-0.078,0,0,1
9092,Obstacle Collision,16935.5,-1.356,0,1,0
9093,Success,16938.24,-0.167,0,0,1
9094,Obstacle Collision,16938.85,-1.228,0,1,0
9095,Obstacle Collision,16939.28,-1.261,0,1,0
9096,Success,16941.29,-0.056,0,0,1
9097,Success,16943.33,-1.778,0,0,1
9098,Success,16944.08,-0.033,0,0,1
9099,Success,16946.25,-0.922,0,0,1
9100,Obstacle Collision,16946.93,-1.272,0,1,0
9101,Success,16948.45,-0.067,0,0,1
9102,Agent Collision,16951.07,-5.244,1,0,0
9103,Success,16951.97,-0.039,0,0,1
9104,Success,16953.19,-0.05,0,0,1
9105,Success,16954.43,-0.039,0,0,1
9106,Success,16955.84,-0.067,0,0,1
9107,Obstacle Collision,16957.41,-1.061,0,1,0
9108,Obstacle Collision,16959.99,-3.056,0,1,0
9109,Success,16962.83,-0.089,0,0,1
9110,Success,16965.29,-0.1,0,0,1
9111,Success,16966.03,-0.022,0,0,1
9112,Success,16968.19,-2.633,0,0,1
9113,Obstacle Collision,16968.68,-1.218,0,1,0
9114,Obstacle Collision,16969.56,-1.272,0,1,0
9115,Obstacle Collision,16971.97,-0.953,0,1,0
9116,Obstacle Collision,16977.9,-1.644,0,1,0
9117,Success,16980.52,-5.211,0,0,1
9118,Obstacle Collision,16980.96,-1.261,0,1,0
9119,Obstacle Collision,16981.4,-1.283,0,1,0
9120,Success,16983.23,-0.922,0,0,1
9121,Obstacle Collision,16985.76,-1.259,0,1,0
9122,Success,16987.6,-0.056,0,0,1
9123,Obstacle Collision,16988.03,-1.261,0,1,0
9124,Success,16989.73,-0.061,0,0,1
9125,Obstacle Collision,16993.41,-2.837,0,1,0
9126,Obstacle Collision,16996.3,-1.328,0,1,0
9127,Success,16998.48,-0.917,0,0,1
9128,Success,16999.77,-0.05,0,0,1
9129,Obstacle Collision,17001.36,-1.289,0,1,0
9130,Success,17003.71,-0.106,0,0,1
9131,Success,17006.06,-0.072,0,0,1
9132,Success,17008.32,-3.517,0,0,1
9133,Obstacle Collision,17011.23,-1.439,0,1,0
9134,Obstacle Collision,17014.75,-1.483,0,1,0
9135,Success,17016.43,-0.072,0,0,1
9136,Success,17018.92,-0.072,0,0,1
9137,Success,17021.03,-0.089,0,0,1
9138,Obstacle Collision,17023.55,-1.322,0,1,0
9139,Agent Collision,17026.12,-12.917,1,0,0
9140,Obstacle Collision,17026.74,-1.225,0,1,0
9141,Success,17028.54,-0.072,0,0,1
9142,Success,17030.52,-1.772,0,0,1
9143,Success,17033.46,-0.072,0,0,1
9144,Success,17035.92,-0.083,0,0,1
9145,Success,17038.01,-0.072,0,0,1
9146,Success,17040.12,-0.1,0,0,1
9147,Success,17042.45,-0.083,0,0,1
9148,Success,17044.9,-0.15,0,0,1
9149,Success,17045.99,-0.039,0,0,1
9150,Success,17047.3,-0.039,0,0,1
9151,Obstacle Collision,17048.97,-1.133,0,1,0
9152,Success,17051.33,-0.061,0,0,1
9153,Success,17054.14,-0.117,0,0,1
9154,Success,17056.55,-0.078,0,0,1
9155,Obstacle Collision,17057.21,-1.267,0,1,0
9156,Obstacle Collision,17058.05,-1.273,0,1,0
9157,Success,17060.23,-0.083,0,0,1
9158,Obstacle Collision,17061.02,-1.272,0,1,0
9159,Success,17062.43,-0.072,0,0,1
9160,Success,17063.66,-0.039,0,0,1
9161,Obstacle Collision,17064.01,-1.219,0,1,0
9162,Obstacle Collision,17064.87,-1.111,0,1,0
9163,Success,17067.29,-0.944,0,0,1
9164,Success,17069.25,-0.072,0,0,1
9165,Success,17071.65,-0.067,0,0,1
9166,Obstacle Collision,17075.28,-1.461,0,1,0
9167,Success,17077.22,-0.056,0,0,1
9168,Success,17079.5,-0.089,0,0,1
9169,Success,17082.38,-0.089,0,0,1
9170,Obstacle Collision,17083.72,-1.306,0,1,0
9171,Success,17085.53,-0.106,0,0,1
9172,Success,17087.33,-0.067,0,0,1
9173,Success,17089.28,-0.078,0,0,1
9174,Obstacle Collision,17091.86,-2.016,0,1,0
9175,Success,17094.48,-0.078,0,0,1
9176,Obstacle Collision,17096.63,-2.737,0,1,0
9177,Obstacle Collision,17098.05,-1.317,0,1,0
9178,Obstacle Collision,17099.3,-1.75,0,1,0
9179,Success,17100.3,-0.033,0,0,1
9180,Success,17101.94,-0.056,0,0,1
9181,Success,17104.16,-0.078,0,0,1
9182,Success,17106.95,-0.083,0,0,1
9183,Obstacle Collision,17108.81,-1.294,0,1,0
9184,Obstacle Collision,17109.57,-1.278,0,1,0
9185,Success,17112.98,-0.133,0,0,1
9186,Success,17115.74,-0.094,0,0,1
9187,Success,17118.24,-0.139,0,0,1
9188,Obstacle Collision,17120.53,-1.192,0,1,0
9189,Success,17122.09,-0.044,0,0,1
9190,Obstacle Collision,17123.72,-1.294,0,1,0
9191,Success,17125.11,-1.767,0,0,1
9192,Success,17127.05,-0.067,0,0,1
9193,Obstacle Collision,17127.96,-1.272,0,1,0
9194,Success,17129.68,-0.056,0,0,1
9195,Obstacle Collision,17130.12,-1.261,0,1,0
9196,Success,17132.88,-0.089,0,0,1
9197,Success,17135.37,-0.072,0,0,1
9198,Obstacle Collision,17136.82,-0.874,0,1,0
9199,Obstacle Collision,17138.45,-2.144,0,1,0
9200,Obstacle Collision,17138.88,-1.261,0,1,0
9201,Obstacle Collision,17140.26,-1.283,0,1,0
9202,Obstacle Collision,17140.9,-1.289,0,1,0
9203,Success,17142.57,-0.078,0,0,1
9204,Obstacle Collision,17143.5,-1.283,0,1,0
9205,Success,17146.01,-0.111,0,0,1
9206,Success,17147.82,-0.061,0,0,1
9207,Success,17149.56,-0.056,0,0,1
9208,Obstacle Collision,17151.89,-1.306,0,1,0
9209,Obstacle Collision,17153.43,-1.206,0,1,0
9210,Success,17155.54,-0.067,0,0,1
9211,Success,17157.11,-0.056,0,0,1
9212,Obstacle Collision,17161.35,-1.433,0,1,0
9213,Success,17162.86,-0.111,0,0,1
9214,Success,17166.03,-0.95,0,0,1
9215,Success,17167.24,-0.033,0,0,1
9216,Success,17167.91,-0.022,0,0,1
9217,Success,17170.3,-2.644,0,0,1
9218,Success,17172.42,-0.094,0,0,1
9219,Success,17174.54,-0.089,0,0,1
9220,Success,17176.73,-0.083,0,0,1
9221,Obstacle Collision,17177.92,-1.217,0,1,0
9222,Obstacle Collision,17178.54,-1.267,0,1,0
9223,Obstacle Collision,17179.7,-1.039,0,1,0
9224,Obstacle Collision,17181.84,-1.4,0,1,0
9225,Obstacle Collision,17183.45,-1.289,0,1,0
9226,Success,17186.29,-0.133,0,0,1
9227,Success,17188.2,-0.067,0,0,1
9228,Obstacle Collision,17188.83,-1.267,0,1,0
9229,Obstacle Collision,17190.45,-1.289,0,1,0
9230,Success,17192.32,-0.061,0,0,1
9231,Obstacle Collision,17192.99,-1.267,0,1,0
9232,Agent Collision,17195.08,-1.772,1,0,0
9233,Obstacle Collision,17196.46,-1.046,0,1,0
9234,Obstacle Collision,17197.97,-1.294,0,1,0
9235,Obstacle Collision,17200.1,-1.35,0,1,0
9236,Obstacle Collision,17201.09,-1.013,0,1,0
9237,Success,17203.01,-0.067,0,0,1
9238,Success,17204.97,-0.061,0,0,1
9239,Obstacle Collision,17206.23,-0.931,0,1,0
9240,Success,17206.76,-0.022,0,0,1
9241,Obstacle Collision,17207.39,-2.122,0,1,0
9242,Success,17208.64,-0.044,0,0,1
9243,Success,17209.48,-0.033,0,0,1
9244,Obstacle Collision,17210.16,-2.978,0,1,0
9245,Success,17213.15,-0.95,0,0,1
9246,Obstacle Collision,17215.02,-1.097,0,1,0
9247,Obstacle Collision,17216.75,-1.241,0,1,0
9248,Obstacle Collision,17218.24,-1.294,0,1,0
9249,Success,17221.45,-1.844,0,0,1
9250,Success,17222.28,-0.028,0,0,1
9251,Success,17223.86,-0.061,0,0,1
9252,Success,17226.35,-0.094,0,0,1
9253,Success,17229.31,-0.078,0,0,1
9254,Obstacle Collision,17230.32,-1.116,0,1,0
9255,Success,17233.56,-0.1,0,0,1
9256,Obstacle Collision,17235.17,-1.263,0,1,0
9257,Success,17235.93,-0.028,0,0,1
9258,Success,17237.02,-1.75,0,0,1
9259,Obstacle Collision,17238.82,-4.322,0,1,0
9260,Success,17240.62,-0.072,0,0,1
9261,Success,17242.24,-0.05,0,0,1
9262,Success,17243.48,-0.044,0,0,1
9263,Success,17245.2,-0.056,0,0,1
9264,Success,17246.89,-0.056,0,0,1
9265,Agent Collision,17247.72,-5.167,1,0,0
9266,Success,17249.91,-0.094,0,0,1
9267,Success,17250.42,-0.017,0,0,1
9268,Success,17253.87,-0.106,0,0,1
9269,Obstacle Collision,17254.88,-2.989,0,1,0
9270,Success,17257.51,-0.083,0,0,1
9271,Success,17259.04,-0.044,0,0,1
9272,Obstacle Collision,17260.85,-3.817,0,1,0
9273,Obstacle Collision,17261.53,-1.289,0,1,0
9274,Obstacle Collision,17262.69,-1.003,0,1,0
9275,Agent Collision,17264.46,-6.083,1,0,0
9276,Success,17266.56,-0.061,0,0,1
9277,Success,17268.99,-1.778,0,0,1
9278,Success,17270.66,-0.061,0,0,1
9279,Obstacle Collision,17271.65,-1.177,0,1,0
9280,Obstacle Collision,17272.49,-2.114,0,1,0
9281,Success,17275.05,-1.794,0,0,1
9282,Success,17276.46,-0.067,0,0,1
9283,Success,17279.6,-0.1,0,0,1
9284,Obstacle Collision,17280.52,-1.272,0,1,0
9285,Success,17281.67,-0.033,0,0,1
9286,Obstacle Collision,17282.57,-1.272,0,1,0
9287,Success,17283.89,-0.044,0,0,1
9288,Success,17285.38,-0.061,0,0,1
9289,Success,17286.77,-0.044,0,0,1
9290,Success,17288.15,-0.067,0,0,1
9291,Obstacle Collision,17292.35,-1.422,0,1,0
9292,Obstacle Collision,17295.27,-1.428,0,1,0
9293,Success,17297.07,-0.072,0,0,1
9294,Success,17300.83,-0.2,0,0,1
9295,Obstacle Collision,17302.11,-1.164,0,1,0
9296,Obstacle Collision,17303.37,-1.283,0,1,0
9297,Success,17305.19,-0.056,0,0,1
9298,Success,17306.92,-2.628,0,0,1
9299,Success,17308.97,-0.056,0,0,1
9300,Obstacle Collision,17310.59,-1.203,0,1,0
9301,Success,17312.75,-0.067,0,0,1
9302,Agent Collision,17315.78,-2.683,1,0,0
9303,Obstacle Collision,17317.38,-1.211,0,1,0
9304,Success,17320.54,-0.1,0,0,1
9305,Success,17322.59,-0.078,0,0,1
9306,Success,17325.48,-0.089,0,0,1
9307,Success,17327.57,-0.067,0,0,1
9308,Obstacle Collision,17329.9,-1.306,0,1,0
9309,Obstacle Collision,17331.81,-1.247,0,1,0
9310,Success,17334.87,-0.978,0,0,1
9311,Success,17336.5,-0.05,0,0,1
9312,Success,17338.77,-0.089,0,0,1
9313,Success,17340.96,-3.494,0,0,1
9314,Obstacle Collision,17341.64,-1.267,0,1,0
9315,Obstacle Collision,17342.62,-1.221,0,1,0
9316,Success,17344.43,-0.061,0,0,1
9317,Obstacle Collision,17346.93,-4.75,0,1,0
9318,Obstacle Collision,17347.6,-1.267,0,1,0
9319,Obstacle Collision,17349.5,-1.3,0,1,0
9320,Success,17351.39,-0.078,0,0,1
9321,Success,17354.17,-0.078,0,0,1
9322,Success,17356.64,-0.072,0,0,1
9323,Success,17358.79,-0.083,0,0,1
9324,Success,17359.68,-0.028,0,0,1
9325,Success,17362.03,-0.067,0,0,1
9326,Success,17364.59,-0.1,0,0,1
9327,Success,17367.52,-1.8,0,0,1
9328,Success,17371.31,-0.994,0,0,1
9329,Success,17373.6,-0.072,0,0,1
9330,Success,17374.66,-0.044,0,0,1
9331,Success,17377.0,-0.072,0,0,1
9332,Success,17378.8,-0.067,0,0,1
9333,Success,17380.66,-0.05,0,0,1
9334,Obstacle Collision,17381.34,-1.267,0,1,0
9335,Obstacle Collision,17382.67,-1.122,0,1,0
9336,Success,17384.85,-0.083,0,0,1
9337,Obstacle Collision,17386.4,-0.895,0,1,0
9338,Obstacle Collision,17387.16,-1.189,0,1,0
9339,Obstacle Collision,17388.29,-1.278,0,1,0
9340,Success,17389.85,-0.089,0,0,1
9341,Success,17391.76,-0.061,0,0,1
9342,Success,17395.49,-0.206,0,0,1
9343,Obstacle Collision,17396.41,-1.278,0,1,0
9344,Obstacle Collision,17397.8,-1.289,0,1,0
9345,Obstacle Collision,17398.47,-1.267,0,1,0
9346,Obstacle Collision,17399.15,-1.267,0,1,0
9347,Success,17400.21,-0.889,0,0,1
9348,Obstacle Collision,17400.88,-1.267,0,1,0
9349,Obstacle Collision,17404.09,-2.675,0,1,0
9350,Success,17406.45,-0.928,0,0,1
9351,Success,17408.8,-1.806,0,0,1
9352,Success,17410.91,-0.061,0,0,1
9353,Obstacle Collision,17411.55,-1.267,0,1,0
9354,Success,17412.86,-0.039,0,0,1
9355,Success,17415.55,-0.117,0,0,1
9356,Success,17417.01,-0.061,0,0,1
9357,Success,17418.17,-0.056,0,0,1
9358,Obstacle Collision,17422.19,-1.539,0,1,0
9359,Obstacle Collision,17423.44,-1.294,0,1,0
9360,Obstacle Collision,17424.22,-1.272,0,1,0
9361,Success,17427.2,-0.089,0,0,1
9362,Obstacle Collision,17428.55,-1.283,0,1,0
9363,Success,17431.07,-0.072,0,0,1
9364,Success,17433.29,-0.1,0,0,1
9365,Success,17435.02,-0.05,0,0,1
9366,Success,17437.14,-0.061,0,0,1
9367,Success,17439.72,-2.633,0,0,1
9368,Obstacle Collision,17441.39,-1.217,0,1,0
9369,Obstacle Collision,17445.45,-1.533,0,1,0
9370,Success,17447.34,-1.783,0,0,1
9371,Success,17449.02,-0.061,0,0,1
9372,Success,17451.42,-0.094,0,0,1
9373,Success,17452.71,-0.05,0,0,1
9374,Success,17454.49,-0.928,0,0,1
9375,Success,17457.86,-0.106,0,0,1
9376,Success,17458.94,-0.039,0,0,1
9377,Obstacle Collision,17461.58,-2.172,0,1,0
9378,Obstacle Collision,17462.83,-2.144,0,1,0
9379,Success,17464.21,-0.039,0,0,1
9380,Obstacle Collision,17467.06,-2.515,0,1,0
9381,Obstacle Collision,17468.13,-1.219,0,1,0
9382,Obstacle Collision,17469.82,-1.339,0,1,0
9383,Success,17471.53,-0.056,0,0,1
9384,Obstacle Collision,17473.95,-1.063,0,1,0
9385,Obstacle Collision,17474.38,-1.261,0,1,0
9386,Success,17476.15,-0.061,0,0,1
9387,Success,17477.76,-0.078,0,0,1
9388,Obstacle Collision,17479.61,-3.022,0,1,0
9389,Obstacle Collision,17480.57,-4.641,0,1,0
9390,Success,17481.71,-0.039,0,0,1
9391,Success,17483.79,-0.106,0,0,1
9392,Obstacle Collision,17484.86,-1.283,0,1,0
9393,Obstacle Collision,17485.29,-1.261,0,1,0
9394,Success,17487.38,-0.072,0,0,1
9395,Obstacle Collision,17488.98,-1.344,0,1,0
9396,Obstacle Collision,17492.46,-1.428,0,1,0
9397,Success,17494.15,-0.056,0,0,1
9398,Success,17496.2,-0.061,0,0,1
9399,Obstacle Collision,17497.03,-4.694,0,1,0
9400,Obstacle Collision,17498.62,-1.289,0,1,0
9401,Obstacle Collision,17499.97,-1.206,0,1,0
9402,Obstacle Collision,17501.73,-1.226,0,1,0
9403,Success,17504.78,-0.1,0,0,1
9404,Success,17506.47,-0.083,0,0,1
9405,Success,17509.32,-0.094,0,0,1
9406,Success,17510.63,-0.05,0,0,1
9407,Obstacle Collision,17512.25,-1.294,0,1,0
9408,Obstacle Collision,17513.84,-1.35,0,1,0
9409,Obstacle Collision,17515.51,-0.967,0,1,0
9410,Success,17517.21,-0.067,0,0,1
9411,Success,17519.33,-0.089,0,0,1
9412,Obstacle Collision,17520.9,-1.092,0,1,0
9413,Success,17523.14,-0.061,0,0,1
9414,Success,17525.51,-1.772,0,0,1
9415,Success,17529.34,-0.117,0,0,1
9416,Obstacle Collision,17530.56,-1.061,0,1,0
9417,Success,17532.55,-0.906,0,0,1
9418,Obstacle Collision,17534.15,-1.045,0,1,0
9419,Success,17537.36,-0.094,0,0,1
9420,Success,17538.98,-0.056,0,0,1
9421,Success,17540.05,-0.039,0,0,1
9422,Success,17540.89,-0.028,0,0,1
9423,Success,17543.39,-0.078,0,0,1
9424,Success,17545.5,-0.089,0,0,1
9425,Agent Collision,17547.51,-7.778,1,0,0
9426,Obstacle Collision,17548.75,-1.117,0,1,0
9427,Obstacle Collision,17550.19,-1.084,0,1,0
9428,Success,17552.12,-0.067,0,0,1
9429,Obstacle Collision,17554.0,-1.311,0,1,0
9430,Success,17555.47,-0.044,0,0,1
9431,Success,17557.36,-0.061,0,0,1
9432,Success,17559.95,-0.089,0,0,1
9433,Success,17562.37,-0.078,0,0,1
9434,Obstacle Collision,17564.39,-1.4,0,1,0
9435,Success,17565.47,-0.039,0,0,1
9436,Obstacle Collision,17566.63,-2.133,0,1,0
9437,Success,17569.48,-0.956,0,0,1
9438,Success,17571.96,-2.656,0,0,1
9439,Obstacle Collision,17572.86,-1.272,0,1,0
9440,Success,17574.32,-2.617,0,0,1
9441,Success,17575.55,-0.05,0,0,1
9442,Success,17577.1,-0.056,0,0,1
9443,Obstacle Collision,17578.95,-1.306,0,1,0
9444,Success,17580.44,-0.056,0,0,1
9445,Success,17583.11,-0.944,0,0,1
9446,Obstacle Collision,17583.77,-1.267,0,1,0
9447,Success,17585.15,-0.056,0,0,1
9448,Obstacle Collision,17587.35,-1.322,0,1,0
9449,Success,17590.23,-3.561,0,0,1
9450,Success,17591.22,-0.039,0,0,1
9451,Success,17594.33,-0.156,0,0,1
9452,Success,17596.06,-0.094,0,0,1
9453,Obstacle Collision,17596.74,-1.267,0,1,0
9454,Success,17598.86,-0.939,0,0,1
9455,Success,17601.7,-0.089,0,0,1
9456,Obstacle Collision,17602.75,-2.133,0,1,0
9457,Success,17604.41,-0.044,0,0,1
9458,Obstacle Collision,17605.27,-1.272,0,1,0
9459,Obstacle Collision,17607.14,-0.96,0,1,0
9460,Obstacle Collision,17609.78,-0.911,0,1,0
9461,Success,17611.26,-0.05,0,0,1
9462,Success,17612.89,-0.061,0,0,1
9463,Success,17615.27,-0.961,0,0,1
9464,Obstacle Collision,17615.93,-1.225,0,1,0
9465,Timeout,17624.37,-0.6,0,0,0
9466,Success,17625.68,-0.044,0,0,1
9467,Obstacle Collision,17626.88,-1.283,0,1,0
9468,Success,17629.16,-0.106,0,0,1
9469,Obstacle Collision,17630.13,-1.153,0,1,0
9470,Success,17632.35,-0.089,0,0,1
9471,Obstacle Collision,17636.92,-1.467,0,1,0
9472,Success,17638.01,-0.894,0,0,1
9473,Success,17641.11,-0.083,0,0,1
9474,Success,17643.68,-0.083,0,0,1
9475,Success,17645.07,-0.05,0,0,1
9476,Success,17646.69,-0.05,0,0,1
9477,Success,17648.71,-0.072,0,0,1
9478,Success,17649.93,-0.039,0,0,1
9479,Success,17653.15,-0.089,0,0,1
9480,Success,17655.78,-0.089,0,0,1
9481,Success,17657.64,-0.061,0,0,1
9482,Obstacle Collision,17659.43,-1.322,0,1,0
9483,Obstacle Collision,17660.75,-1.283,0,1,0
9484,Success,17663.41,-0.083,0,0,1
9485,Success,17665.52,-0.078,0,0,1
9486,Obstacle Collision,17668.49,-2.189,0,1,0
9487,Success,17670.33,-0.056,0,0,1
9488,Success,17672.05,-0.067,0,0,1
9489,Obstacle Collision,17672.71,-1.267,0,1,0
9490,Success,17673.72,-0.033,0,0,1
9491,Obstacle Collision,17676.6,-1.35,0,1,0
9492,Success,17678.86,-0.067,0,0,1
9493,Success,17680.09,-0.044,0,0,1
9494,Obstacle Collision,17682.51,-1.253,0,1,0
9495,Success,17684.3,-0.072,0,0,1
9496,Obstacle Collision,17685.11,-1.189,0,1,0
9497,Obstacle Collision,17688.93,-1.5,0,1,0
9498,Success,17690.7,-0.061,0,0,1
9499,Success,17692.53,-0.072,0,0,1
9500,Obstacle Collision,17694.08,-1.275,0,1,0
9501,Success,17698.53,-0.322,0,0,1
9502,Success,17700.23,-0.078,0,0,1
9503,Obstacle Collision,17701.46,-1.772,0,1,0
9504,Success,17703.57,-0.1,0,0,1
9505,Success,17705.64,-0.061,0,0,1
9506,Success,17706.55,-0.033,0,0,1
9507,Obstacle Collision,17707.85,-1.283,0,1,0
9508,Success,17709.71,-0.067,0,0,1
9509,Success,17711.96,-0.072,0,0,1
9510,Obstacle Collision,17713.65,-1.306,0,1,0
9511,Success,17716.52,-0.083,0,0,1
9512,Success,17717.59,-0.9,0,0,1
9513,Obstacle Collision,17719.81,-1.389,0,1,0
9514,Success,17722.34,-0.089,0,0,1
9515,Obstacle Collision,17723.04,-1.267,0,1,0
9516,Success,17725.08,-0.067,0,0,1
9517,Obstacle Collision,17726.35,-1.283,0,1,0
9518,Agent Collision,17730.68,-4.394,1,0,0
9519,Success,17731.76,-0.044,0,0,1
9520,Success,17734.37,-0.111,0,0,1
9521,Success,17736.3,-0.056,0,0,1
9522,Success,17738.31,-0.067,0,0,1
9523,Obstacle Collision,17739.39,-1.085,0,1,0
9524,Success,17741.42,-0.083,0,0,1
9525,Success,17742.91,-0.061,0,0,1
9526,Success,17745.72,-0.122,0,0,1
9527,Success,17747.04,-0.044,0,0,1
9528,Success,17750.66,-0.139,0,0,1
9529,Obstacle Collision,17752.84,-3.032,0,1,0
9530,Success,17754.54,-0.061,0,0,1
9531,Obstacle Collision,17756.8,-1.372,0,1,0
9532,Success,17758.66,-0.056,0,0,1
9533,Success,17760.6,-0.067,0,0,1
9534,Agent Collision,17762.15,-6.889,1,0,0
9535,Success,17764.58,-0.111,0,0,1
9536,Obstacle Collision,17766.2,-1.289,0,1,0
9537,Obstacle Collision,17767.37,-1.139,0,1,0
9538,Obstacle Collision,17769.84,-1.333,0,1,0
9539,Success,17773.52,-0.978,0,0,1
9540,Obstacle Collision,17774.81,-1.242,0,1,0
9541,Success,17776.71,-0.056,0,0,1
9542,Success,17779.02,-0.1,0,0,1
9543,Obstacle Collision,17780.78,-0.973,0,1,0
9544,Obstacle Collision,17781.65,-1.075,0,1,0
9545,Success,17784.98,-1.017,0,0,1
9546,Success,17786.36,-0.05,0,0,1
9547,Success,17787.76,-0.05,0,0,1
9548,Success,17788.68,-0.033,0,0,1
9549,Success,17790.46,-0.067,0,0,1
9550,Success,17792.08,-0.05,0,0,1
9551,Success,17794.44,-0.1,0,0,1
9552,Obstacle Collision,17795.48,-2.091,0,1,0
9553,Obstacle Collision,17797.62,-1.068,0,1,0
9554,Success,17799.02,-0.05,0,0,1
9555,Obstacle Collision,17800.34,-1.192,0,1,0
9556,Success,17801.8,-0.044,0,0,1
9557,Success,17804.39,-0.072,0,0,1
9558,Success,17805.23,-0.028,0,0,1
9559,Success,17806.09,-0.039,0,0,1
9560,Success,17808.44,-0.094,0,0,1
9561,Success,17813.55,-1.117,0,0,1
9562,Success,17814.72,-0.044,0,0,1
9563,Success,17817.86,-0.194,0,0,1
9564,Obstacle Collision,17819.55,-1.217,0,1,0
9565,Success,17823.1,-0.228,0,0,1
9566,Success,17825.37,-0.078,0,0,1
9567,Success,17826.69,-0.061,0,0,1
9568,Obstacle Collision,17827.24,-1.267,0,1,0
9569,Obstacle Collision,17828.09,-1.231,0,1,0
9570,Success,17829.79,-0.072,0,0,1
9571,Success,17831.33,-0.056,0,0,1
9572,Obstacle Collision,17832.0,-1.267,0,1,0
9573,Obstacle Collision,17833.71,-2.032,0,1,0
9574,Success,17836.31,-0.111,0,0,1
9575,Success,17839.32,-0.117,0,0,1
9576,Obstacle Collision,17840.38,-1.194,0,1,0
9577,Success,17843.52,-0.094,0,0,1
9578,Success,17845.74,-0.083,0,0,1
9579,Success,17847.46,-0.072,0,0,1
9580,Success,17850.08,-0.072,0,0,1
9581,Success,17852.28,-0.139,0,0,1
9582,Success,17854.68,-0.944,0,0,1
9583,Success,17857.09,-0.089,0,0,1
9584,Success,17859.36,-2.661,0,0,1
9585,Success,17861.85,-0.1,0,0,1
9586,Obstacle Collision,17863.54,-1.186,0,1,0
9587,Success,17864.46,-0.039,0,0,1
9588,Obstacle Collision,17865.1,-1.267,0,1,0
9589,Obstacle Collision,17866.63,-3.856,0,1,0
9590,Obstacle Collision,17867.02,-1.219,0,1,0
9591,Obstacle Collision,17869.62,-3.028,0,1,0
9592,Obstacle Collision,17872.15,-4.839,0,1,0
9593,Success,17874.28,-0.094,0,0,1
9594,Success,17875.57,-0.05,0,0,1
9595,Success,17881.37,-1.872,0,0,1
9596,Success,17883.78,-0.111,0,0,1
9597,Success,17886.21,-1.817,0,0,1
9598,Obstacle Collision,17887.06,-1.272,0,1,0
9599,Success,17888.29,-0.033,0,0,1
9600,Success,17890.83,-0.072,0,0,1
9601,Obstacle Collision,17891.5,-1.267,0,1,0
9602,Obstacle Collision,17892.66,-1.306,0,1,0
9603,Success,17895.75,-0.139,0,0,1
9604,Success,17898.1,-0.95,0,0,1
9605,Success,17899.42,-0.044,0,0,1
9606,Obstacle Collision,17899.83,-1.261,0,1,0
9607,Success,17902.64,-0.089,0,0,1
9608,Success,17904.51,-0.078,0,0,1
9609,Obstacle Collision,17910.93,-2.439,0,1,0
9610,Obstacle Collision,17911.61,-1.267,0,1,0
9611,Obstacle Collision,17914.09,-1.198,0,1,0
9612,Obstacle Collision,17915.32,-0.998,0,1,0
9613,Obstacle Collision,17917.68,-1.833,0,1,0
9614,Success,17919.61,-0.056,0,0,1
9615,Success,17921.71,-0.067,0,0,1
9616,Obstacle Collision,17923.51,-1.261,0,1,0
9617,Success,17926.23,-0.928,0,0,1
9618,Obstacle Collision,17929.28,-1.422,0,1,0
9619,Success,17932.47,-0.117,0,0,1
9620,Obstacle Collision,17933.39,-1.283,0,1,0
9621,Success,17935.51,-0.078,0,0,1
9622,Success,17936.91,-0.044,0,0,1
9623,Success,17939.31,-0.106,0,0,1
9624,Success,17943.27,-1.911,0,0,1
9625,Obstacle Collision,17944.61,-1.194,0,1,0
9626,Obstacle Collision,17945.37,-1.189,0,1,0
9627,Success,17946.93,-0.089,0,0,1
9628,Success,17948.26,-0.039,0,0,1
9629,Success,17950.7,-0.083,0,0,1
9630,Success,17951.78,-0.044,0,0,1
9631,Success,17955.06,-0.106,0,0,1
9632,Obstacle Collision,17956.8,-1.294,0,1,0
9633,Obstacle Collision,17957.63,-1.241,0,1,0
9634,Obstacle Collision,17959.27,-1.289,0,1,0
9635,Success,17962.53,-0.967,0,0,1
9636,Success,17964.81,-0.944,0,0,1
9637,Success,17967.41,-0.094,0,0,1
9638,Success,17968.98,-0.05,0,0,1
9639,Success,17971.69,-0.133,0,0,1
9640,Success,17974.25,-0.106,0,0,1
9641,Obstacle Collision,17974.69,-1.261,0,1,0
9642,Success,17975.53,-0.039,0,0,1
9643,Obstacle Collision,17976.17,-1.228,0,1,0
9644,Success,17980.13,-0.106,0,0,1
9645,Obstacle Collision,17981.21,-1.26,0,1,0
9646,Obstacle Collision,17982.81,-1.289,0,1,0
9647,Success,17985.22,-0.067,0,0,1
9648,Obstacle Collision,17986.55,-1.137,0,1,0
9649,Success,17987.24,-0.022,0,0,1
9650,Obstacle Collision,17988.14,-1.272,0,1,0
9651,Agent Collision,17990.17,-1.778,1,0,0
9652,Success,17992.07,-0.067,0,0,1
9653,Obstacle Collision,17993.71,-1.294,0,1,0
9654,Success,17996.14,-0.161,0,0,1
9655,Obstacle Collision,17999.58,-1.461,0,1,0
9656,Success,18001.62,-0.056,0,0,1
9657,Success,18005.01,-0.094,0,0,1
9658,Obstacle Collision,18006.53,-1.003,0,1,0
9659,Success,18008.41,-0.072,0,0,1
9660,Success,18010.5,-0.072,0,0,1
9661,Success,18011.73,-0.05,0,0,1
9662,Success,18013.92,-0.1,0,0,1
9663,Obstacle Collision,18016.27,-1.006,0,1,0
9664,Success,18017.35,-0.044,0,0,1
9665,Success,18020.08,-2.639,0,0,1
9666,Obstacle Collision,18021.96,-1.012,0,1,0
9667,Success,18025.14,-0.089,0,0,1
9668,Obstacle Collision,18026.73,-2.865,0,1,0
9669,Success,18028.63,-0.083,0,0,1
9670,Success,18030.54,-0.083,0,0,1
9671,Success,18033.05,-0.083,0,0,1
9672,Obstacle Collision,18034.24,-1.306,0,1,0
9673,Success,18036.45,-0.056,0,0,1
9674,Obstacle Collision,18037.86,-1.0,0,1,0
9675,Obstacle Collision,18040.5,-1.301,0,1,0
9676,Success,18044.29,-5.239,0,0,1
9677,Success,18045.77,-0.067,0,0,1
9678,Obstacle Collision,18048.73,-10.772,0,1,0
9679,Obstacle Collision,18051.75,-2.661,0,1,0
9680,Success,18052.92,-0.039,0,0,1
9681,Success,18054.5,-0.078,0,0,1
9682,Obstacle Collision,18055.87,-1.258,0,1,0
9683,Success,18058.46,-0.094,0,0,1
9684,Success,18060.51,-0.083,0,0,1
9685,Success,18062.78,-0.111,0,0,1
9686,Obstacle Collision,18065.32,-4.733,0,1,0
9687,Obstacle Collision,18067.11,-1.3,0,1,0
9688,Success,18069.84,-0.106,0,0,1
9689,Success,18071.71,-0.078,0,0,1
9690,Obstacle Collision,18072.69,-1.278,0,1,0
9691,Success,18074.79,-0.067,0,0,1
9692,Obstacle Collision,18077.55,-1.317,0,1,0
9693,Success,18080.03,-3.511,0,0,1
9694,Success,18081.71,-0.056,0,0,1
9695,Obstacle Collision,18082.51,-2.976,0,1,0
9696,Success,18083.89,-0.056,0,0,1
9697,Success,18084.66,-0.022,0,0,1
9698,Obstacle Collision,18086.57,-4.75,0,1,0
9699,Obstacle Collision,18087.68,-1.248,0,1,0
9700,Success,18090.93,-2.706,0,0,1
9701,Obstacle Collision,18092.96,-1.306,0,1,0
9702,Success,18095.36,-0.939,0,0,1
9703,Success,18096.87,-0.061,0,0,1
9704,Obstacle Collision,18098.58,-1.328,0,1,0
9705,Obstacle Collision,18101.11,-1.367,0,1,0
9706,Success,18102.25,-0.044,0,0,1
9707,Success,18103.39,-0.039,0,0,1
9708,Success,18105.34,-0.094,0,0,1
9709,Success,18107.04,-0.061,0,0,1
9710,Success,18108.81,-0.072,0,0,1
9711,Obstacle Collision,18109.62,-2.111,0,1,0
9712,Success,18112.59,-0.089,0,0,1
9713,Success,18114.28,-0.056,0,0,1
9714,Success,18115.74,-0.056,0,0,1
9715,Success,18117.21,-0.05,0,0,1
9716,Obstacle Collision,18117.85,-1.267,0,1,0
9717,Success,18119.71,-0.067,0,0,1
9718,Success,18121.7,-0.056,0,0,1
9719,Obstacle Collision,18122.98,-1.289,0,1,0
9720,Obstacle Collision,18125.16,-1.335,0,1,0
9721,Success,18127.38,-0.078,0,0,1
9722,Success,18129.34,-0.061,0,0,1
9723,Obstacle Collision,18129.98,-1.267,0,1,0
9724,Obstacle Collision,18131.21,-1.283,0,1,0
9725,Obstacle Collision,18133.52,-3.022,0,1,0
9726,Success,18136.57,-0.083,0,0,1
9727,Obstacle Collision,18139.69,-2.272,0,1,0
9728,Obstacle Collision,18140.5,-1.272,0,1,0
9729,Success,18142.27,-0.061,0,0,1
9730,Obstacle Collision,18144.4,-0.894,0,1,0
9731,Success,18145.85,-0.072,0,0,1
9732,Success,18150.19,-0.256,0,0,1
9733,Obstacle Collision,18154.96,-1.477,0,1,0
9734,Obstacle Collision,18157.11,-1.311,0,1,0
9735,Success,18158.71,-0.05,0,0,1
9736,Success,18160.21,-0.072,0,0,1
9737,Success,18161.67,-0.056,0,0,1
9738,Obstacle Collision,18163.45,-2.15,0,1,0
9739,Obstacle Collision,18165.36,-1.361,0,1,0
9740,Success,18167.06,-0.067,0,0,1
9741,Success,18168.91,-0.072,0,0,1
9742,Success,18169.66,-0.028,0,0,1
9743,Obstacle Collision,18172.38,-1.356,0,1,0
9744,Success,18173.71,-0.056,0,0,1
9745,Success,18176.15,-0.922,0,0,1
9746,Success,18178.51,-1.772,0,0,1
9747,Obstacle Collision,18179.2,-1.267,0,1,0
9748,Success,18182.13,-0.089,0,0,1
9749,Success,18183.86,-0.056,0,0,1
9750,Success,18185.6,-0.061,0,0,1
9751,Obstacle Collision,18188.31,-1.339,0,1,0
9752,Obstacle Collision,18189.72,-1.29,0,1,0
9753,Obstacle Collision,18191.48,-1.294,0,1,0
9754,Obstacle Collision,18192.89,-1.3,0,1,0
9755,Obstacle Collision,18199.37,-1.85,0,1,0
9756,Success,18202.22,-3.517,0,0,1
9757,Success,18204.92,-0.083,0,0,1
9758,Success,18206.78,-0.067,0,0,1
9759,Obstacle Collision,18214.81,-21.022,0,1,0
9760,Obstacle Collision,18216.1,-1.289,0,1,0
9761,Success,18217.51,-0.056,0,0,1
9762,Obstacle Collision,18219.88,-1.986,0,1,0
9763,Success,18222.71,-0.089,0,0,1
9764,Obstacle Collision,18223.76,-1.278,0,1,0
9765,Success,18226.32,-0.089,0,0,1
9766,Obstacle Collision,18227.76,-1.289,0,1,0
9767,Obstacle Collision,18229.43,-1.294,0,1,0
9768,Success,18230.5,-0.033,0,0,1
9769,Success,18232.29,-2.622,0,0,1
9770,Success,18234.16,-0.061,0,0,1
9771,Obstacle Collision,18235.7,-0.979,0,1,0
9772,Success,18238.44,-4.339,0,0,1
9773,Success,18242.16,-0.156,0,0,1
9774,Obstacle Collision,18243.05,-1.272,0,1,0
9775,Success,18245.27,-1.778,0,0,1
9776,Obstacle Collision,18246.55,-2.139,0,1,0
9777,Success,18249.36,-0.939,0,0,1
9778,Success,18250.56,-0.889,0,0,1
9779,Obstacle Collision,18251.62,-1.283,0,1,0
9780,Success,18252.86,-0.056,0,0,1
9781,Obstacle Collision,18254.13,-1.283,0,1,0
9782,Success,18257.74,-3.533,0,0,1
9783,Success,18260.09,-0.067,0,0,1
9784,Obstacle Collision,18261.74,-1.272,0,1,0
9785,Obstacle Collision,18262.78,-1.191,0,1,0
9786,Obstacle Collision,18264.93,-1.237,0,1,0
9787,Success,18267.06,-0.078,0,0,1
9788,Obstacle Collision,18268.88,-1.333,0,1,0
9789,Obstacle Collision,18269.77,-1.189,0,1,0
9790,Success,18272.65,-0.983,0,0,1
9791,Success,18275.41,-0.111,0,0,1
9792,Obstacle Collision,18278.23,-1.339,0,1,0
9793,Success,18280.08,-0.906,0,0,1
9794,Success,18281.77,-0.061,0,0,1
9795,Obstacle Collision,18284.0,-0.87,0,1,0
9796,Obstacle Collision,18285.08,-1.008,0,1,0
9797,Success,18286.14,-0.033,0,0,1
9798,Success,18288.52,-0.083,0,0,1
9799,Success,18289.2,-0.022,0,0,1
9800,Success,18292.08,-0.083,0,0,1
9801,Obstacle Collision,18292.51,-1.261,0,1,0
9802,Obstacle Collision,18294.81,-1.306,0,1,0
9803,Obstacle Collision,18295.71,-1.272,0,1,0
9804,Obstacle Collision,18296.37,-1.267,0,1,0
9805,Obstacle Collision,18297.44,-1.196,0,1,0
9806,Success,18300.42,-0.228,0,0,1
9807,Obstacle Collision,18301.22,-1.192,0,1,0
9808,Success,18303.51,-4.344,0,0,1
9809,Timeout,18310.79,-21.989,0,0,0
9810,Obstacle Collision,18311.84,-1.04,0,1,0
9811,Success,18313.72,-0.067,0,0,1
9812,Success,18316.07,-0.078,0,0,1
9813,Success,18317.15,-2.606,0,0,1
9814,Success,18318.33,-0.05,0,0,1
9815,Success,18319.74,-0.067,0,0,1
9816,Obstacle Collision,18320.65,-1.272,0,1,0
9817,Success,18322.33,-0.078,0,0,1
9818,Agent Collision,18325.24,-11.228,1,0,0
9819,Success,18327.28,-0.061,0,0,1
9820,Success,18328.85,-0.05,0,0,1
9821,Success,18330.34,-0.056,0,0,1
9822,Success,18332.47,-0.089,0,0,1
9823,Success,18334.03,-0.061,0,0,1
9824,Success,18335.4,-0.044,0,0,1
9825,Success,18337.32,-0.078,0,0,1
9826,Success,18338.38,-0.039,0,0,1
9827,Success,18341.05,-0.072,0,0,1
9828,Success,18342.02,-0.033,0,0,1
9829,Obstacle Collision,18347.78,-1.756,0,1,0
9830,Success,18349.94,-0.072,0,0,1
9831,Success,18351.62,-0.044,0,0,1
9832,Success,18353.24,-0.056,0,0,1
9833,Obstacle Collision,18354.13,-1.231,0,1,0
9834,Success,18355.53,-0.072,0,0,1
9835,Obstacle Collision,18357.13,-0.817,0,1,0
9836,Obstacle Collision,18357.92,-1.272,0,1,0
9837,Obstacle Collision,18359.0,-1.194,0,1,0
9838,Obstacle Collision,18360.68,-1.222,0,1,0
9839,Success,18361.68,-0.039,0,0,1
9840,Success,18363.32,-0.061,0,0,1
9841,Success,18365.79,-0.094,0,0,1
9842,Obstacle Collision,18366.72,-1.13,0,1,0
9843,Obstacle Collision,18367.35,-1.225,0,1,0
9844,Success,18368.88,-0.05,0,0,1
9845,Success,18370.4,-0.078,0,0,1
9846,Success,18372.29,-0.078,0,0,1
9847,Success,18374.98,-0.094,0,0,1
9848,Success,18377.8,-0.117,0,0,1
9849,Success,18379.64,-0.056,0,0,1
9850,Agent Collision,18380.65,-4.306,1,0,0
9851,Obstacle Collision,18382.55,-0.822,0,1,0
9852,Success,18384.14,-0.044,0,0,1
9853,Obstacle Collision,18386.8,-1.417,0,1,0
9854,Success,18388.16,-0.061,0,0,1
9855,Obstacle Collision,18388.6,-1.261,0,1,0
9856,Success,18390.32,-0.056,0,0,1
9857,Obstacle Collision,18395.04,-1.45,0,1,0
9858,Obstacle Collision,18396.29,-1.283,0,1,0
9859,Success,18397.52,-0.039,0,0,1
9860,Obstacle Collision,18400.03,-0.953,0,1,0
9861,Obstacle Collision,18401.54,-1.311,0,1,0
9862,Success,18403.59,-0.067,0,0,1
9863,Success,18405.78,-0.094,0,0,1
9864,Success,18408.78,-0.094,0,0,1
9865,Obstacle Collision,18409.82,-1.278,0,1,0
9866,Success,18411.06,-0.044,0,0,1
9867,Obstacle Collision,18413.19,-1.322,0,1,0
9868,Obstacle Collision,18413.86,-1.267,0,1,0
9869,Success,18415.55,-0.15,0,0,1
9870,Success,18417.96,-0.083,0,0,1
9871,Obstacle Collision,18420.05,-1.361,0,1,0
9872,Success,18422.64,-0.078,0,0,1
9873,Success,18425.13,-0.067,0,0,1
9874,Obstacle Collision,18426.42,-1.289,0,1,0
9875,Obstacle Collision,18426.86,-1.261,0,1,0
9876,Success,18430.29,-0.111,0,0,1
9877,Success,18433.44,-0.083,0,0,1
9878,Obstacle Collision,18435.31,-1.15,0,1,0
9879,Success,18438.47,-0.161,0,0,1
9880,Obstacle Collision,18439.37,-1.272,0,1,0
9881,Success,18441.45,-0.078,0,0,1
9882,Success,18443.44,-2.628,0,0,1
9883,Success,18444.13,-0.022,0,0,1
9884,Success,18446.25,-0.061,0,0,1
9885,Success,18448.55,-0.094,0,0,1
9886,Success,18451.25,-0.939,0,0,1
9887,Success,18453.13,-0.05,0,0,1
9888,Obstacle Collision,18453.57,-1.261,0,1,0
9889,Success,18455.71,-0.928,0,0,1
9890,Obstacle Collision,18456.39,-1.267,0,1,0
9891,Success,18457.87,-0.05,0,0,1
9892,Obstacle Collision,18458.78,-1.272,0,1,0
9893,Success,18460.66,-0.906,0,0,1
9894,Success,18462.23,-0.061,0,0,1
9895,Obstacle Collision,18463.72,-1.3,0,1,0
9896,Success,18467.51,-0.167,0,0,1
9897,Success,18469.14,-0.044,0,0,1
9898,Obstacle Collision,18470.06,-1.272,0,1,0
9899,Obstacle Collision,18471.22,-1.206,0,1,0
9900,Obstacle Collision,18471.87,-1.232,0,1,0
9901,Success,18474.22,-0.128,0,0,1
9902,Success,18476.23,-0.061,0,0,1
9903,Obstacle Collision,18477.34,-1.278,0,1,0
9904,Obstacle Collision,18478.23,-1.255,0,1,0
9905,Obstacle Collision,18482.66,-1.544,0,1,0
9906,Success,18483.74,-0.039,0,0,1
9907,Obstacle Collision,18485.93,-1.35,0,1,0
9908,Success,18488.32,-0.094,0,0,1
9909,Success,18489.4,-0.05,0,0,1
9910,Obstacle Collision,18491.23,-2.975,0,1,0
9911,Obstacle Collision,18492.96,-1.306,0,1,0
9912,Obstacle Collision,18495.35,-1.253,0,1,0
9913,Obstacle Collision,18496.95,-1.306,0,1,0
9914,Obstacle Collision,18497.87,-1.117,0,1,0
9915,Obstacle Collision,18501.97,-2.344,0,1,0
9916,Success,18502.74,-0.028,0,0,1
9917,Success,18505.18,-0.928,0,0,1
9918,Obstacle Collision,18506.73,-0.985,0,1,0
9919,Agent Collision,18509.14,-1.789,1,0,0
9920,Success,18510.68,-0.044,0,0,1
9921,Success,18513.93,-2.711,0,0,1
9922,Obstacle Collision,18515.52,-2.144,0,1,0
9923,Obstacle Collision,18517.5,-1.311,0,1,0
9924,Obstacle Collision,18518.83,-0.853,0,1,0
9925,Success,18520.59,-0.05,0,0,1
9926,Success,18522.4,-0.928,0,0,1
9927,Obstacle Collision,18525.13,-1.778,0,1,0
9928,Success,18526.15,-0.056,0,0,1
9929,Obstacle Collision,18528.14,-2.156,0,1,0
9930,Success,18528.96,-0.033,0,0,1
9931,Success,18531.98,-0.1,0,0,1
9932,Success,18533.61,-0.056,0,0,1
9933,Obstacle Collision,18535.49,-1.089,0,1,0
9934,Success,18537.13,-0.044,0,0,1
9935,Success,18538.93,-0.05,0,0,1
9936,Success,18541.29,-0.072,0,0,1
9937,Success,18542.44,-0.05,0,0,1
9938,Obstacle Collision,18543.56,-1.278,0,1,0
9939,Obstacle Collision,18544.17,-1.225,0,1,0
9940,Success,18545.09,-0.039,0,0,1
9941,Success,18548.19,-1.833,0,0,1
9942,Success,18550.33,-0.139,0,0,1
9943,Success,18552.44,-1.789,0,0,1
9944,Success,18553.84,-0.05,0,0,1
9945,Success,18556.37,-0.083,0,0,1
9946,Success,18558.96,-0.133,0,0,1
9947,Success,18559.64,-0.022,0,0,1
9948,Obstacle Collision,18560.82,-1.117,0,1,0
9949,Obstacle Collision,18563.6,-2.133,0,1,0
9950,Obstacle Collision,18564.14,-1.225,0,1,0
9951,Obstacle Collision,18565.01,-1.272,0,1,0
9952,Obstacle Collision,18565.76,-2.103,0,1,0
9953,Obstacle Collision,18566.76,-3.724,0,1,0
9954,Success,18567.51,-0.022,0,0,1
9955,Success,18569.14,-0.056,0,0,1
9956,Obstacle Collision,18569.78,-1.267,0,1,0
9957,Success,18572.0,-0.089,0,0,1
9958,Obstacle Collision,18574.84,-1.808,0,1,0
9959,Success,18578.05,-0.961,0,0,1
9960,Success,18579.84,-0.906,0,0,1
9961,Success,18582.02,-0.078,0,0,1
9962,Success,18582.99,-0.028,0,0,1
9963,Success,18586.35,-0.172,0,0,1
9964,Obstacle Collision,18588.52,-1.333,0,1,0
9965,Success,18590.33,-0.083,0,0,1
9966,Success,18592.44,-1.772,0,0,1
9967,Success,18593.65,-0.039,0,0,1
9968,Success,18594.4,-0.028,0,0,1
9969,Obstacle Collision,18595.18,-1.231,0,1,0
9970,Obstacle Collision,18597.6,-1.241,0,1,0
9971,Success,18600.19,-0.1,0,0,1
9972,Success,18602.8,-0.95,0,0,1
9973,Obstacle Collision,18603.48,-1.267,0,1,0
9974,Success,18605.51,-0.067,0,0,1
9975,Obstacle Collision,18606.83,-1.086,0,1,0
9976,Success,18609.7,-0.944,0,0,1
9977,Obstacle Collision,18612.1,-2.189,0,1,0
9978,Success,18614.06,-0.106,0,0,1
9979,Obstacle Collision,18615.31,-1.286,0,1,0
9980,Obstacle Collision,18616.37,-1.184,0,1,0
9981,Obstacle Collision,18617.49,-1.278,0,1,0
9982,Success,18619.93,-0.922,0,0,1
9983,Success,18621.68,-0.056,0,0,1
9984,Success,18623.83,-0.083,0,0,1
9985,Success,18626.14,-0.078,0,0,1
9986,Obstacle Collision,18627.45,-1.283,0,1,0
9987,Obstacle Collision,18629.79,-0.933,0,1,0
9988,Success,18631.26,-0.044,0,0,1
9989,Success,18632.43,-0.044,0,0,1
9990,Success,18634.24,-0.061,0,0,1
9991,Success,18635.56,-0.056,0,0,1
9992,Success,18638.83,-0.15,0,0,1
9993,Success,18640.35,-0.044,0,0,1
9994,Obstacle Collision,18642.03,-1.294,0,1,0
9995,Success,18643.54,-0.05,0,0,1
9996,Success,18645.97,-0.106,0,0,1
9997,Success,18648.69,-0.089,0,0,1
9998,Obstacle Collision,18649.27,-2.082,0,1,0
9999,Obstacle Collision,18650.12,-1.278,0,1,0
10000,Success,18653.32,-0.961,0,0,1
10001,Success,18655.25,-0.061,0,0,1
10002,Obstacle Collision,18656.32,-3.844,0,1,0
10003,Obstacle Collision,18658.02,-1.293,0,1,0
10004,Success,18660.03,-0.056,0,0,1
10005,Success,18663.05,-6.083,0,0,1
10006,Obstacle Collision,18663.83,-1.008,0,1,0
10007,Success,18665.54,-0.061,0,0,1
10008,Obstacle Collision,18666.4,-1.2,0,1,0
10009,Success,18668.99,-3.494,0,0,1
10010,Success,18673.81,-0.094,0,0,1
10011,Obstacle Collision,18678.77,-1.306,0,1,0
10012,Success,18679.62,-0.028,0,0,1
10013,Success,18681.11,-0.061,0,0,1
10014,Obstacle Collision,18681.83,-1.112,0,1,0
10015,Success,18684.11,-0.1,0,0,1
10016,Success,18685.34,-0.044,0,0,1
10017,Success,18686.8,-0.044,0,0,1
10018,Success,18689.9,-0.089,0,0,1
10019,Success,18691.29,-0.056,0,0,1
10020,Success,18693.17,-0.056,0,0,1
10021,Success,18695.5,-0.078,0,0,1
10022,Obstacle Collision,18696.95,-1.078,0,1,0
10023,Success,18700.98,-0.972,0,0,1
10024,Success,18702.56,-0.089,0,0,1
10025,Obstacle Collision,18704.37,-0.937,0,1,0
10026,Success,18706.65,-0.1,0,0,1
10027,Obstacle Collision,18707.57,-1.075,0,1,0
10028,Success,18709.63,-0.078,0,0,1
10029,Obstacle Collision,18710.62,-1.158,0,1,0
10030,Success,18712.41,-0.05,0,0,1
10031,Obstacle Collision,18713.1,-1.197,0,1,0
10032,Obstacle Collision,18714.86,-1.097,0,1,0
10033,Success,18716.42,-0.067,0,0,1
10034,Obstacle Collision,18717.8,-1.003,0,1,0
10035,Success,18719.2,-0.056,0,0,1
10036,Obstacle Collision,18719.84,-1.267,0,1,0
10037,Success,18722.65,-1.8,0,0,1
10038,Obstacle Collision,18723.88,-0.967,0,1,0
10039,Success,18726.3,-0.089,0,0,1
10040,Success,18727.61,-0.05,0,0,1
10041,Success,18729.17,-0.056,0,0,1
10042,Success,18731.2,-0.078,0,0,1
10043,Agent Collision,18732.03,-0.878,1,0,0
10044,Success,18733.03,-0.05,0,0,1
10045,Obstacle Collision,18734.16,-1.278,0,1,0
10046,Success,18735.77,-0.067,0,0,1
10047,Success,18737.39,-0.056,0,0,1
10048,Obstacle Collision,18738.63,-1.117,0,1,0
10049,Success,18741.14,-0.1,0,0,1
10050,Obstacle Collision,18742.43,-1.023,0,1,0
10051,Success,18746.71,-5.244,0,0,1
10052,Obstacle Collision,18747.62,-2.128,0,1,0
10053,Obstacle Collision,18751.07,-1.45,0,1,0
10054,Obstacle Collision,18751.94,-1.272,0,1,0
10055,Obstacle Collision,18753.56,-1.289,0,1,0
10056,Success,18756.0,-0.106,0,0,1
10057,Obstacle Collision,18758.9,-1.356,0,1,0
10058,Success,18761.94,-0.089,0,0,1
10059,Success,18763.42,-0.061,0,0,1
10060,Obstacle Collision,18764.57,-1.2,0,1,0
10061,Success,18767.2,-0.15,0,0,1
10062,Obstacle Collision,18768.33,-1.3,0,1,0
10063,Success,18769.16,-0.022,0,0,1
10064,Obstacle Collision,18770.08,-1.075,0,1,0
10065,Success,18773.12,-8.621,0,0,1
10066,Success,18775.0,-0.078,0,0,1
10067,Success,18778.86,-2.672,0,0,1
10068,Success,18782.4,-0.156,0,0,1
10069,Success,18783.95,-0.056,0,0,1
10070,Success,18785.27,-0.044,0,0,1
10071,Success,18787.43,-0.061,0,0,1
10072,Success,18789.03,-0.044,0,0,1
10073,Obstacle Collision,18789.88,-1.198,0,1,0
10074,Obstacle Collision,18790.79,-1.272,0,1,0
10075,Success,18793.04,-0.078,0,0,1
10076,Obstacle Collision,18793.47,-1.261,0,1,0
10077,Obstacle Collision,18794.12,-1.267,0,1,0
10078,Success,18795.96,-0.061,0,0,1
10079,Success,18799.05,-0.133,0,0,1
10080,Success,18799.89,-0.028,0,0,1
10081,Success,18801.44,-0.056,0,0,1
10082,Obstacle Collision,18803.41,-0.9,0,1,0
10083,Success,18804.78,-0.044,0,0,1
10084,Obstacle Collision,18805.65,-1.278,0,1,0
10085,Success,18808.22,-0.1,0,0,1
10086,Success,18810.49,-0.917,0,0,1
10087,Obstacle Collision,18813.95,-1.389,0,1,0
10088,Obstacle Collision,18814.97,-1.04,0,1,0
10089,Success,18816.62,-0.056,0,0,1
10090,Obstacle Collision,18818.8,-1.367,0,1,0
10091,Obstacle Collision,18820.22,-1.289,0,1,0
10092,Obstacle Collision,18821.62,-0.894,0,1,0
10093,Obstacle Collision,18823.39,-1.306,0,1,0
10094,Success,18824.77,-0.039,0,0,1
10095,Obstacle Collision,18828.35,-1.456,0,1,0
10096,Obstacle Collision,18829.7,-2.144,0,1,0
10097,Obstacle Collision,18833.38,-1.494,0,1,0
10098,Success,18836.58,-2.678,0,0,1
10099,Obstacle Collision,18838.59,-1.339,0,1,0
10100,Obstacle Collision,18840.52,-0.98,0,1,0
10101,Obstacle Collision,18841.43,-1.272,0,1,0
10102,Success,18843.49,-0.089,0,0,1
10103,Success,18846.26,-2.672,0,0,1
10104,Obstacle Collision,18848.26,-0.928,0,1,0
10105,Success,18850.73,-0.083,0,0,1
10106,Obstacle Collision,18851.16,-1.261,0,1,0
10107,Obstacle Collision,18852.39,-1.294,0,1,0
10108,Success,18854.4,-0.1,0,0,1
10109,Success,18856.63,-0.094,0,0,1
10110,Success,18857.87,-0.061,0,0,1
10111,Success,18860.93,-10.361,0,0,1
10112,Success,18861.94,-0.044,0,0,1
10113,Success,18863.81,-0.083,0,0,1
10114,Obstacle Collision,18864.82,-1.283,0,1,0
10115,Success,18866.79,-0.067,0,0,1
10116,Obstacle Collision,18868.0,-1.2,0,1,0
10117,Success,18868.83,-0.889,0,0,1
10118,Obstacle Collision,18870.52,-2.15,0,1,0
10119,Success,18873.5,-0.122,0,0,1
10120,Success,18875.05,-0.056,0,0,1
10121,Agent Collision,18876.92,-10.333,1,0,0
10122,Success,18878.08,-0.044,0,0,1
10123,Obstacle Collision,18879.5,-1.294,0,1,0
10124,Obstacle Collision,18880.39,-1.272,0,1,0
10125,Success,18881.23,-0.033,0,0,1
10126,Success,18885.03,-0.1,0,0,1
10127,Success,18886.77,-0.939,0,0,1
10128,Success,18888.87,-0.061,0,0,1
10129,Success,18890.1,-0.05,0,0,1
10130,Obstacle Collision,18892.78,-2.178,0,1,0
10131,Success,18894.41,-0.061,0,0,1
10132,Success,18897.06,-0.128,0,0,1
10133,Success,18898.37,-0.05,0,0,1
10134,Obstacle Collision,18898.8,-1.261,0,1,0
10135,Obstacle Collision,18900.84,-1.761,0,1,0
10136,Success,18903.69,-0.189,0,0,1
10137,Success,18905.42,-0.067,0,0,1
10138,Success,18907.12,-0.078,0,0,1
10139,Success,18908.7,-0.083,0,0,1
10140,Success,18909.87,-0.05,0,0,1
10141,Obstacle Collision,18911.4,-1.289,0,1,0
10142,Obstacle Collision,18913.1,-1.215,0,1,0
10143,Success,18914.7,-0.078,0,0,1
10144,Obstacle Collision,18917.21,-3.039,0,1,0
10145,Success,18919.11,-0.083,0,0,1
10146,Success,18920.04,-0.033,0,0,1
10147,Obstacle Collision,18920.81,-1.272,0,1,0
10148,Obstacle Collision,18923.48,-1.439,0,1,0
10149,Success,18924.72,-0.039,0,0,1
10150,Obstacle Collision,18925.38,-1.111,0,1,0
10151,Obstacle Collision,18926.68,-1.23,0,1,0
10152,Obstacle Collision,18928.43,-1.367,0,1,0
10153,Obstacle Collision,18930.62,-1.306,0,1,0
10154,Obstacle Collision,18934.81,-1.417,0,1,0
10155,Success,18937.29,-0.078,0,0,1
10156,Success,18938.44,-0.044,0,0,1
10157,Obstacle Collision,18940.97,-0.919,0,1,0
10158,Success,18943.52,-0.083,0,0,1
10159,Obstacle Collision,18945.46,-1.322,0,1,0
10160,Success,18947.36,-0.094,0,0,1
10161,Obstacle Collision,18948.53,-1.247,0,1,0
10162,Success,18950.8,-0.072,0,0,1
10163,Success,18954.44,-0.111,0,0,1
10164,Success,18956.56,-0.111,0,0,1
10165,Success,18958.61,-0.083,0,0,1
10166,Obstacle Collision,18960.17,-1.3,0,1,0
10167,Success,18961.41,-0.039,0,0,1
10168,Obstacle Collision,18963.84,-1.317,0,1,0
10169,Obstacle Collision,18966.48,-1.178,0,1,0
10170,Obstacle Collision,18968.74,-7.339,0,1,0
10171,Success,18971.16,-0.089,0,0,1
10172,Success,18972.78,-0.056,0,0,1
10173,Success,18973.78,-0.039,0,0,1
10174,Success,18975.71,-0.05,0,0,1
10175,Success,18977.01,-0.039,0,0,1
10176,Success,18978.67,-0.056,0,0,1
10177,Success,18981.24,-0.094,0,0,1
10178,Success,18984.63,-2.694,0,0,1
10179,Success,18986.51,-0.067,0,0,1
10180,Success,18988.64,-0.1,0,0,1
10181,Success,18990.42,-0.067,0,0,1
10182,Obstacle Collision,18991.28,-1.272,0,1,0
10183,Obstacle Collision,18993.88,-1.333,0,1,0
10184,Success,18995.5,-0.05,0,0,1
10185,Success,18998.31,-0.094,0,0,1
10186,Success,19000.72,-0.1,0,0,1
10187,Agent Collision,19002.47,-0.922,1,0,0
10188,Obstacle Collision,19004.9,-1.344,0,1,0
10189,Success,19007.26,-0.083,0,0,1
10190,Success,19009.15,-0.078,0,0,1
10191,Obstacle Collision,19010.25,-1.278,0,1,0
10192,Obstacle Collision,19012.57,-1.35,0,1,0
10193,Success,19014.75,-0.933,0,0,1
10194,Success,19015.66,-0.039,0,0,1
10195,Success,19018.01,-4.344,0,0,1
10196,Success,19020.53,-0.089,0,0,1
10197,Obstacle Collision,19025.42,-1.456,0,1,0
10198,Success,19026.92,-0.044,0,0,1
10199,Success,19028.6,-0.056,0,0,1
10200,Success,19031.35,-0.078,0,0,1
10201,Obstacle Collision,19033.12,-1.3,0,1,0
10202,Obstacle Collision,19033.56,-1.261,0,1,0
10203,Success,19034.58,-0.039,0,0,1
10204,Success,19036.13,-0.039,0,0,1
10205,Obstacle Collision,19044.15,-1.784,0,1,0
10206,Success,19046.76,-0.944,0,0,1
10207,Success,19048.97,-0.061,0,0,1
10208,Success,19050.76,-0.072,0,0,1
10209,Success,19053.08,-0.111,0,0,1
10210,Obstacle Collision,19055.61,-1.383,0,1,0
10211,Success,19057.87,-0.083,0,0,1
10212,Obstacle Collision,19058.74,-2.128,0,1,0
10213,Success,19060.21,-0.05,0,0,1
10214,Success,19062.47,-0.072,0,0,1
10215,Obstacle Collision,19063.69,-1.195,0,1,0
10216,Success,19065.65,-0.089,0,0,1
10217,Obstacle Collision,19069.3,-1.467,0,1,0
10218,Obstacle Collision,19072.21,-0.767,0,1,0
10219,Success,19073.7,-0.056,0,0,1
10220,Obstacle Collision,19075.58,-1.328,0,1,0
10221,Obstacle Collision,19077.38,-1.756,0,1,0
10222,Success,19078.87,-0.094,0,0,1
10223,Success,19080.36,-0.083,0,0,1
10224,Success,19081.19,-0.033,0,0,1
10225,Obstacle Collision,19081.99,-1.234,0,1,0
10226,Success,19084.04,-0.144,0,0,1
10227,Success,19084.89,-0.028,0,0,1
10228,Success,19087.49,-0.1,0,0,1
10229,Obstacle Collision,19088.3,-1.272,0,1,0
10230,Success,19091.35,-0.078,0,0,1
10231,Success,19092.28,-0.033,0,0,1
10232,Success,19094.4,-0.089,0,0,1
10233,Success,19095.41,-0.033,0,0,1
10234,Success,19098.22,-0.078,0,0,1
10235,Success,19100.69,-1.794,0,0,1
10236,Success,19102.91,-0.072,0,0,1
10237,Obstacle Collision,19103.36,-1.722,0,1,0
10238,Obstacle Collision,19104.02,-1.267,0,1,0
10239,Success,19105.35,-0.05,0,0,1
10240,Success,19108.67,-1.822,0,0,1
10241,Success,19111.24,-0.078,0,0,1
10242,Agent Collision,19113.64,-1.778,1,0,0
10243,Success,19116.14,-0.083,0,0,1
10244,Obstacle Collision,19117.16,-1.117,0,1,0
10245,Obstacle Collision,19118.35,-3.789,0,1,0
10246,Obstacle Collision,19120.49,-1.411,0,1,0
10247,Obstacle Collision,19122.38,-1.35,0,1,0
10248,Success,19124.09,-0.05,0,0,1
10249,Obstacle Collision,19125.82,-1.317,0,1,0
10250,Success,19127.16,-0.056,0,0,1
10251,Obstacle Collision,19128.35,-1.283,0,1,0
10252,Success,19129.83,-0.044,0,0,1
10253,Success,19131.47,-0.056,0,0,1
10254,Success,19132.4,-0.028,0,0,1
10255,Agent Collision,19133.61,-0.889,1,0,0
10256,Obstacle Collision,19134.64,-1.278,0,1,0
10257,Obstacle Collision,19137.51,-1.411,0,1,0
10258,Obstacle Collision,19138.91,-1.204,0,1,0
10259,Success,19141.1,-0.067,0,0,1
10260,Success,19142.39,-0.039,0,0,1
10261,Success,19145.44,-0.933,0,0,1
10262,Obstacle Collision,19146.37,-1.272,0,1,0
10263,Success,19147.37,-0.033,0,0,1
10264,Success,19149.64,-0.089,0,0,1
10265,Agent Collision,19150.69,-4.306,1,0,0
10266,Success,19152.49,-0.067,0,0,1
10267,Obstacle Collision,19154.41,-1.328,0,1,0
10268,Obstacle Collision,19156.69,-0.947,0,1,0
10269,Success,19158.46,-0.056,0,0,1
10270,Success,19159.53,-0.894,0,0,1
10271,Obstacle Collision,19160.51,-1.153,0,1,0
10272,Success,19162.46,-0.089,0,0,1
10273,Obstacle Collision,19162.9,-1.261,0,1,0
10274,Obstacle Collision,19165.98,-1.806,0,1,0
10275,Obstacle Collision,19167.79,-1.294,0,1,0
10276,Success,19169.41,-0.05,0,0,1
10277,Success,19171.09,-0.05,0,0,1
10278,Obstacle Collision,19172.08,-2.133,0,1,0
10279,Success,19174.09,-0.067,0,0,1
10280,Success,19175.01,-0.044,0,0,1
10281,Obstacle Collision,19177.43,-1.993,0,1,0
10282,Obstacle Collision,19177.84,-1.261,0,1,0
10283,Success,19181.16,-1.011,0,0,1
10284,Obstacle Collision,19182.37,-1.163,0,1,0
10285,Obstacle Collision,19183.15,-1.191,0,1,0
10286,Success,19185.62,-1.778,0,0,1
10287,Obstacle Collision,19187.57,-1.3,0,1,0
10288,Success,19189.53,-0.061,0,0,1
10289,Obstacle Collision,19190.41,-1.267,0,1,0
10290,Success,19193.21,-2.667,0,0,1
10291,Success,19196.4,-0.094,0,0,1
10292,Obstacle Collision,19197.8,-1.294,0,1,0
10293,Obstacle Collision,19200.45,-3.017,0,1,0
10294,Success,19202.16,-0.05,0,0,1
10295,Obstacle Collision,19202.85,-1.267,0,1,0
10296,Success,19205.08,-0.056,0,0,1
10297,Obstacle Collision,19206.14,-1.117,0,1,0
10298,Obstacle Collision,19207.28,-2.953,0,1,0
10299,Success,19208.35,-0.033,0,0,1
10300,Obstacle Collision,19209.54,-1.283,0,1,0
10301,Success,19213.2,-0.156,0,0,1
10302,Obstacle Collision,19214.32,-1.3,0,1,0
10303,Success,19217.06,-0.1,0,0,1
10304,Obstacle Collision,19219.64,-1.361,0,1,0
10305,Success,19221.05,-0.072,0,0,1
10306,Success,19222.29,-0.044,0,0,1
10307,Obstacle Collision,19223.63,-0.933,0,1,0
10308,Success,19225.8,-0.067,0,0,1
10309,Success,19227.19,-0.044,0,0,1
10310,Success,19228.8,-0.044,0,0,1
10311,Obstacle Collision,19229.78,-1.201,0,1,0
10312,Obstacle Collision,19231.49,-1.339,0,1,0
10313,Obstacle Collision,19236.04,-1.472,0,1,0
10314,Success,19238.39,-0.089,0,0,1
10315,Success,19241.18,-0.972,0,0,1
10316,Success,19243.99,-0.083,0,0,1
10317,Obstacle Collision,19244.54,-1.267,0,1,0
10318,Success,19246.54,-0.067,0,0,1
10319,Obstacle Collision,19252.97,-1.761,0,1,0
10320,Success,19253.8,-0.028,0,0,1
10321,Obstacle Collision,19255.7,-1.322,0,1,0
10322,Obstacle Collision,19257.41,-0.878,0,1,0
10323,Success,19258.96,-0.05,0,0,1
10324,Success,19261.05,-0.067,0,0,1
10325,Success,19263.47,-0.061,0,0,1
10326,Obstacle Collision,19264.35,-2.086,0,1,0
10327,Success,19267.61,-2.7,0,0,1
10328,Success,19269.66,-0.072,0,0,1
10329,Obstacle Collision,19271.01,-1.242,0,1,0
10330,Obstacle Collision,19272.4,-1.283,0,1,0
10331,Obstacle Collision,19273.74,-1.289,0,1,0
10332,Success,19275.62,-0.106,0,0,1
10333,Obstacle Collision,19276.56,-1.045,0,1,0
10334,Success,19277.71,-0.05,0,0,1
10335,Obstacle Collision,19279.19,-1.311,0,1,0
10336,Success,19281.32,-0.083,0,0,1
10337,Obstacle Collision,19282.85,-1.248,0,1,0
10338,Success,19285.94,-0.122,0,0,1
10339,Obstacle Collision,19288.22,-2.2,0,1,0
10340,Obstacle Collision,19289.08,-1.272,0,1,0
10341,Obstacle Collision,19290.89,-1.139,0,1,0
10342,Success,19292.75,-0.061,0,0,1
10343,Obstacle Collision,19293.59,-1.225,0,1,0
10344,Obstacle Collision,19295.33,-1.35,0,1,0
10345,Obstacle Collision,19296.01,-1.267,0,1,0
10346,Success,19298.41,-0.072,0,0,1
10347,Success,19299.64,-0.033,0,0,1
10348,Obstacle Collision,19302.4,-1.389,0,1,0
10349,Success,19304.79,-0.1,0,0,1
10350,Obstacle Collision,19306.47,-1.3,0,1,0
10351,Success,19308.42,-0.072,0,0,1
10352,Obstacle Collision,19309.46,-1.237,0,1,0
10353,Success,19311.17,-0.061,0,0,1
10354,Obstacle Collision,19315.11,-1.533,0,1,0
10355,Success,19316.83,-0.05,0,0,1
10356,Obstacle Collision,19318.19,-1.306,0,1,0
10357,Success,19319.76,-0.061,0,0,1
10358,Success,19321.56,-0.05,0,0,1
10359,Obstacle Collision,19324.63,-1.333,0,1,0
10360,Obstacle Collision,19325.6,-2.966,0,1,0
10361,Obstacle Collision,19328.85,-6.15,0,1,0
10362,Success,19330.95,-0.078,0,0,1
10363,Success,19332.42,-0.05,0,0,1
10364,Success,19334.68,-0.067,0,0,1
10365,Obstacle Collision,19335.6,-1.3,0,1,0
10366,Success,19337.23,-0.061,0,0,1
10367,Obstacle Collision,19338.69,-1.141,0,1,0
10368,Success,19339.85,-0.044,0,0,1
10369,Obstacle Collision,19340.75,-1.272,0,1,0
10370,Obstacle Collision,19341.87,-1.278,0,1,0
10371,Success,19343.04,-0.033,0,0,1
10372,Success,19345.39,-0.067,0,0,1
10373,Success,19348.74,-0.106,0,0,1
10374,Obstacle Collision,19355.24,-1.655,0,1,0
10375,Success,19356.17,-0.044,0,0,1
10376,Success,19359.16,-0.089,0,0,1
10377,Success,19361.31,-1.789,0,0,1
10378,Success,19363.49,-0.072,0,0,1
10379,Success,19365.99,-1.794,0,0,1
10380,Success,19367.38,-0.044,0,0,1
10381,Success,19368.53,-0.039,0,0,1
10382,Success,19369.53,-0.039,0,0,1
10383,Success,19370.93,-0.056,0,0,1
10384,Obstacle Collision,19376.86,-1.489,0,1,0
10385,Obstacle Collision,19379.13,-1.311,0,1,0
10386,Success,19380.6,-0.083,0,0,1
10387,Success,19382.25,-0.061,0,0,1
10388,Obstacle Collision,19384.04,-1.317,0,1,0
10389,Success,19387.21,-0.094,0,0,1
10390,Success,19388.47,-0.067,0,0,1
10391,Success,19389.47,-0.033,0,0,1
10392,Success,19391.53,-0.056,0,0,1
10393,Success,19396.11,-1.871,0,0,1
10394,Success,19398.01,-0.106,0,0,1
10395,Success,19399.28,-0.067,0,0,1
10396,Success,19401.38,-0.078,0,0,1
10397,Success,19403.53,-0.111,0,0,1
10398,Obstacle Collision,19404.8,-1.225,0,1,0
10399,Obstacle Collision,19407.7,-1.444,0,1,0
10400,Success,19410.04,-0.089,0,0,1
10401,Obstacle Collision,19410.99,-1.3,0,1,0
10402,Success,19412.64,-0.061,0,0,1
10403,Obstacle Collision,19413.93,-1.217,0,1,0
10404,Success,19415.63,-0.056,0,0,1
10405,Success,19416.77,-0.039,0,0,1
10406,Success,19419.59,-0.128,0,0,1
10407,Success,19421.35,-0.061,0,0,1
10408,Obstacle Collision,19423.56,-1.116,0,1,0
10409,Success,19424.97,-0.9,0,0,1
10410,Obstacle Collision,19425.66,-1.267,0,1,0
10411,Obstacle Collision,19427.6,-1.317,0,1,0
10412,Success,19430.53,-0.089,0,0,1
10413,Success,19433.25,-1.789,0,0,1
10414,Success,19434.1,-0.039,0,0,1
10415,Success,19436.29,-2.661,0,0,1
10416,Obstacle Collision,19437.68,-1.211,0,1,0
10417,Success,19439.3,-0.044,0,0,1
10418,Success,19440.92,-0.117,0,0,1
10419,Obstacle Collision,19442.67,-2.972,0,1,0
10420,Success,19445.34,-0.094,0,0,1
10421,Success,19447.28,-0.072,0,0,1
10422,Success,19449.24,-0.078,0,0,1
10423,Obstacle Collision,19450.21,-1.278,0,1,0
10424,Success,19451.48,-0.05,0,0,1
10425,Success,19453.98,-0.1,0,0,1
10426,Success,19455.37,-0.056,0,0,1
10427,Success,19457.61,-0.072,0,0,1
10428,Obstacle Collision,19458.16,-1.183,0,1,0
10429,Success,19460.41,-0.061,0,0,1
10430,Obstacle Collision,19461.39,-1.18,0,1,0
10431,Success,19464.87,-0.989,0,0,1
10432,Success,19466.65,-0.067,0,0,1
10433,Success,19467.55,-0.028,0,0,1
10434,Obstacle Collision,19469.1,-1.206,0,1,0
10435,Success,19470.57,-0.061,0,0,1
10436,Obstacle Collision,19471.21,-1.229,0,1,0
10437,Obstacle Collision,19472.46,-1.289,0,1,0
10438,Success,19476.42,-9.528,0,0,1
10439,Success,19478.24,-0.067,0,0,1
10440,Obstacle Collision,19479.17,-1.272,0,1,0
10441,Success,19480.18,-0.033,0,0,1
10442,Success,19482.06,-0.067,0,0,1
10443,Obstacle Collision,19483.49,-1.168,0,1,0
10444,Success,19485.55,-0.078,0,0,1
10445,Success,19487.59,-0.094,0,0,1
10446,Success,19489.57,-0.072,0,0,1
10447,Success,19492.41,-0.094,0,0,1
10448,Obstacle Collision,19493.1,-1.267,0,1,0
10449,Obstacle Collision,19493.54,-1.261,0,1,0
10450,Obstacle Collision,19494.79,-1.289,0,1,0
10451,Success,19496.8,-0.089,0,0,1
10452,Success,19498.32,-0.039,0,0,1
10453,Obstacle Collision,19500.34,-1.042,0,1,0
10454,Success,19501.89,-0.05,0,0,1
10455,Success,19504.91,-3.506,0,0,1
10456,Obstacle Collision,19506.59,-5.178,0,1,0
10457,Obstacle Collision,19510.34,-1.422,0,1,0
10458,Obstacle Collision,19511.92,-1.3,0,1,0
10459,Success,19514.67,-0.089,0,0,1
10460,Agent Collision,19516.2,-2.617,1,0,0
10461,Success,19518.78,-0.094,0,0,1
10462,Obstacle Collision,19519.67,-1.272,0,1,0
10463,Success,19521.94,-0.078,0,0,1
10464,Success,19523.82,-0.067,0,0,1
10465,Success,19525.3,-0.05,0,0,1
10466,Success,19526.76,-0.044,0,0,1
10467,Obstacle Collision,19528.24,-3.506,0,1,0
10468,Success,19531.5,-0.094,0,0,1
10469,Success,19533.86,-0.067,0,0,1
10470,Success,19535.02,-0.039,0,0,1
10471,Obstacle Collision,19535.9,-1.278,0,1,0
10472,Success,19538.84,-0.133,0,0,1
10473,Success,19541.99,-0.094,0,0,1
10474,Success,19543.55,-0.061,0,0,1
10475,Success,19544.63,-0.044,0,0,1
10476,Obstacle Collision,19545.61,-1.111,0,1,0
10477,Success,19547.08,-0.044,0,0,1
10478,Success,19547.85,-0.033,0,0,1
10479,Success,19550.04,-0.067,0,0,1
10480,Success,19552.29,-0.061,0,0,1
10481,Success,19554.03,-0.056,0,0,1
10482,Obstacle Collision,19555.47,-1.097,0,1,0
10483,Obstacle Collision,19556.1,-1.267,0,1,0
10484,Success,19558.12,-0.067,0,0,1
10485,Obstacle Collision,19560.09,-2.123,0,1,0
10486,Success,19561.47,-0.044,0,0,1
10487,Obstacle Collision,19562.68,-1.237,0,1,0
10488,Obstacle Collision,19563.86,-3.856,0,1,0
10489,Success,19567.34,-0.161,0,0,1
10490,Success,19569.37,-0.072,0,0,1
10491,Success,19571.17,-0.089,0,0,1
10492,Obstacle Collision,19571.61,-1.722,0,1,0
10493,Obstacle Collision,19573.96,-1.257,0,1,0
10494,Obstacle Collision,19576.27,-1.306,0,1,0
10495,Obstacle Collision,19577.48,-1.149,0,1,0
10496,Success,19578.88,-0.044,0,0,1
10497,Success,19579.88,-0.044,0,0,1
10498,Success,19581.59,-0.061,0,0,1
10499,Obstacle Collision,19583.04,-0.967,0,1,0
10500,Success,19584.19,-0.044,0,0,1
10501,Success,19585.74,-0.05,0,0,1
10502,Obstacle Collision,19587.25,-1.003,0,1,0
10503,Obstacle Collision,19588.71,-1.289,0,1,0
10504,Obstacle Collision,19590.08,-1.294,0,1,0
10505,Agent Collision,19590.89,-1.733,1,0,0
10506,Success,19593.1,-0.922,0,0,1
10507,Obstacle Collision,19594.54,-1.3,0,1,0
10508,Success,19596.9,-2.628,0,0,1
10509,Success,19599.19,-0.078,0,0,1
10510,Obstacle Collision,19600.61,-1.289,0,1,0
10511,Obstacle Collision,19602.15,-1.026,0,1,0
10512,Success,19604.31,-0.067,0,0,1
10513,Success,19606.76,-0.094,0,0,1
10514,Obstacle Collision,19608.39,-1.131,0,1,0
10515,Success,19609.96,-0.044,0,0,1
10516,Success,19611.12,-0.039,0,0,1
10517,Success,19614.65,-0.144,0,0,1
10518,Success,19617.93,-1.811,0,0,1
10519,Obstacle Collision,19619.44,-1.249,0,1,0
10520,Success,19620.92,-0.061,0,0,1
10521,Obstacle Collision,19623.89,-3.106,0,1,0
10522,Success,19626.25,-0.1,0,0,1
10523,Success,19627.93,-0.067,0,0,1
10524,Obstacle Collision,19629.48,-1.289,0,1,0
10525,Obstacle Collision,19630.58,-1.283,0,1,0
10526,Success,19631.8,-0.039,0,0,1
10527,Success,19634.52,-0.083,0,0,1
10528,Success,19635.83,-0.044,0,0,1
10529,Success,19638.17,-0.1,0,0,1
10530,Obstacle Collision,19639.74,-1.289,0,1,0
10531,Success,19640.49,-0.028,0,0,1
10532,Obstacle Collision,19642.64,-1.328,0,1,0
10533,Success,19644.82,-1.772,0,0,1
10534,Obstacle Collision,19645.26,-1.261,0,1,0
10535,Obstacle Collision,19647.2,-1.3,0,1,0
10536,Success,19648.68,-0.044,0,0,1
10537,Success,19650.94,-0.072,0,0,1
10538,Success,19654.25,-0.133,0,0,1
10539,Success,19655.0,-0.022,0,0,1
10540,Obstacle Collision,19655.61,-1.267,0,1,0
10541,Success,19657.58,-0.083,0,0,1
10542,Success,19660.25,-0.083,0,0,1
10543,Success,19662.56,-0.956,0,0,1
10544,Success,19664.98,-0.089,0,0,1
10545,Success,19667.68,-0.117,0,0,1
10546,Success,19670.31,-0.078,0,0,1
10547,Obstacle Collision,19671.2,-1.272,0,1,0
10548,Obstacle Collision,19672.22,-1.3,0,1,0
10549,Success,19674.44,-0.078,0,0,1
10550,Success,19676.46,-0.056,0,0,1
10551,Success,19677.47,-0.044,0,0,1
10552,Obstacle Collision,19679.69,-1.273,0,1,0
10553,Success,19682.55,-0.1,0,0,1
10554,Success,19685.59,-0.083,0,0,1
10555,Obstacle Collision,19690.61,-1.711,0,1,0
10556,Obstacle Collision,19691.96,-1.3,0,1,0
10557,Obstacle Collision,19693.41,-1.089,0,1,0
10558,Success,19695.46,-0.078,0,0,1
10559,Obstacle Collision,19696.36,-1.272,0,1,0
10560,Obstacle Collision,19697.48,-1.159,0,1,0
10561,Success,19699.49,-0.067,0,0,1
10562,Success,19703.25,-0.122,0,0,1
10563,Obstacle Collision,19704.07,-1.272,0,1,0
10564,Success,19706.19,-0.094,0,0,1
10565,Obstacle Collision,19707.5,-1.169,0,1,0
10566,Obstacle Collision,19708.94,-1.294,0,1,0
10567,Success,19710.79,-0.911,0,0,1
10568,Success,19713.75,-0.117,0,0,1
10569,Obstacle Collision,19715.32,-1.294,0,1,0
10570,Success,19717.2,-0.083,0,0,1
10571,Obstacle Collision,19721.82,-1.567,0,1,0
10572,Agent Collision,19723.81,-0.906,1,0,0
10573,Obstacle Collision,19724.48,-1.267,0,1,0
10574,Success,19725.87,-0.044,0,0,1
10575,Success,19728.21,-0.061,0,0,1
10576,Success,19730.46,-0.083,0,0,1
10577,Obstacle Collision,19732.12,-1.186,0,1,0
10578,Obstacle Collision,19732.96,-2.069,0,1,0
10579,Success,19734.91,-0.061,0,0,1
10580,Success,19736.3,-0.056,0,0,1
10581,Success,19738.09,-0.067,0,0,1
10582,Obstacle Collision,19740.56,-1.339,0,1,0
10583,Success,19742.34,-0.072,0,0,1
10584,Obstacle Collision,19744.36,-1.333,0,1,0
10585,Success,19745.9,-0.061,0,0,1
10586,Success,19747.75,-0.083,0,0,1
10587,Success,19750.23,-0.933,0,0,1
10588,Obstacle Collision,19751.95,-0.972,0,1,0
10589,Obstacle Collision,19752.99,-1.117,0,1,0
10590,Obstacle Collision,19754.03,-1.081,0,1,0
10591,Obstacle Collision,19756.29,-6.044,0,1,0
10592,Success,19758.47,-0.078,0,0,1
10593,Obstacle Collision,19760.25,-1.213,0,1,0
10594,Obstacle Collision,19762.63,-2.672,0,1,0
10595,Success,19763.62,-0.033,0,0,1
10596,Obstacle Collision,19765.27,-1.3,0,1,0
10597,Success,19767.49,-0.983,0,0,1
10598,Obstacle Collision,19769.13,-1.294,0,1,0
10599,Success,19771.23,-0.089,0,0,1
10600,Success,19772.89,-0.061,0,0,1
10601,Obstacle Collision,19774.3,-1.086,0,1,0
10602,Success,19776.93,-0.156,0,0,1
10603,Success,19778.94,-0.056,0,0,1
10604,Success,19780.41,-0.05,0,0,1
10605,Obstacle Collision,19781.33,-1.272,0,1,0
10606,Success,19782.58,-0.05,0,0,1
10607,Success,19784.08,-0.072,0,0,1
10608,Obstacle Collision,19785.44,-2.139,0,1,0
10609,Success,19786.75,-0.039,0,0,1
10610,Success,19788.8,-0.078,0,0,1
10611,Success,19789.79,-0.05,0,0,1
10612,Obstacle Collision,19791.51,-1.294,0,1,0
10613,Obstacle Collision,19793.72,-1.042,0,1,0
10614,Success,19796.95,-3.528,0,0,1
10615,Obstacle Collision,19797.74,-1.189,0,1,0
10616,Success,19799.3,-0.078,0,0,1
10617,Success,19800.86,-0.056,0,0,1
10618,Success,19803.37,-0.078,0,0,1
10619,Timeout,19810.23,-0.6,0,0,0
10620,Success,19811.59,-0.039,0,0,1
10621,Success,19813.83,-0.061,0,0,1
10622,Success,19816.21,-0.072,0,0,1
10623,Obstacle Collision,19817.68,-0.972,0,1,0
10624,Success,19820.04,-0.089,0,0,1
10625,Success,19821.48,-0.039,0,0,1
10626,Success,19823.5,-0.083,0,0,1
10627,Success,19825.6,-0.083,0,0,1
10628,Obstacle Collision,19825.79,-1.256,0,1,0
10629,Success,19828.21,-0.106,0,0,1
10630,Success,19830.67,-0.083,0,0,1
10631,Success,19832.1,-0.05,0,0,1
10632,Success,19835.8,-0.178,0,0,1
10633,Success,19838.01,-0.072,0,0,1
10634,Success,19839.85,-0.072,0,0,1
10635,Success,19842.36,-0.078,0,0,1
10636,Obstacle Collision,19843.71,-1.3,0,1,0
10637,Obstacle Collision,19845.14,-1.294,0,1,0
10638,Success,19846.69,-0.061,0,0,1
10639,Success,19847.63,-0.033,0,0,1
10640,Obstacle Collision,19849.53,-1.156,0,1,0
10641,Success,19851.17,-0.05,0,0,1
10642,Success,19852.82,-0.056,0,0,1
10643,Obstacle Collision,19854.18,-1.251,0,1,0
10644,Success,19856.52,-0.089,0,0,1
10645,Success,19860.02,-0.161,0,0,1
10646,Success,19862.33,-0.083,0,0,1
10647,Success,19863.87,-0.039,0,0,1
10648,Obstacle Collision,19866.23,-0.911,0,1,0
10649,Obstacle Collision,19866.67,-1.261,0,1,0
10650,Success,19868.95,-0.072,0,0,1
10651,Success,19871.24,-0.078,0,0,1
10652,Obstacle Collision,19871.6,-1.219,0,1,0
10653,Obstacle Collision,19873.44,-4.322,0,1,0
10654,Success,19875.9,-0.083,0,0,1
10655,Obstacle Collision,19877.02,-1.287,0,1,0
10656,Success,19878.95,-0.917,0,0,1
10657,Obstacle Collision,19880.39,-1.289,0,1,0
10658,Success,19881.79,-0.078,0,0,1
10659,Success,19883.12,-0.067,0,0,1
10660,Success,19884.35,-0.044,0,0,1
10661,Success,19885.26,-0.028,0,0,1
10662,Success,19886.58,-0.044,0,0,1
10663,Obstacle Collision,19888.17,-1.253,0,1,0
10664,Success,19890.12,-0.056,0,0,1
10665,Obstacle Collision,19891.93,-1.339,0,1,0
10666,Success,19893.51,-0.044,0,0,1
10667,Success,19896.06,-0.933,0,0,1
10668,Obstacle Collision,19897.38,-1.262,0,1,0
10669,Success,19899.14,-0.083,0,0,1
10670,Success,19902.69,-0.106,0,0,1
10671,Success,19905.37,-0.094,0,0,1
10672,Obstacle Collision,19905.78,-1.261,0,1,0
10673,Success,19907.41,-0.056,0,0,1
10674,Success,19908.59,-0.044,0,0,1
10675,Success,19910.44,-0.072,0,0,1
10676,Success,19913.73,-1.806,0,0,1
10677,Success,19915.35,-0.044,0,0,1
10678,Obstacle Collision,19916.62,-1.283,0,1,0
10679,Success,19918.59,-0.083,0,0,1
10680,Success,19920.79,-1.778,0,0,1
10681,Success,19923.99,-1.817,0,0,1
10682,Agent Collision,19927.21,-6.1,1,0,0
10683,Success,19930.03,-0.1,0,0,1
10684,Success,19932.23,-0.067,0,0,1
10685,Success,19934.25,-2.633,0,0,1
10686,Obstacle Collision,19934.98,-1.231,0,1,0
10687,Success,19937.35,-0.078,0,0,1
10688,Success,19938.84,-0.078,0,0,1
10689,Obstacle Collision,19940.24,-2.144,0,1,0
10690,Obstacle Collision,19944.03,-3.656,0,1,0
10691,Obstacle Collision,19945.85,-7.217,0,1,0
10692,Obstacle Collision,19951.47,-1.644,0,1,0
10693,Success,19952.97,-0.056,0,0,1
10694,Success,19955.08,-0.067,0,0,1
10695,Obstacle Collision,19958.19,-1.394,0,1,0
10696,Success,19960.84,-2.656,0,0,1
10697,Success,19962.48,-0.072,0,0,1
10698,Success,19963.8,-0.056,0,0,1
10699,Obstacle Collision,19965.87,-3.883,0,1,0
10700,Obstacle Collision,19968.31,-1.333,0,1,0
10701,Obstacle Collision,19969.92,-1.235,0,1,0
10702,Success,19971.9,-0.072,0,0,1
10703,Success,19975.19,-0.983,0,0,1
10704,Success,19977.38,-0.067,0,0,1
10705,Success,19978.54,-0.044,0,0,1
10706,Obstacle Collision,19981.24,-1.877,0,1,0
10707,Obstacle Collision,19984.53,-1.333,0,1,0
10708,Obstacle Collision,19985.8,-1.245,0,1,0
10709,Success,19988.92,-0.083,0,0,1
10710,Success,19990.08,-0.056,0,0,1
10711,Obstacle Collision,19993.17,-1.378,0,1,0
10712,Obstacle Collision,19995.55,-1.147,0,1,0
10713,Success,19996.84,-0.089,0,0,1
10714,Success,19998.19,-0.083,0,0,1
10715,Obstacle Collision,20004.46,-1.789,0,1,0
10716,Success,20007.18,-0.072,0,0,1
10717,Obstacle Collision,20008.25,-1.278,0,1,0
10718,Success,20010.58,-0.072,0,0,1
10719,Obstacle Collision,20013.51,-1.472,0,1,0
10720,Success,20015.16,-0.072,0,0,1
10721,Success,20017.61,-0.089,0,0,1
10722,Success,20019.01,-0.044,0,0,1
10723,Obstacle Collision,20021.2,-2.178,0,1,0
10724,Success,20022.57,-0.072,0,0,1
10725,Success,20025.12,-0.078,0,0,1
10726,Success,20026.77,-0.078,0,0,1
10727,Success,20029.22,-0.089,0,0,1
10728,Obstacle Collision,20031.68,-1.275,0,1,0
10729,Success,20033.34,-0.089,0,0,1
10730,Success,20035.7,-0.089,0,0,1
10731,Success,20038.49,-0.106,0,0,1
10732,Success,20039.48,-0.033,0,0,1
10733,Success,20041.79,-0.089,0,0,1
10734,Success,20043.77,-0.078,0,0,1
10735,Obstacle Collision,20044.46,-1.267,0,1,0
10736,Success,20045.46,-0.033,0,0,1
10737,Success,20046.77,-0.056,0,0,1
10738,Obstacle Collision,20049.47,-1.256,0,1,0
10739,Obstacle Collision,20050.35,-1.012,0,1,0
10740,Success,20052.74,-0.944,0,0,1
10741,Success,20054.13,-0.039,0,0,1
10742,Obstacle Collision,20056.15,-1.344,0,1,0
10743,Success,20058.22,-0.933,0,0,1
10744,Obstacle Collision,20059.97,-1.317,0,1,0
10745,Obstacle Collision,20061.47,-1.797,0,1,0
10746,Success,20065.05,-0.967,0,0,1
10747,Success,20066.35,-0.044,0,0,1
10748,Obstacle Collision,20068.76,-2.172,0,1,0
10749,Success,20070.79,-0.067,0,0,1
10750,Success,20072.22,-0.05,0,0,1
10751,Obstacle Collision,20075.2,-1.339,0,1,0
10752,Success,20075.96,-0.033,0,0,1
10753,Obstacle Collision,20077.38,-1.936,0,1,0
10754,Obstacle Collision,20078.9,-1.306,0,1,0
10755,Success,20080.04,-0.039,0,0,1
10756,Success,20081.89,-0.067,0,0,1
10757,Obstacle Collision,20084.15,-1.192,0,1,0
10758,Obstacle Collision,20085.34,-2.129,0,1,0
10759,Success,20088.3,-0.156,0,0,1
10760,Success,20091.52,-2.661,0,0,1
10761,Success,20093.17,-0.056,0,0,1
10762,Success,20095.76,-0.067,0,0,1
10763,Success,20097.48,-0.05,0,0,1
10764,Obstacle Collision,20098.51,-1.278,0,1,0
10765,Success,20103.03,-0.267,0,0,1
10766,Success,20105.36,-0.089,0,0,1
10767,Success,20106.85,-0.072,0,0,1
10768,Success,20108.56,-0.056,0,0,1
10769,Success,20110.62,-0.072,0,0,1
10770,Success,20112.27,-0.056,0,0,1
10771,Obstacle Collision,20113.42,-1.278,0,1,0
10772,Success,20115.52,-0.928,0,0,1
10773,Success,20117.18,-0.078,0,0,1
10774,Success,20120.51,-1.8,0,0,1
10775,Success,20123.71,-0.161,0,0,1
10776,Success,20126.4,-0.106,0,0,1
10777,Obstacle Collision,20126.95,-1.267,0,1,0
10778,Success,20130.03,-1.817,0,0,1
10779,Obstacle Collision,20131.15,-1.047,0,1,0
10780,Obstacle Collision,20134.06,-2.217,0,1,0
10781,Obstacle Collision,20135.5,-3.822,0,1,0
10782,Success,20137.46,-0.1,0,0,1
10783,Success,20139.48,-0.056,0,0,1
10784,Success,20142.14,-0.083,0,0,1
10785,Obstacle Collision,20143.92,-0.934,0,1,0
10786,Success,20146.21,-0.078,0,0,1
10787,Success,20147.77,-0.056,0,0,1
10788,Success,20148.69,-0.894,0,0,1
10789,Success,20150.18,-0.056,0,0,1
10790,Success,20152.84,-0.067,0,0,1
10791,Success,20154.99,-0.106,0,0,1
10792,Success,20157.02,-0.078,0,0,1
10793,Success,20158.9,-0.067,0,0,1
10794,Obstacle Collision,20160.33,-1.294,0,1,0
10795,Success,20162.86,-0.089,0,0,1
10796,Obstacle Collision,20163.49,-1.267,0,1,0
10797,Obstacle Collision,20164.58,-1.04,0,1,0
10798,Success,20166.73,-0.106,0,0,1
10799,Success,20169.41,-0.083,0,0,1
10800,Success,20171.12,-0.072,0,0,1
10801,Agent Collision,20173.77,-1.783,1,0,0
10802,Obstacle Collision,20175.1,-1.3,0,1,0
10803,Obstacle Collision,20175.97,-1.272,0,1,0
10804,Obstacle Collision,20178.58,-0.962,0,1,0
10805,Success,20180.06,-0.072,0,0,1
10806,Obstacle Collision,20181.2,-1.278,0,1,0
10807,Success,20184.47,-0.189,0,0,1
10808,Success,20186.81,-0.133,0,0,1
10809,Obstacle Collision,20189.26,-1.361,0,1,0
10810,Obstacle Collision,20190.22,-1.003,0,1,0
10811,Success,20191.79,-0.061,0,0,1
10812,Success,20193.21,-0.061,0,0,1
10813,Obstacle Collision,20195.65,-0.908,0,1,0
10814,Success,20198.43,-0.106,0,0,1
10815,Success,20199.59,-0.039,0,0,1
10816,Success,20201.62,-0.067,0,0,1
10817,Success,20203.95,-0.067,0,0,1
10818,Success,20204.78,-0.033,0,0,1
10819,Obstacle Collision,20206.6,-1.256,0,1,0
10820,Success,20207.82,-0.039,0,0,1
10821,Success,20209.77,-0.072,0,0,1
10822,Success,20212.66,-0.961,0,0,1
10823,Success,20214.68,-0.072,0,0,1
10824,Success,20217.42,-0.122,0,0,1
10825,Success,20219.44,-0.922,0,0,1
10826,Success,20220.69,-0.056,0,0,1
10827,Obstacle Collision,20221.84,-4.306,0,1,0
10828,Obstacle Collision,20223.22,-3.017,0,1,0
10829,Obstacle Collision,20225.06,-1.294,0,1,0
10830,Success,20227.7,-0.072,0,0,1
10831,Success,20229.88,-0.928,0,0,1
10832,Success,20231.11,-0.044,0,0,1
10833,Success,20234.09,-0.117,0,0,1
10834,Obstacle Collision,20235.89,-1.3,0,1,0
10835,Agent Collision,20239.91,-7.8,1,0,0
10836,Success,20241.37,-0.039,0,0,1
10837,Success,20242.44,-0.033,0,0,1
10838,Obstacle Collision,20244.69,-2.766,0,1,0
10839,Success,20246.38,-2.628,0,0,1
10840,Obstacle Collision,20248.51,-1.307,0,1,0
10841,Success,20249.99,-0.072,0,0,1
10842,Success,20251.29,-0.072,0,0,1
10843,Agent Collision,20253.25,-0.906,1,0,0
10844,Success,20254.8,-0.05,0,0,1
10845,Obstacle Collision,20256.37,-2.694,0,1,0
10846,Success,20258.01,-0.061,0,0,1
10847,Success,20260.04,-0.061,0,0,1
10848,Obstacle Collision,20260.69,-1.267,0,1,0
10849,Success,20263.0,-0.106,0,0,1
10850,Success,20264.89,-0.1,0,0,1
10851,Success,20267.29,-0.078,0,0,1
10852,Success,20268.83,-0.044,0,0,1
10853,Success,20269.9,-0.033,0,0,1
10854,Obstacle Collision,20270.33,-1.261,0,1,0
10855,Success,20272.5,-0.072,0,0,1
10856,Success,20273.73,-0.056,0,0,1
10857,Success,20276.81,-2.667,0,0,1
10858,Obstacle Collision,20278.26,-1.289,0,1,0
10859,Obstacle Collision,20279.14,-1.272,0,1,0
10860,Success,20282.96,-1.006,0,0,1
10861,Success,20285.94,-0.089,0,0,1
10862,Obstacle Collision,20288.09,-2.622,0,1,0
10863,Obstacle Collision,20289.04,-1.3,0,1,0
10864,Agent Collision,20290.88,-6.067,1,0,0
10865,Obstacle Collision,20292.79,-1.3,0,1,0
10866,Obstacle Collision,20297.31,-1.589,0,1,0
10867,Obstacle Collision,20298.49,-1.232,0,1,0
10868,Success,20300.47,-0.056,0,0,1
10869,Obstacle Collision,20302.3,-1.294,0,1,0
10870,Success,20306.62,-1.039,0,0,1
10871,Success,20309.28,-0.072,0,0,1
10872,Obstacle Collision,20310.2,-1.272,0,1,0
10873,Obstacle Collision,20310.85,-1.228,0,1,0
10874,Obstacle Collision,20315.22,-1.522,0,1,0
10875,Success,20315.9,-0.022,0,0,1
10876,Success,20317.48,-0.078,0,0,1
10877,Obstacle Collision,20321.54,-1.433,0,1,0
10878,Obstacle Collision,20322.93,-1.283,0,1,0
10879,Success,20325.42,-0.089,0,0,1
10880,Success,20326.75,-0.044,0,0,1
10881,Success,20327.59,-0.022,0,0,1
10882,Obstacle Collision,20328.78,-5.353,0,1,0
10883,Obstacle Collision,20331.69,-1.203,0,1,0
10884,Obstacle Collision,20332.93,-0.949,0,1,0
10885,Success,20334.75,-0.05,0,0,1
10886,Obstacle Collision,20335.43,-1.267,0,1,0
10887,Success,20338.17,-0.094,0,0,1
10888,Success,20339.85,-0.078,0,0,1
10889,Obstacle Collision,20341.99,-1.306,0,1,0
10890,Success,20344.07,-0.061,0,0,1
10891,Obstacle Collision,20347.07,-1.456,0,1,0
10892,Success,20348.31,-0.044,0,0,1
10893,Success,20350.02,-0.056,0,0,1
10894,Obstacle Collision,20351.48,-1.281,0,1,0
10895,Obstacle Collision,20352.87,-1.744,0,1,0
10896,Success,20354.9,-0.061,0,0,1
10897,Success,20356.94,-0.061,0,0,1
10898,Success,20358.19,-0.039,0,0,1
10899,Success,20360.39,-2.65,0,0,1
10900,Success,20362.99,-0.089,0,0,1
10901,Obstacle Collision,20364.16,-1.283,0,1,0
10902,Success,20365.08,-0.039,0,0,1
10903,Success,20367.35,-0.1,0,0,1
10904,Success,20367.95,-0.022,0,0,1
10905,Obstacle Collision,20369.58,-1.306,0,1,0
10906,Obstacle Collision,20371.26,-3.006,0,1,0
10907,Success,20373.08,-0.072,0,0,1
10908,Success,20375.21,-0.078,0,0,1
10909,Obstacle Collision,20377.34,-1.317,0,1,0
10910,Success,20379.82,-0.089,0,0,1
10911,Success,20381.47,-1.756,0,0,1
10912,Success,20383.47,-0.078,0,0,1
10913,Obstacle Collision,20385.92,-2.167,0,1,0
10914,Success,20389.24,-0.167,0,0,1
10915,Success,20391.02,-0.061,0,0,1
10916,Obstacle Collision,20393.56,-1.247,0,1,0
10917,Obstacle Collision,20394.69,-1.045,0,1,0
10918,Obstacle Collision,20395.94,-1.311,0,1,0
10919,Success,20398.34,-0.072,0,0,1
10920,Success,20399.25,-0.033,0,0,1
10921,Success,20401.11,-1.772,0,0,1
10922,Obstacle Collision,20401.52,-1.261,0,1,0
10923,Obstacle Collision,20403.67,-1.097,0,1,0
10924,Success,20405.45,-0.067,0,0,1
10925,Obstacle Collision,20407.06,-1.289,0,1,0
10926,Success,20410.19,-1.816,0,0,1
10927,Obstacle Collision,20411.39,-1.289,0,1,0
10928,Success,20412.79,-0.05,0,0,1
10929,Success,20414.2,-0.083,0,0,1
10930,Success,20416.4,-0.078,0,0,1
10931,Success,20418.6,-3.511,0,0,1
10932,Success,20421.5,-5.211,0,0,1
10933,Obstacle Collision,20423.81,-1.356,0,1,0
10934,Success,20425.6,-0.072,0,0,1
10935,Obstacle Collision,20426.22,-1.225,0,1,0
10936,Success,20427.29,-0.044,0,0,1
10937,Success,20429.54,-0.072,0,0,1
10938,Obstacle Collision,20430.35,-3.444,0,1,0
10939,Success,20431.89,-0.05,0,0,1
10940,Success,20434.56,-0.1,0,0,1
10941,Obstacle Collision,20436.14,-1.211,0,1,0
10942,Obstacle Collision,20439.23,-1.356,0,1,0
10943,Success,20441.49,-1.794,0,0,1
10944,Success,20444.45,-0.1,0,0,1
10945,Obstacle Collision,20446.51,-1.02,0,1,0
10946,Success,20449.17,-0.089,0,0,1
10947,Success,20451.53,-0.083,0,0,1
10948,Obstacle Collision,20452.98,-1.201,0,1,0
10949,Obstacle Collision,20453.66,-1.267,0,1,0
10950,Obstacle Collision,20455.66,-2.582,0,1,0
10951,Success,20456.75,-0.033,0,0,1
10952,Success,20458.92,-0.078,0,0,1
10953,Success,20460.55,-0.05,0,0,1
10954,Success,20461.77,-1.744,0,0,1
10955,Obstacle Collision,20462.42,-1.267,0,1,0
10956,Success,20463.86,-0.039,0,0,1
10957,Success,20467.14,-0.95,0,0,1
10958,Obstacle Collision,20471.63,-1.467,0,1,0
10959,Success,20472.81,-0.039,0,0,1
10960,Obstacle Collision,20474.31,-1.259,0,1,0
10961,Success,20476.25,-0.056,0,0,1
10962,Success,20478.19,-0.056,0,0,1
10963,Success,20480.22,-0.1,0,0,1
10964,Obstacle Collision,20481.55,-1.283,0,1,0
10965,Success,20483.08,-0.067,0,0,1
10966,Success,20484.48,-0.05,0,0,1
10967,Success,20486.6,-0.094,0,0,1
10968,Obstacle Collision,20487.83,-1.289,0,1,0
10969,Obstacle Collision,20488.86,-1.239,0,1,0
10970,Obstacle Collision,20490.25,-1.289,0,1,0
10971,Obstacle Collision,20491.41,-2.989,0,1,0
10972,Obstacle Collision,20492.28,-1.114,0,1,0
10973,Obstacle Collision,20493.24,-1.039,0,1,0
10974,Success,20496.38,-1.822,0,0,1
10975,Success,20498.17,-0.072,0,0,1
10976,Timeout,20505.51,-0.6,0,0,0
10977,Timeout,20512.29,-0.6,0,0,0
10978,Obstacle Collision,20513.79,-1.254,0,1,0
10979,Success,20515.88,-0.067,0,0,1
10980,Obstacle Collision,20516.68,-1.081,0,1,0
10981,Success,20519.07,-0.922,0,0,1
10982,Obstacle Collision,20519.88,-2.013,0,1,0
10983,Success,20520.97,-0.039,0,0,1
10984,Obstacle Collision,20523.57,-1.334,0,1,0
10985,Success,20524.73,-0.05,0,0,1
10986,Success,20526.36,-0.056,0,0,1
10987,Obstacle Collision,20528.19,-1.294,0,1,0
10988,Success,20529.77,-3.506,0,0,1
10989,Success,20531.62,-0.078,0,0,1
10990,Success,20534.38,-0.094,0,0,1
10991,Obstacle Collision,20535.23,-1.231,0,1,0
10992,Agent Collision,20537.91,-6.939,1,0,0
10993,Success,20540.11,-0.078,0,0,1
10994,Success,20542.16,-0.083,0,0,1
10995,Success,20544.6,-0.928,0,0,1
10996,Obstacle Collision,20546.62,-1.417,0,1,0
10997,Obstacle Collision,20548.9,-1.306,0,1,0
10998,Obstacle Collision,20550.53,-1.289,0,1,0
10999,Success,20552.16,-0.056,0,0,1
11000,Success,20553.82,-0.083,0,0,1
11001,Success,20556.13,-0.078,0,0,1
11002,Obstacle Collision,20558.56,-1.083,0,1,0
11003,Success,20561.12,-0.083,0,0,1
11004,Obstacle Collision,20561.55,-2.972,0,1,0
11005,Success,20563.42,-0.05,0,0,1
11006,Success,20565.36,-0.067,0,0,1
11007,Success,20567.7,-0.094,0,0,1
11008,Success,20568.39,-0.022,0,0,1
11009,Obstacle Collision,20569.63,-1.294,0,1,0
11010,Success,20572.28,-0.083,0,0,1
11011,Success,20574.27,-0.061,0,0,1
11012,Obstacle Collision,20576.2,-3.472,0,1,0
11013,Success,20578.09,-0.144,0,0,1
11014,Success,20580.66,-0.117,0,0,1
11015,Obstacle Collision,20582.26,-1.067,0,1,0
11016,Success,20583.99,-0.078,0,0,1
11017,Success,20587.01,-0.156,0,0,1
11018,Success,20589.92,-0.128,0,0,1
11019,Success,20591.32,-0.039,0,0,1
11020,Success,20592.79,-0.05,0,0,1
11021,Success,20595.62,-0.117,0,0,1
11022,Success,20598.25,-3.494,0,0,1
11023,Success,20599.95,-0.061,0,0,1
11024,Success,20601.74,-0.067,0,0,1
11025,Obstacle Collision,20603.11,-1.283,0,1,0
11026,Obstacle Collision,20604.84,-1.317,0,1,0
11027,Success,20606.37,-0.056,0,0,1
11028,Obstacle Collision,20608.49,-1.311,0,1,0
11029,Success,20610.2,-0.061,0,0,1
11030,Obstacle Collision,20610.97,-0.981,0,1,0
11031,Success,20613.66,-0.094,0,0,1
11032,Obstacle Collision,20614.8,-1.278,0,1,0
11033,Obstacle Collision,20615.64,-1.272,0,1,0
11034,Obstacle Collision,20617.84,-1.025,0,1,0
11035,Obstacle Collision,20618.52,-1.225,0,1,0
11036,Success,20620.31,-0.056,0,0,1
11037,Success,20622.02,-0.911,0,0,1
11038,Obstacle Collision,20623.78,-1.311,0,1,0
11039,Success,20625.74,-0.078,0,0,1
11040,Success,20628.54,-0.939,0,0,1
11041,Obstacle Collision,20630.71,-0.914,0,1,0
11042,Success,20631.78,-0.039,0,0,1
11043,Success,20634.41,-0.078,0,0,1
11044,Success,20636.27,-0.072,0,0,1
11045,Success,20638.14,-0.083,0,0,1
11046,Obstacle Collision,20638.63,-1.267,0,1,0
11047,Success,20640.18,-0.044,0,0,1
11048,Obstacle Collision,20641.4,-1.744,0,1,0
11049,Obstacle Collision,20642.46,-1.158,0,1,0
11050,Success,20645.02,-0.072,0,0,1
11051,Success,20647.11,-0.061,0,0,1
11052,Success,20649.04,-0.089,0,0,1
11053,Obstacle Collision,20650.18,-1.278,0,1,0
11054,Success,20652.31,-0.072,0,0,1
11055,Success,20653.15,-0.028,0,0,1
11056,Obstacle Collision,20655.04,-1.08,0,1,0
11057,Success,20656.11,-0.039,0,0,1
11058,Success,20658.56,-0.111,0,0,1
11059,Success,20660.14,-0.044,0,0,1
11060,Success,20662.27,-0.133,0,0,1
11061,Success,20664.28,-0.072,0,0,1
11062,Agent Collision,20665.68,-3.478,1,0,0
11063,Success,20668.4,-0.128,0,0,1
11064,Success,20670.35,-0.083,0,0,1
11065,Obstacle Collision,20673.63,-1.444,0,1,0
11066,Success,20677.43,-0.989,0,0,1
11067,Success,20679.3,-0.056,0,0,1
11068,Success,20681.09,-0.05,0,0,1
11069,Success,20683.94,-5.233,0,0,1
11070,Agent Collision,20686.74,-0.939,1,0,0
11071,Success,20688.6,-0.067,0,0,1
11072,Success,20691.05,-1.794,0,0,1
11073,Obstacle Collision,20692.59,-1.322,0,1,0
11074,Success,20693.76,-0.061,0,0,1
11075,Obstacle Collision,20695.0,-1.006,0,1,0
11076,Success,20696.64,-0.067,0,0,1
11077,Obstacle Collision,20697.92,-0.95,0,1,0
11078,Success,20699.69,-0.056,0,0,1
11079,Success,20701.41,-0.089,0,0,1
11080,Obstacle Collision,20703.38,-1.378,0,1,0
11081,Obstacle Collision,20703.82,-1.261,0,1,0
11082,Obstacle Collision,20705.0,-0.904,0,1,0
11083,Success,20706.39,-0.044,0,0,1
11084,Obstacle Collision,20707.21,-1.201,0,1,0
11085,Success,20710.27,-0.094,0,0,1
11086,Success,20713.34,-0.078,0,0,1
11087,Success,20715.06,-0.067,0,0,1
11088,Obstacle Collision,20716.47,-1.311,0,1,0
11089,Obstacle Collision,20718.33,-0.831,0,1,0
11090,Success,20720.75,-0.1,0,0,1
11091,Obstacle Collision,20722.11,-1.283,0,1,0
11092,Success,20724.91,-0.094,0,0,1
11093,Obstacle Collision,20725.82,-1.272,0,1,0
11094,Success,20727.05,-0.044,0,0,1
11095,Obstacle Collision,20728.54,-2.156,0,1,0
11096,Success,20729.86,-0.044,0,0,1
11097,Success,20732.16,-0.078,0,0,1
11098,Success,20735.85,-0.122,0,0,1
11099,Obstacle Collision,20737.4,-1.098,0,1,0
11100,Success,20742.52,-0.156,0,0,1
11101,Success,20743.61,-0.039,0,0,1
11102,Success,20745.18,-0.078,0,0,1
11103,Obstacle Collision,20746.04,-1.231,0,1,0
11104,Obstacle Collision,20747.09,-1.283,0,1,0
11105,Success,20748.78,-0.089,0,0,1
11106,Success,20751.67,-0.117,0,0,1
11107,Obstacle Collision,20754.52,-1.333,0,1,0
11108,Success,20756.73,-0.106,0,0,1
11109,Success,20758.65,-0.1,0,0,1
11110,Success,20759.95,-0.044,0,0,1
11111,Obstacle Collision,20760.62,-1.267,0,1,0
11112,Obstacle Collision,20761.18,-1.267,0,1,0
11113,Obstacle Collision,20763.43,-1.222,0,1,0
11114,Obstacle Collision,20765.76,-1.339,0,1,0
11115,Success,20768.7,-0.122,0,0,1
11116,Success,20770.74,-0.078,0,0,1
11117,Success,20773.56,-0.083,0,0,1
11118,Obstacle Collision,20775.0,-5.535,0,1,0
11119,Success,20778.02,-1.0,0,0,1
11120,Success,20779.26,-0.044,0,0,1
11121,Obstacle Collision,20783.11,-2.3,0,1,0
11122,Success,20785.45,-0.944,0,0,1
11123,Success,20788.36,-0.094,0,0,1
11124,Obstacle Collision,20789.26,-1.118,0,1,0
11125,Success,20790.86,-0.044,0,0,1
11126,Success,20792.55,-0.067,0,0,1
11127,Success,20793.31,-0.022,0,0,1
11128,Success,20795.09,-0.05,0,0,1
11129,Success,20797.03,-0.072,0,0,1
11130,Obstacle Collision,20802.15,-1.7,0,1,0
11131,Obstacle Collision,20803.29,-1.055,0,1,0
11132,Success,20804.88,-0.078,0,0,1
11133,Obstacle Collision,20806.26,-1.051,0,1,0
11134,Success,20809.3,-2.65,0,0,1
11135,Obstacle Collision,20810.35,-1.015,0,1,0
11136,Success,20811.99,-0.072,0,0,1
11137,Success,20812.99,-0.028,0,0,1
11138,Obstacle Collision,20814.12,-1.081,0,1,0
11139,Obstacle Collision,20814.74,-1.225,0,1,0
11140,Success,20815.82,-0.033,0,0,1
11141,Success,20820.66,-1.911,0,0,1
11142,Obstacle Collision,20822.16,-1.289,0,1,0
11143,Success,20823.51,-0.9,0,0,1
11144,Success,20824.51,-0.033,0,0,1
11145,Success,20827.21,-0.117,0,0,1
11146,Success,20829.48,-0.094,0,0,1
11147,Success,20830.7,-0.039,0,0,1
11148,Success,20832.71,-0.056,0,0,1
11149,Obstacle Collision,20836.11,-1.422,0,1,0
11150,Obstacle Collision,20837.87,-1.306,0,1,0
11151,Success,20839.25,-0.05,0,0,1
11152,Obstacle Collision,20839.93,-1.153,0,1,0
11153,Success,20842.39,-0.961,0,0,1
11154,Success,20843.37,-0.039,0,0,1
11155,Success,20845.15,-0.106,0,0,1
11156,Success,20847.28,-0.083,0,0,1
11157,Success,20849.28,-0.072,0,0,1
11158,Success,20851.64,-0.128,0,0,1
11159,Obstacle Collision,20853.67,-1.306,0,1,0
11160,Success,20855.38,-0.111,0,0,1
11161,Success,20857.26,-0.067,0,0,1
11162,Success,20859.61,-0.078,0,0,1
11163,Obstacle Collision,20860.83,-1.045,0,1,0
11164,Success,20863.42,-0.094,0,0,1
11165,Success,20864.41,-0.033,0,0,1
11166,Success,20866.12,-0.056,0,0,1
11167,Obstacle Collision,20867.92,-1.333,0,1,0
11168,Success,20869.4,-0.056,0,0,1
11169,Success,20870.56,-0.044,0,0,1
11170,Success,20872.13,-0.061,0,0,1
11171,Success,20873.37,-0.056,0,0,1
11172,Obstacle Collision,20877.56,-1.55,0,1,0
11173,Obstacle Collision,20878.96,-1.294,0,1,0
11174,Obstacle Collision,20879.84,-0.972,0,1,0
11175,Obstacle Collision,20882.01,-1.311,0,1,0
11176,Obstacle Collision,20883.22,-1.283,0,1,0
11177,Success,20884.6,-0.044,0,0,1
11178,Success,20885.9,-0.039,0,0,1
11179,Success,20889.65,-3.561,0,0,1
11180,Obstacle Collision,20890.99,-1.283,0,1,0
11181,Obstacle Collision,20893.2,-0.923,0,1,0
11182,Success,20895.76,-0.067,0,0,1
11183,Obstacle Collision,20897.64,-1.317,0,1,0
11184,Success,20900.82,-0.156,0,0,1
11185,Obstacle Collision,20901.96,-1.278,0,1,0
11186,Success,20903.21,-0.056,0,0,1
11187,Success,20904.74,-0.05,0,0,1
11188,Success,20906.54,-0.072,0,0,1
11189,Success,20908.42,-0.089,0,0,1
11190,Success,20909.9,-1.767,0,0,1
11191,Agent Collision,20911.14,-2.611,1,0,0
11192,Agent Collision,20913.53,-0.922,1,0,0
11193,Obstacle Collision,20916.8,-1.533,0,1,0
11194,Success,20921.52,-3.594,0,0,1
11195,Obstacle Collision,20922.32,-1.272,0,1,0
11196,Success,20924.6,-0.1,0,0,1
11197,Obstacle Collision,20925.04,-1.261,0,1,0
11198,Success,20926.42,-0.05,0,0,1
11199,Success,20929.24,-0.106,0,0,1
11200,Success,20930.64,-0.078,0,0,1
11201,Success,20933.13,-7.772,0,0,1
11202,Obstacle Collision,20934.4,-1.127,0,1,0
11203,Success,20937.45,-0.95,0,0,1
11204,Success,20938.51,-0.044,0,0,1
11205,Obstacle Collision,20939.89,-1.076,0,1,0
11206,Success,20942.06,-0.072,0,0,1
11207,Agent Collision,20943.99,-1.794,1,0,0
11208,Agent Collision,20945.64,-2.644,1,0,0
11209,Success,20948.37,-0.178,0,0,1
11210,Success,20950.72,-1.789,0,0,1
11211,Success,20952.44,-0.078,0,0,1
11212,Obstacle Collision,20953.19,-1.243,0,1,0
11213,Agent Collision,20956.58,-10.428,1,0,0
11214,Obstacle Collision,20958.21,-1.164,0,1,0
11215,Success,20960.61,-0.078,0,0,1
11216,Success,20961.75,-0.039,0,0,1
11217,Success,20964.02,-0.083,0,0,1
11218,Success,20964.85,-0.028,0,0,1
11219,Success,20967.97,-0.094,0,0,1
11220,Success,20969.98,-0.056,0,0,1
11221,Obstacle Collision,20970.94,-1.237,0,1,0
11222,Obstacle Collision,20971.38,-1.261,0,1,0
11223,Success,20974.8,-0.122,0,0,1
11224,Success,20976.78,-0.056,0,0,1
11225,Success,20978.05,-0.05,0,0,1
11226,Success,20979.91,-1.772,0,0,1
11227,Success,20981.63,-0.067,0,0,1
11228,Obstacle Collision,20984.33,-1.102,0,1,0
11229,Success,20985.32,-0.033,0,0,1
11230,Success,20986.07,-0.028,0,0,1
11231,Obstacle Collision,20986.91,-1.278,0,1,0
11232,Obstacle Collision,20987.96,-1.008,0,1,0
11233,Obstacle Collision,20990.27,-0.954,0,1,0
11234,Obstacle Collision,20991.56,-1.306,0,1,0
11235,Success,20993.28,-0.072,0,0,1
11236,Obstacle Collision,20994.08,-1.243,0,1,0
11237,Success,20996.27,-0.122,0,0,1
11238,Success,20998.86,-0.083,0,0,1
11239,Success,21002.76,-0.178,0,0,1
11240,Obstacle Collision,21004.07,-1.294,0,1,0
11241,Obstacle Collision,21004.99,-1.272,0,1,0
11242,Obstacle Collision,21005.63,-1.267,0,1,0
11243,Obstacle Collision,21006.64,-1.278,0,1,0
11244,Success,21009.34,-0.978,0,0,1
11245,Obstacle Collision,21011.99,-1.789,0,1,0
11246,Success,21013.77,-0.067,0,0,1
11247,Success,21015.5,-0.078,0,0,1
11248,Success,21016.65,-0.039,0,0,1
11249,Success,21018.93,-0.061,0,0,1
11250,Success,21021.47,-0.089,0,0,1
11251,Obstacle Collision,21026.44,-1.611,0,1,0
11252,Success,21027.5,-0.039,0,0,1
11253,Success,21029.68,-0.122,0,0,1
11254,Obstacle Collision,21030.71,-1.278,0,1,0
11255,Success,21032.97,-0.078,0,0,1
11256,Obstacle Collision,21036.03,-2.703,0,1,0
11257,Success,21038.53,-0.078,0,0,1
11258,Success,21039.2,-0.022,0,0,1
11259,Success,21040.67,-0.044,0,0,1
11260,Obstacle Collision,21044.39,-1.4,0,1,0
11261,Success,21045.78,-0.039,0,0,1
11262,Obstacle Collision,21047.06,-1.289,0,1,0
11263,Obstacle Collision,21048.75,-1.3,0,1,0
11264,Success,21050.47,-0.067,0,0,1
11265,Success,21053.03,-0.083,0,0,1
11266,Obstacle Collision,21058.06,-1.4,0,1,0
11267,Obstacle Collision,21060.25,-1.328,0,1,0
11268,Success,21062.72,-0.111,0,0,1
11269,Obstacle Collision,21064.48,-1.22,0,1,0
11270,Obstacle Collision,21065.65,-3.461,0,1,0
11271,Success,21068.11,-1.783,0,0,1
11272,Obstacle Collision,21069.08,-1.118,0,1,0
11273,Success,21070.79,-0.072,0,0,1
11274,Success,21072.17,-0.056,0,0,1
11275,Success,21073.95,-0.928,0,0,1
11276,Success,21075.74,-1.8,0,0,1
11277,Obstacle Collision,21077.25,-1.3,0,1,0
11278,Obstacle Collision,21078.93,-1.198,0,1,0
11279,Success,21079.99,-0.033,0,0,1
11280,Obstacle Collision,21080.86,-1.272,0,1,0
11281,Success,21081.6,-0.028,0,0,1
11282,Obstacle Collision,21083.43,-1.306,0,1,0
11283,Success,21086.46,-0.089,0,0,1
11284,Success,21087.72,-0.067,0,0,1
11285,Obstacle Collision,21089.41,-1.317,0,1,0
11286,Obstacle Collision,21090.82,-1.188,0,1,0
11287,Obstacle Collision,21092.64,-0.706,0,1,0
11288,Success,21094.75,-0.061,0,0,1
11289,Obstacle Collision,21095.19,-1.261,0,1,0
11290,Success,21096.12,-0.033,0,0,1
11291,Success,21098.31,-6.061,0,0,1
11292,Success,21100.37,-1.8,0,0,1
11293,Success,21102.05,-0.072,0,0,1
11294,Success,21104.53,-0.094,0,0,1
11295,Success,21105.59,-0.039,0,0,1
11296,Obstacle Collision,21107.11,-1.294,0,1,0
11297,Obstacle Collision,21109.67,-2.178,0,1,0
11298,Obstacle Collision,21110.54,-1.272,0,1,0
11299,Obstacle Collision,21112.77,-1.333,0,1,0
11300,Success,21116.37,-0.106,0,0,1
11301,Obstacle Collision,21120.63,-3.306,0,1,0
11302,Obstacle Collision,21121.97,-3.461,0,1,0
11303,Obstacle Collision,21124.32,-3.049,0,1,0
11304,Success,21126.73,-0.144,0,0,1
11305,Obstacle Collision,21127.42,-1.227,0,1,0
11306,Obstacle Collision,21131.71,-1.539,0,1,0
11307,Obstacle Collision,21132.38,-1.289,0,1,0
11308,Obstacle Collision,21133.56,-1.283,0,1,0
11309,Success,21134.07,-0.017,0,0,1
11310,Success,21136.03,-0.083,0,0,1
11311,Success,21137.4,-0.044,0,0,1
11312,Success,21139.88,-0.089,0,0,1
11313,Success,21142.21,-0.078,0,0,1
11314,Obstacle Collision,21143.43,-1.086,0,1,0
11315,Success,21145.3,-0.056,0,0,1
11316,Success,21146.36,-0.033,0,0,1
11317,Success,21150.81,-0.2,0,0,1
11318,Obstacle Collision,21152.8,-1.306,0,1,0
11319,Obstacle Collision,21154.15,-1.294,0,1,0
11320,Obstacle Collision,21156.15,-1.213,0,1,0
11321,Obstacle Collision,21156.78,-1.267,0,1,0
11322,Success,21157.7,-0.033,0,0,1
11323,Obstacle Collision,21160.51,-3.844,0,1,0
11324,Success,21162.13,-0.056,0,0,1
11325,Success,21163.43,-0.05,0,0,1
11326,Obstacle Collision,21165.15,-2.172,0,1,0
11327,Success,21166.38,-0.894,0,0,1
11328,Success,21167.85,-0.056,0,0,1
11329,Obstacle Collision,21168.52,-1.267,0,1,0
11330,Obstacle Collision,21171.46,-1.5,0,1,0
11331,Obstacle Collision,21172.33,-1.271,0,1,0
11332,Obstacle Collision,21173.93,-1.227,0,1,0
11333,Obstacle Collision,21176.28,-1.783,0,1,0
11334,Obstacle Collision,21177.59,-1.289,0,1,0
11335,Success,21179.71,-0.139,0,0,1
11336,Success,21182.25,-0.167,0,0,1
11337,Success,21184.2,-0.078,0,0,1
11338,Success,21185.98,-0.072,0,0,1
11339,Success,21188.22,-0.072,0,0,1
11340,Success,21189.78,-0.072,0,0,1
11341,Obstacle Collision,21190.92,-1.048,0,1,0
11342,Obstacle Collision,21192.68,-1.294,0,1,0
11343,Success,21193.81,-0.05,0,0,1
11344,Obstacle Collision,21195.65,-0.942,0,1,0
11345,Success,21196.9,-0.044,0,0,1
11346,Success,21197.89,-0.044,0,0,1
11347,Success,21201.19,-0.094,0,0,1
11348,Success,21203.61,-2.633,0,0,1
11349,Success,21205.16,-0.05,0,0,1
11350,Obstacle Collision,21205.83,-1.267,0,1,0
11351,Success,21208.75,-0.106,0,0,1
11352,Obstacle Collision,21209.41,-4.644,0,1,0
11353,Success,21213.28,-1.811,0,0,1
11354,Success,21216.59,-0.183,0,0,1
11355,Success,21218.14,-0.056,0,0,1
11356,Success,21219.14,-0.039,0,0,1
11357,Success,21220.85,-0.067,0,0,1
11358,Obstacle Collision,21222.29,-1.328,0,1,0
11359,Timeout,21229.32,-0.6,0,0,0
11360,Obstacle Collision,21230.7,-1.039,0,1,0
11361,Success,21231.86,-0.044,0,0,1
11362,Obstacle Collision,21233.48,-1.3,0,1,0
11363,Success,21234.65,-0.044,0,0,1
11364,Success,21236.6,-0.083,0,0,1
11365,Obstacle Collision,21237.96,-1.289,0,1,0
11366,Success,21239.52,-0.056,0,0,1
11367,Success,21240.92,-0.05,0,0,1
11368,Success,21242.31,-0.044,0,0,1
11369,Obstacle Collision,21243.79,-1.311,0,1,0
11370,Success,21246.01,-0.061,0,0,1
11371,Obstacle Collision,21246.43,-1.261,0,1,0
11372,Success,21247.42,-0.039,0,0,1
11373,Success,21248.17,-0.033,0,0,1
11374,Success,21249.15,-0.044,0,0,1
11375,Success,21251.37,-0.933,0,0,1
11376,Obstacle Collision,21252.76,-1.289,0,1,0
11377,Success,21253.98,-0.039,0,0,1
11378,Success,21255.68,-0.067,0,0,1
11379,Obstacle Collision,21256.82,-1.278,0,1,0
11380,Success,21258.83,-3.489,0,0,1
11381,Success,21260.21,-0.039,0,0,1
11382,Obstacle Collision,21261.45,-1.028,0,1,0
11383,Obstacle Collision,21262.75,-1.052,0,1,0
11384,Success,21264.75,-0.139,0,0,1
11385,Obstacle Collision,21265.75,-1.117,0,1,0
11386,Obstacle Collision,21266.42,-1.267,0,1,0
11387,Success,21267.58,-0.05,0,0,1
11388,Success,21269.33,-0.056,0,0,1
11389,Success,21270.55,-0.044,0,0,1
11390,Obstacle Collision,21273.37,-2.064,0,1,0
11391,Success,21274.94,-0.067,0,0,1
11392,Obstacle Collision,21275.38,-1.261,0,1,0
11393,Success,21276.46,-0.028,0,0,1
11394,Obstacle Collision,21277.29,-1.189,0,1,0
11395,Obstacle Collision,21279.55,-1.311,0,1,0
11396,Obstacle Collision,21280.24,-1.272,0,1,0
11397,Obstacle Collision,21281.22,-1.158,0,1,0
11398,Success,21283.33,-1.778,0,0,1
11399,Success,21285.19,-0.05,0,0,1
11400,Success,21286.66,-0.061,0,0,1
11401,Obstacle Collision,21287.99,-1.283,0,1,0
11402,Success,21290.48,-0.089,0,0,1
11403,Agent Collision,21292.5,-4.35,1,0,0
11404,Success,21294.36,-2.622,0,0,1
11405,Obstacle Collision,21295.33,-1.289,0,1,0
11406,Success,21296.89,-0.044,0,0,1
11407,Success,21297.89,-0.033,0,0,1
11408,Success,21299.61,-0.067,0,0,1
11409,Success,21302.03,-0.072,0,0,1
11410,Success,21303.51,-0.056,0,0,1
11411,Success,21304.75,-0.039,0,0,1
11412,Success,21307.39,-0.078,0,0,1
11413,Success,21309.6,-0.094,0,0,1
11414,Obstacle Collision,21310.63,-1.158,0,1,0
11415,Success,21314.54,-0.194,0,0,1
11416,Success,21316.73,-0.072,0,0,1
11417,Obstacle Collision,21317.4,-1.267,0,1,0
11418,Success,21319.67,-4.339,0,0,1
11419,Obstacle Collision,21321.75,-1.311,0,1,0
11420,Obstacle Collision,21323.38,-4.711,0,1,0
11421,Success,21326.13,-0.089,0,0,1
11422,Obstacle Collision,21328.24,-1.314,0,1,0
11423,Success,21329.41,-0.033,0,0,1
11424,Obstacle Collision,21331.37,-2.156,0,1,0
11425,Obstacle Collision,21332.98,-1.35,0,1,0
11426,Success,21333.82,-0.028,0,0,1
11427,Success,21335.22,-0.039,0,0,1
11428,Success,21337.09,-0.061,0,0,1
11429,Success,21339.69,-0.094,0,0,1
11430,Obstacle Collision,21340.1,-1.261,0,1,0
11431,Success,21342.29,-0.072,0,0,1
11432,Success,21344.73,-0.067,0,0,1
11433,Success,21346.62,-0.067,0,0,1
11434,Success,21348.88,-0.944,0,0,1
11435,Agent Collision,21352.24,-4.383,1,0,0
11436,Obstacle Collision,21355.75,-1.378,0,1,0
11437,Obstacle Collision,21358.39,-2.861,0,1,0
11438,Success,21360.55,-0.072,0,0,1
11439,Success,21362.09,-0.061,0,0,1
11440,Success,21363.63,-0.056,0,0,1
11441,Success,21364.31,-0.022,0,0,1
11442,Success,21365.46,-0.05,0,0,1
11443,Obstacle Collision,21366.89,-1.122,0,1,0
11444,Obstacle Collision,21368.11,-1.104,0,1,0
11445,Success,21371.35,-0.944,0,0,1
11446,Success,21373.56,-0.061,0,0,1
11447,Obstacle Collision,21374.96,-1.283,0,1,0
11448,Success,21376.45,-0.061,0,0,1
11449,Success,21379.52,-0.1,0,0,1
11450,Success,21382.06,-0.167,0,0,1
11451,Obstacle Collision,21384.49,-1.344,0,1,0
11452,Obstacle Collision,21385.76,-0.931,0,1,0
11453,Obstacle Collision,21388.12,-6.211,0,1,0
11454,Obstacle Collision,21390.07,-3.878,0,1,0
11455,Success,21392.96,-0.089,0,0,1
11456,Success,21395.14,-0.089,0,0,1
11457,Success,21397.28,-0.067,0,0,1
11458,Obstacle Collision,21398.17,-1.111,0,1,0
11459,Obstacle Collision,21400.14,-2.886,0,1,0
11460,Obstacle Collision,21401.44,-1.283,0,1,0
11461,Obstacle Collision,21403.62,-1.35,0,1,0
11462,Success,21404.77,-0.039,0,0,1
11463,Success,21407.42,-0.094,0,0,1
11464,Obstacle Collision,21409.5,-1.356,0,1,0
11465,Success,21411.44,-0.067,0,0,1
11466,Success,21412.91,-0.061,0,0,1
11467,Obstacle Collision,21414.21,-1.283,0,1,0
11468,Success,21418.1,-0.111,0,0,1
11469,Obstacle Collision,21418.85,-1.272,0,1,0
11470,Obstacle Collision,21419.29,-1.722,0,1,0
11471,Obstacle Collision,21421.38,-1.328,0,1,0
11472,Obstacle Collision,21422.29,-1.272,0,1,0
11473,Success,21424.9,-1.8,0,0,1
11474,Obstacle Collision,21425.85,-1.194,0,1,0
11475,Success,21428.62,-0.083,0,0,1
11476,Obstacle Collision,21429.54,-1.289,0,1,0
11477,Success,21431.89,-0.089,0,0,1
11478,Success,21432.64,-0.022,0,0,1
11479,Success,21434.45,-0.067,0,0,1
11480,Success,21437.04,-0.089,0,0,1
11481,Success,21438.67,-0.05,0,0,1
11482,Success,21441.03,-0.072,0,0,1
11483,Obstacle Collision,21441.68,-1.225,0,1,0
11484,Success,21443.87,-0.083,0,0,1
11485,Obstacle Collision,21444.82,-1.248,0,1,0
11486,Success,21447.57,-0.083,0,0,1
11487,Obstacle Collision,21448.42,-1.117,0,1,0
11488,Obstacle Collision,21449.33,-1.278,0,1,0
11489,Agent Collision,21451.64,-1.772,1,0,0
11490,Success,21453.27,-0.072,0,0,1
11491,Success,21454.5,-0.056,0,0,1
11492,Obstacle Collision,21455.16,-1.267,0,1,0
11493,Obstacle Collision,21456.89,-1.294,0,1,0
11494,Success,21460.78,-0.15,0,0,1
11495,Success,21463.21,-1.828,0,0,1
11496,Success,21463.8,-0.022,0,0,1
11497,Success,21465.83,-0.083,0,0,1
11498,Obstacle Collision,21466.5,-1.267,0,1,0
11499,Obstacle Collision,21468.08,-1.3,0,1,0
11500,Obstacle Collision,21469.23,-1.278,0,1,0
11501,Success,21469.91,-0.028,0,0,1
11502,Success,21472.01,-0.094,0,0,1
11503,Success,21472.93,-0.039,0,0,1
11504,Obstacle Collision,21474.01,-1.278,0,1,0
11505,Obstacle Collision,21474.82,-1.19,0,1,0
11506,Success,21478.05,-0.106,0,0,1
11507,Success,21480.41,-0.072,0,0,1
11508,Success,21481.64,-0.056,0,0,1
11509,Agent Collision,21482.82,-0.889,1,0,0
11510,Obstacle Collision,21483.43,-3.833,0,1,0
11511,Success,21485.9,-0.1,0,0,1
11512,Timeout,21492.81,-0.6,0,0,0
11513,Success,21494.2,-0.05,0,0,1
11514,Success,21495.61,-0.072,0,0,1
11515,Obstacle Collision,21496.77,-1.121,0,1,0
11516,Success,21500.26,-1.817,0,0,1
11517,Success,21503.59,-0.972,0,0,1
11518,Success,21505.96,-0.072,0,0,1
11519,Success,21507.42,-0.056,0,0,1
11520,Success,21509.21,-0.067,0,0,1
11521,Success,21511.02,-0.056,0,0,1
11522,Obstacle Collision,21512.74,-0.982,0,1,0
11523,Success,21513.82,-0.044,0,0,1
11524,Success,21514.65,-0.028,0,0,1
11525,Success,21515.88,-0.039,0,0,1
11526,Success,21516.94,-0.033,0,0,1
11527,Obstacle Collision,21517.38,-1.261,0,1,0
11528,Obstacle Collision,21518.35,-2.989,0,1,0
11529,Success,21520.9,-0.089,0,0,1
11530,Success,21523.28,-0.078,0,0,1
11531,Success,21526.34,-0.939,0,0,1
11532,Success,21527.48,-0.044,0,0,1
11533,Success,21529.62,-0.067,0,0,1
11534,Success,21532.56,-0.189,0,0,1
11535,Success,21534.82,-0.078,0,0,1
11536,Obstacle Collision,21536.23,-1.289,0,1,0
11537,Success,21537.96,-0.061,0,0,1
11538,Success,21539.31,-0.039,0,0,1
11539,Success,21540.85,-0.05,0,0,1
11540,Success,21542.08,-0.05,0,0,1
11541,Obstacle Collision,21544.08,-1.306,0,1,0
11542,Obstacle Collision,21544.52,-1.261,0,1,0
11543,Success,21545.99,-0.056,0,0,1
11544,Success,21547.38,-0.05,0,0,1
11545,Agent Collision,21549.42,-1.772,1,0,0
11546,Obstacle Collision,21550.54,-1.278,0,1,0
11547,Success,21553.41,-0.939,0,0,1
11548,Obstacle Collision,21553.84,-1.261,0,1,0
11549,Success,21556.92,-0.117,0,0,1
11550,Obstacle Collision,21558.01,-1.147,0,1,0
11551,Success,21561.83,-4.389,0,0,1
11552,Obstacle Collision,21563.22,-3.0,0,1,0
11553,Success,21564.05,-0.028,0,0,1
11554,Success,21566.69,-0.089,0,0,1
11555,Success,21568.65,-0.067,0,0,1
11556,Obstacle Collision,21571.13,-1.322,0,1,0
11557,Obstacle Collision,21572.27,-1.278,0,1,0
11558,Success,21573.78,-0.067,0,0,1
11559,Success,21575.11,-0.056,0,0,1
11560,Obstacle Collision,21576.27,-1.278,0,1,0
11561,Success,21578.0,-0.061,0,0,1
11562,Success,21580.13,-0.117,0,0,1
11563,Success,21581.36,-0.894,0,0,1
11564,Success,21582.75,-0.05,0,0,1
11565,Obstacle Collision,21583.18,-1.261,0,1,0
11566,Success,21587.17,-0.25,0,0,1
11567,Obstacle Collision,21588.87,-1.294,0,1,0
11568,Success,21591.29,-0.072,0,0,1
11569,Success,21594.1,-0.094,0,0,1
11570,Obstacle Collision,21596.54,-1.322,0,1,0
11571,Success,21600.59,-5.278,0,0,1
11572,Success,21601.91,-0.039,0,0,1
11573,Success,21604.9,-0.139,0,0,1
11574,Obstacle Collision,21605.51,-1.225,0,1,0
11575,Success,21607.56,-1.811,0,0,1
11576,Success,21610.49,-0.083,0,0,1
11577,Success,21612.41,-0.906,0,0,1
11578,Obstacle Collision,21613.97,-1.344,0,1,0
11579,Obstacle Collision,21614.64,-1.267,0,1,0
11580,Obstacle Collision,21615.3,-1.267,0,1,0
11581,Obstacle Collision,21616.86,-2.014,0,1,0
11582,Obstacle Collision,21618.35,-1.014,0,1,0
11583,Success,21619.65,-0.039,0,0,1
11584,Success,21624.02,-1.011,0,0,1
11585,Obstacle Collision,21628.31,-2.261,0,1,0
11586,Success,21629.07,-0.033,0,0,1
11587,Success,21632.15,-1.011,0,0,1
11588,Obstacle Collision,21633.2,-1.218,0,1,0
11589,Success,21635.56,-0.061,0,0,1
11590,Success,21639.32,-0.117,0,0,1
11591,Success,21641.66,-0.083,0,0,1
11592,Obstacle Collision,21644.47,-1.356,0,1,0
11593,Success,21646.69,-0.106,0,0,1
11594,Agent Collision,21648.62,-3.489,1,0,0
11595,Success,21650.52,-0.072,0,0,1
11596,Obstacle Collision,21655.22,-1.062,0,1,0
11597,Success,21659.29,-0.056,0,0,1
11598,Success,21663.02,-0.2,0,0,1
11599,Obstacle Collision,21664.5,-1.253,0,1,0
11600,Success,21666.86,-0.1,0,0,1
11601,Success,21668.1,-0.906,0,0,1
11602,Obstacle Collision,21670.18,-1.333,0,1,0
11603,Obstacle Collision,21672.73,-1.35,0,1,0
11604,Obstacle Collision,21674.16,-1.289,0,1,0
11605,Success,21677.65,-0.117,0,0,1
11606,Success,21680.44,-0.956,0,0,1
11607,Success,21682.4,-0.106,0,0,1
11608,Success,21685.35,-0.106,0,0,1
11609,Success,21687.59,-3.539,0,0,1
11610,Obstacle Collision,21688.5,-1.272,0,1,0
11611,Success,21690.44,-2.622,0,0,1
11612,Agent Collision,21691.58,-0.889,1,0,0
11613,Obstacle Collision,21693.59,-1.144,0,1,0
11614,Success,21696.84,-0.1,0,0,1
11615,Obstacle Collision,21699.02,-1.306,0,1,0
11616,Obstacle Collision,21700.66,-1.339,0,1,0
11617,Obstacle Collision,21701.76,-1.278,0,1,0
11618,Success,21703.36,-0.067,0,0,1
11619,Obstacle Collision,21705.3,-1.339,0,1,0
11620,Obstacle Collision,21707.23,-1.792,0,1,0
11621,Timeout,21713.6,-0.6,0,0,0
11622,Obstacle Collision,21714.46,-1.272,0,1,0
11623,Success,21716.4,-0.906,0,0,1
11624,Success,21718.88,-0.944,0,0,1
11625,Success,21720.1,-0.039,0,0,1
11626,Success,21721.81,-0.061,0,0,1
11627,Obstacle Collision,21723.44,-1.061,0,1,0
11628,Success,21725.74,-0.094,0,0,1
11629,Success,21729.37,-0.167,0,0,1
11630,Success,21731.41,-0.078,0,0,1
11631,Success,21733.99,-0.089,0,0,1
11632,Obstacle Collision,21737.57,-1.378,0,1,0
11633,Obstacle Collision,21738.24,-1.728,0,1,0
11634,Success,21739.56,-0.05,0,0,1
11635,Success,21741.74,-0.083,0,0,1
11636,Obstacle Collision,21743.92,-1.181,0,1,0
11637,Success,21745.23,-0.039,0,0,1
11638,Success,21746.47,-0.05,0,0,1
11639,Success,21749.3,-0.106,0,0,1
11640,Obstacle Collision,21751.81,-1.148,0,1,0
11641,Obstacle Collision,21754.14,-0.756,0,1,0
11642,Success,21755.57,-0.056,0,0,1
11643,Obstacle Collision,21756.86,-1.289,0,1,0
11644,Obstacle Collision,21758.72,-1.317,0,1,0
11645,Obstacle Collision,21759.79,-1.283,0,1,0
11646,Obstacle Collision,21760.94,-1.194,0,1,0
11647,Success,21762.64,-0.061,0,0,1
11648,Success,21764.04,-0.056,0,0,1
11649,Success,21765.99,-0.061,0,0,1
11650,Success,21768.35,-0.106,0,0,1
11651,Success,21771.15,-0.928,0,0,1
11652,Success,21773.63,-0.111,0,0,1
11653,Obstacle Collision,21775.32,-3.872,0,1,0
11654,Success,21778.99,-0.172,0,0,1
11655,Obstacle Collision,21784.65,-1.661,0,1,0
11656,Obstacle Collision,21785.41,-1.153,0,1,0
11657,Success,21786.95,-0.044,0,0,1
11658,Obstacle Collision,21790.03,-1.347,0,1,0
11659,Obstacle Collision,21792.54,-1.394,0,1,0
11660,Obstacle Collision,21793.51,-1.117,0,1,0
11661,Success,21796.07,-0.106,0,0,1
11662,Success,21799.95,-0.972,0,0,1
11663,Obstacle Collision,21801.09,-1.083,0,1,0
11664,Success,21802.99,-0.078,0,0,1
11665,Obstacle Collision,21803.43,-1.722,0,1,0
11666,Success,21806.08,-2.656,0,0,1
11667,Obstacle Collision,21807.42,-1.306,0,1,0
11668,Success,21809.23,-0.078,0,0,1
11669,Obstacle Collision,21811.09,-1.317,0,1,0
11670,Success,21814.22,-0.961,0,0,1
11671,Success,21815.21,-0.039,0,0,1
11672,Success,21817.57,-0.061,0,0,1
11673,Success,21820.23,-0.1,0,0,1
11674,Success,21821.49,-0.061,0,0,1
11675,Success,21824.59,-4.372,0,0,1
11676,Success,21827.03,-0.078,0,0,1
11677,Success,21828.73,-0.067,0,0,1
11678,Success,21830.99,-0.067,0,0,1
11679,Success,21833.73,-0.95,0,0,1
11680,Obstacle Collision,21838.46,-1.583,0,1,0
11681,Obstacle Collision,21839.93,-1.177,0,1,0
11682,Success,21841.8,-0.061,0,0,1
11683,Obstacle Collision,21843.54,-1.192,0,1,0
11684,Success,21845.07,-0.072,0,0,1
11685,Obstacle Collision,21847.72,-1.322,0,1,0
11686,Success,21849.83,-0.922,0,0,1
11687,Obstacle Collision,21850.76,-1.278,0,1,0
11688,Success,21852.05,-0.05,0,0,1
11689,Success,21853.79,-0.05,0,0,1
11690,Success,21857.11,-0.117,0,0,1
11691,Success,21860.29,-0.083,0,0,1
11692,Obstacle Collision,21862.71,-1.317,0,1,0
11693,Obstacle Collision,21864.54,-1.322,0,1,0
11694,Obstacle Collision,21865.77,-1.289,0,1,0
11695,Obstacle Collision,21866.21,-1.261,0,1,0
11696,Obstacle Collision,21867.61,-2.144,0,1,0
11697,Success,21869.16,-0.05,0,0,1
11698,Success,21872.14,-0.139,0,0,1
11699,Obstacle Collision,21873.22,-1.28,0,1,0
11700,Success,21875.58,-0.083,0,0,1
11701,Success,21877.04,-0.056,0,0,1
11702,Success,21878.93,-0.061,0,0,1
11703,Obstacle Collision,21880.18,-1.009,0,1,0
11704,Obstacle Collision,21882.97,-1.4,0,1,0
11705,Obstacle Collision,21884.2,-1.289,0,1,0
11706,Success,21885.5,-0.039,0,0,1
11707,Success,21887.28,-0.078,0,0,1
11708,Success,21889.51,-0.139,0,0,1
11709,Success,21893.04,-0.194,0,0,1
11710,Obstacle Collision,21895.05,-1.311,0,1,0
11711,Success,21898.27,-5.239,0,0,1
11712,Success,21899.76,-0.056,0,0,1
11713,Obstacle Collision,21900.45,-1.267,0,1,0
11714,Success,21901.71,-0.072,0,0,1
11715,Obstacle Collision,21902.71,-1.217,0,1,0
11716,Obstacle Collision,21903.18,-1.261,0,1,0
11717,Success,21904.53,-0.056,0,0,1
11718,Success,21906.65,-0.072,0,0,1
11719,Success,21907.51,-0.039,0,0,1
11720,Success,21910.06,-0.089,0,0,1
11721,Obstacle Collision,21915.64,-1.7,0,1,0
11722,Success,21917.36,-0.05,0,0,1
11723,Success,21919.57,-0.089,0,0,1
11724,Success,21921.66,-0.078,0,0,1
11725,Success,21924.27,-0.089,0,0,1
11726,Success,21926.21,-0.061,0,0,1
11727,Success,21927.62,-0.056,0,0,1
11728,Success,21930.33,-0.094,0,0,1
11729,Success,21932.18,-0.078,0,0,1
11730,Obstacle Collision,21933.49,-1.283,0,1,0
11731,Obstacle Collision,21934.61,-1.276,0,1,0
11732,Success,21935.37,-0.022,0,0,1
11733,Success,21937.93,-0.95,0,0,1
11734,Success,21939.97,-0.056,0,0,1
11735,Success,21941.86,-0.061,0,0,1
11736,Success,21943.45,-0.083,0,0,1
11737,Success,21946.1,-0.972,0,0,1
11738,Success,21947.91,-0.072,0,0,1
11739,Success,21950.27,-0.094,0,0,1
11740,Success,21954.47,-0.172,0,0,1
11741,Success,21957.78,-3.517,0,0,1
11742,Success,21959.65,-0.078,0,0,1
11743,Obstacle Collision,21961.89,-1.367,0,1,0
11744,Success,21964.55,-0.078,0,0,1
11745,Obstacle Collision,21965.74,-1.122,0,1,0
11746,Success,21967.68,-0.061,0,0,1
11747,Timeout,21974.78,-0.6,0,0,0
11748,Obstacle Collision,21976.18,-1.306,0,1,0
11749,Success,21979.36,-0.089,0,0,1
11750,Success,21981.25,-0.922,0,0,1
11751,Success,21982.95,-0.061,0,0,1
11752,Success,21983.63,-0.028,0,0,1
11753,Success,21985.58,-0.072,0,0,1
11754,Agent Collision,21987.49,-5.106,1,0,0
11755,Obstacle Collision,21990.73,-1.422,0,1,0
11756,Success,21992.58,-0.072,0,0,1
11757,Obstacle Collision,21994.09,-1.339,0,1,0
11758,Obstacle Collision,21995.21,-1.278,0,1,0
11759,Success,21997.92,-0.089,0,0,1
11760,Obstacle Collision,22000.42,-1.32,0,1,0
11761,Obstacle Collision,22003.0,-3.489,0,1,0
11762,Obstacle Collision,22004.04,-1.257,0,1,0
11763,Obstacle Collision,22005.04,-1.294,0,1,0
11764,Success,22007.09,-0.117,0,0,1
11765,Success,22009.06,-0.078,0,0,1
11766,Obstacle Collision,22013.04,-1.506,0,1,0
11767,Success,22015.61,-0.1,0,0,1
11768,Obstacle Collision,22018.8,-1.389,0,1,0
11769,Obstacle Collision,22021.2,-1.073,0,1,0
11770,Success,22023.15,-0.056,0,0,1
11771,Obstacle Collision,22024.68,-2.171,0,1,0
11772,Success,22026.16,-0.056,0,0,1
11773,Obstacle Collision,22027.29,-1.086,0,1,0
11774,Success,22029.77,-1.828,0,0,1
11775,Success,22031.08,-0.061,0,0,1
11776,Success,22032.39,-0.044,0,0,1
11777,Success,22033.29,-0.033,0,0,1
11778,Success,22034.98,-0.061,0,0,1
11779,Success,22037.33,-0.1,0,0,1
11780,Obstacle Collision,22038.19,-1.272,0,1,0
11781,Obstacle Collision,22038.83,-1.267,0,1,0
11782,Obstacle Collision,22041.18,-2.108,0,1,0
11783,Success,22043.01,-0.056,0,0,1
11784,Obstacle Collision,22045.29,-1.264,0,1,0
11785,Obstacle Collision,22046.84,-1.228,0,1,0
11786,Success,22048.05,-0.044,0,0,1
11787,Obstacle Collision,22048.63,-3.833,0,1,0
11788,Success,22050.27,-0.906,0,0,1
11789,Success,22052.36,-0.089,0,0,1
11790,Success,22054.88,-0.078,0,0,1
11791,Success,22057.15,-0.106,0,0,1
11792,Success,22058.79,-0.061,0,0,1
11793,Success,22059.87,-0.039,0,0,1
11794,Success,22062.29,-0.078,0,0,1
11795,Obstacle Collision,22063.04,-1.191,0,1,0
11796,Obstacle Collision,22064.51,-1.03,0,1,0
11797,Obstacle Collision,22065.19,-1.267,0,1,0
11798,Success,22066.58,-0.906,0,0,1
11799,Success,22068.82,-0.089,0,0,1
11800,Obstacle Collision,22069.26,-1.261,0,1,0
11801,Success,22070.59,-0.056,0,0,1
11802,Obstacle Collision,22071.55,-1.153,0,1,0
11803,Success,22073.82,-0.061,0,0,1
11804,Obstacle Collision,22074.72,-1.161,0,1,0
11805,Success,22076.53,-0.067,0,0,1
11806,Success,22078.45,-0.911,0,0,1
11807,Success,22080.0,-0.078,0,0,1
11808,Success,22082.24,-0.083,0,0,1
11809,Agent Collision,22083.23,-4.306,1,0,0
11810,Obstacle Collision,22088.58,-1.694,0,1,0
11811,Obstacle Collision,22089.79,-1.151,0,1,0
11812,Success,22093.09,-0.1,0,0,1
11813,Success,22094.5,-0.056,0,0,1
11814,Success,22097.28,-0.933,0,0,1
11815,Success,22100.96,-0.189,0,0,1
11816,Success,22102.49,-0.056,0,0,1
11817,Success,22104.74,-0.061,0,0,1
11818,Success,22106.2,-0.044,0,0,1
11819,Success,22108.19,-0.078,0,0,1
11820,Obstacle Collision,22109.09,-1.272,0,1,0
11821,Success,22111.02,-0.056,0,0,1
11822,Success,22113.03,-0.072,0,0,1
11823,Success,22114.94,-0.078,0,0,1
11824,Obstacle Collision,22115.62,-1.267,0,1,0
11825,Obstacle Collision,22116.32,-1.267,0,1,0
11826,Success,22117.88,-0.067,0,0,1
11827,Obstacle Collision,22121.51,-1.528,0,1,0
11828,Obstacle Collision,22123.04,-1.113,0,1,0
11829,Success,22124.44,-0.061,0,0,1
11830,Obstacle Collision,22124.87,-1.261,0,1,0
11831,Success,22127.05,-0.072,0,0,1
11832,Success,22128.43,-0.056,0,0,1
11833,Obstacle Collision,22129.31,-1.257,0,1,0
11834,Success,22131.84,-2.656,0,0,1
11835,Success,22134.43,-0.094,0,0,1
11836,Obstacle Collision,22139.65,-1.622,0,1,0
11837,Obstacle Collision,22142.1,-1.383,0,1,0
11838,Success,22144.28,-0.061,0,0,1
11839,Success,22145.89,-0.061,0,0,1
11840,Success,22148.36,-1.817,0,0,1
11841,Success,22149.56,-0.033,0,0,1
11842,Obstacle Collision,22152.02,-13.35,0,1,0
11843,Obstacle Collision,22153.85,-1.372,0,1,0
11844,Obstacle Collision,22154.28,-1.261,0,1,0
11845,Obstacle Collision,22155.25,-1.194,0,1,0
11846,Success,22158.39,-1.017,0,0,1
11847,Agent Collision,22160.47,-1.783,1,0,0
11848,Success,22161.84,-0.039,0,0,1
11849,Success,22163.23,-0.067,0,0,1
11850,Success,22165.1,-0.072,0,0,1
11851,Obstacle Collision,22166.48,-1.283,0,1,0
11852,Success,22168.94,-0.067,0,0,1
11853,Success,22171.46,-0.072,0,0,1
11854,Success,22172.7,-0.05,0,0,1
11855,Success,22174.0,-0.039,0,0,1
11856,Obstacle Collision,22175.39,-1.283,0,1,0
11857,Success,22176.55,-0.039,0,0,1
11858,Obstacle Collision,22178.91,-1.417,0,1,0
11859,Obstacle Collision,22180.52,-6.428,0,1,0
11860,Success,22182.95,-0.083,0,0,1
11861,Success,22184.89,-0.067,0,0,1
11862,Success,22187.37,-0.094,0,0,1
11863,Success,22189.8,-0.094,0,0,1
11864,Success,22193.9,-1.856,0,0,1
11865,Obstacle Collision,22195.26,-1.289,0,1,0
11866,Success,22197.36,-0.094,0,0,1
11867,Success,22199.08,-0.067,0,0,1
11868,Obstacle Collision,22200.55,-1.294,0,1,0
11869,Obstacle Collision,22202.3,-1.339,0,1,0
11870,Obstacle Collision,22203.61,-1.05,0,1,0
11871,Success,22206.44,-0.094,0,0,1
11872,Success,22208.49,-0.061,0,0,1
11873,Success,22210.45,-0.072,0,0,1
11874,Obstacle Collision,22212.8,-2.149,0,1,0
11875,Success,22217.61,-0.139,0,0,1
11876,Success,22220.34,-0.933,0,0,1
11877,Success,22226.2,-2.744,0,0,1
11878,Success,22227.43,-0.044,0,0,1
11879,Success,22228.35,-0.033,0,0,1
11880,Obstacle Collision,22229.83,-7.176,0,1,0
11881,Obstacle Collision,22230.9,-1.283,0,1,0
11882,Obstacle Collision,22231.58,-1.289,0,1,0
11883,Obstacle Collision,22233.02,-5.567,0,1,0
11884,Success,22234.18,-0.05,0,0,1
11885,Success,22236.94,-0.078,0,0,1
11886,Success,22238.74,-0.05,0,0,1
11887,Success,22239.91,-0.044,0,0,1
11888,Success,22242.37,-0.922,0,0,1
11889,Success,22245.42,-0.078,0,0,1
11890,Success,22248.59,-3.539,0,0,1
11891,Obstacle Collision,22249.83,-4.311,0,1,0
11892,Obstacle Collision,22250.67,-1.243,0,1,0
11893,Obstacle Collision,22251.59,-1.283,0,1,0
11894,Agent Collision,22254.74,-4.372,1,0,0
11895,Success,22256.76,-0.072,0,0,1
11896,Obstacle Collision,22257.67,-2.128,0,1,0
11897,Agent Collision,22258.77,-4.306,1,0,0
11898,Obstacle Collision,22261.25,-1.389,0,1,0
11899,Obstacle Collision,22262.42,-1.278,0,1,0
11900,Success,22265.27,-0.956,0,0,1
11901,Obstacle Collision,22266.02,-1.147,0,1,0
11902,Obstacle Collision,22267.91,-1.306,0,1,0
11903,Success,22268.97,-0.044,0,0,1
11904,Obstacle Collision,22270.7,-1.193,0,1,0
11905,Obstacle Collision,22272.44,-1.294,0,1,0
11906,Success,22274.88,-0.089,0,0,1
11907,Success,22276.99,-0.922,0,0,1
11908,Success,22278.53,-0.05,0,0,1
11909,Success,22279.75,-0.039,0,0,1
11910,Success,22281.56,-0.067,0,0,1
11911,Obstacle Collision,22283.01,-1.294,0,1,0
11912,Obstacle Collision,22284.93,-1.306,0,1,0
11913,Obstacle Collision,22285.36,-1.261,0,1,0
11914,Success,22287.49,-0.089,0,0,1
11915,Success,22289.4,-0.061,0,0,1
11916,Success,22290.72,-0.05,0,0,1
11917,Agent Collision,22294.14,-1.806,1,0,0
11918,Obstacle Collision,22295.11,-1.242,0,1,0
11919,Success,22296.5,-0.056,0,0,1
11920,Obstacle Collision,22298.06,-0.976,0,1,0
11921,Success,22299.58,-0.044,0,0,1
11922,Obstacle Collision,22300.98,-1.289,0,1,0
11923,Obstacle Collision,22302.28,-1.158,0,1,0
11924,Success,22303.03,-0.033,0,0,1
11925,Success,22306.24,-0.083,0,0,1
11926,Obstacle Collision,22307.66,-0.859,0,1,0
11927,Obstacle Collision,22308.09,-1.261,0,1,0
11928,Success,22309.08,-0.044,0,0,1
11929,Obstacle Collision,22310.97,-1.125,0,1,0
11930,Success,22313.07,-0.067,0,0,1
11931,Obstacle Collision,22313.96,-1.272,0,1,0
11932,Obstacle Collision,22317.36,-1.411,0,1,0
11933,Success,22319.25,-0.083,0,0,1
11934,Obstacle Collision,22320.51,-1.294,0,1,0
11935,Obstacle Collision,22323.5,-1.372,0,1,0
11936,Success,22325.3,-0.067,0,0,1
11937,Success,22328.2,-2.644,0,0,1
11938,Obstacle Collision,22329.46,-1.273,0,1,0
11939,Obstacle Collision,22332.0,-1.389,0,1,0
11940,Success,22334.17,-0.067,0,0,1
11941,Obstacle Collision,22335.55,-1.283,0,1,0
11942,Success,22337.02,-0.044,0,0,1
11943,Obstacle Collision,22338.68,-1.026,0,1,0
11944,Success,22340.48,-0.067,0,0,1
11945,Success,22343.09,-0.1,0,0,1
11946,Success,22344.71,-0.044,0,0,1
11947,Success,22346.09,-0.039,0,0,1
11948,Success,22348.19,-0.072,0,0,1
11949,Success,22349.58,-0.05,0,0,1
11950,Success,22351.13,-0.056,0,0,1
11951,Success,22353.31,-0.1,0,0,1
11952,Success,22355.51,-0.1,0,0,1
11953,Obstacle Collision,22358.47,-1.058,0,1,0
11954,Obstacle Collision,22359.8,-1.317,0,1,0
11955,Obstacle Collision,22361.71,-0.828,0,1,0
11956,Success,22363.73,-0.067,0,0,1
11957,Success,22365.68,-0.078,0,0,1
11958,Success,22367.82,-0.117,0,0,1
11959,Success,22370.22,-0.083,0,0,1
11960,Success,22370.81,-0.022,0,0,1
11961,Obstacle Collision,22372.56,-1.03,0,1,0
11962,Success,22375.44,-0.106,0,0,1
11963,Obstacle Collision,22376.78,-2.144,0,1,0
11964,Success,22379.2,-0.083,0,0,1
11965,Success,22382.4,-0.211,0,0,1
11966,Agent Collision,22383.19,-3.444,1,0,0
11967,Success,22385.97,-0.956,0,0,1
11968,Obstacle Collision,22387.24,-1.008,0,1,0
11969,Obstacle Collision,22388.73,-1.008,0,1,0
11970,Obstacle Collision,22390.47,-1.294,0,1,0
11971,Obstacle Collision,22391.89,-1.3,0,1,0
11972,Success,22395.22,-0.156,0,0,1
11973,Success,22397.09,-0.061,0,0,1
11974,Obstacle Collision,22399.05,-1.322,0,1,0
11975,Success,22401.69,-6.072,0,0,1
11976,Success,22406.14,-7.922,0,0,1
11977,Success,22408.73,-0.094,0,0,1
11978,Success,22411.16,-0.106,0,0,1
11979,Success,22411.77,-0.022,0,0,1
11980,Success,22415.35,-0.117,0,0,1
11981,Obstacle Collision,22418.22,-1.411,0,1,0
11982,Obstacle Collision,22423.9,-1.611,0,1,0
11983,Success,22426.1,-0.078,0,0,1
11984,Obstacle Collision,22427.38,-1.289,0,1,0
11985,Success,22429.54,-0.078,0,0,1
11986,Obstacle Collision,22429.95,-1.261,0,1,0
11987,Obstacle Collision,22432.13,-1.088,0,1,0
11988,Success,22433.03,-0.039,0,0,1
11989,Success,22437.94,-3.594,0,0,1
11990,Obstacle Collision,22440.75,-1.483,0,1,0
11991,Obstacle Collision,22441.43,-2.122,0,1,0
11992,Success,22442.36,-0.033,0,0,1
11993,Obstacle Collision,22443.83,-1.333,0,1,0
11994,Success,22445.63,-0.061,0,0,1
11995,Success,22447.09,-0.05,0,0,1
11996,Success,22448.75,-0.067,0,0,1
11997,Obstacle Collision,22450.05,-1.171,0,1,0
11998,Obstacle Collision,22451.91,-1.35,0,1,0
11999,Success,22453.32,-0.056,0,0,1
12000,Success,22454.64,-0.056,0,0,1
12001,Success,22456.93,-0.094,0,0,1
12002,Obstacle Collision,22458.93,-0.9,0,1,0
12003,Obstacle Collision,22459.61,-1.267,0,1,0
12004,Success,22462.59,-0.133,0,0,1
12005,Obstacle Collision,22463.03,-1.261,0,1,0
12006,Success,22465.11,-0.111,0,0,1
12007,Obstacle Collision,22469.87,-1.583,0,1,0
12008,Obstacle Collision,22471.13,-1.08,0,1,0
12009,Obstacle Collision,22471.99,-2.983,0,1,0
12010,Success,22474.59,-0.072,0,0,1
12011,Obstacle Collision,22476.7,-1.097,0,1,0
12012,Obstacle Collision,22477.12,-1.261,0,1,0
12013,Success,22479.84,-0.106,0,0,1
12014,Success,22481.24,-0.044,0,0,1
12015,Success,22484.19,-0.961,0,0,1
12016,Success,22485.77,-0.067,0,0,1
12017,Success,22487.73,-0.061,0,0,1
12018,Obstacle Collision,22488.53,-1.272,0,1,0
12019,Obstacle Collision,22490.14,-1.306,0,1,0
12020,Success,22492.23,-0.083,0,0,1
12021,Success,22493.76,-0.05,0,0,1
12022,Success,22495.62,-0.061,0,0,1
12023,Success,22497.71,-0.928,0,0,1
12024,Obstacle Collision,22499.93,-1.242,0,1,0
12025,Success,22501.39,-0.044,0,0,1
12026,Success,22503.55,-0.072,0,0,1
12027,Success,22505.74,-0.094,0,0,1
12028,Success,22507.05,-0.039,0,0,1
12029,Success,22508.98,-0.061,0,0,1
12030,Success,22510.74,-0.05,0,0,1
12031,Success,22512.43,-0.061,0,0,1
12032,Success,22517.23,-0.189,0,0,1
12033,Success,22518.68,-0.061,0,0,1
12034,Success,22520.38,-0.056,0,0,1
12035,Obstacle Collision,22521.81,-1.289,0,1,0
12036,Obstacle Collision,22522.83,-1.153,0,1,0
12037,Success,22525.82,-0.117,0,0,1
12038,Success,22528.25,-0.078,0,0,1
12039,Success,22529.31,-0.044,0,0,1
12040,Success,22530.45,-0.056,0,0,1
12041,Success,22532.13,-0.089,0,0,1
12042,Success,22534.64,-0.089,0,0,1
12043,Success,22535.6,-1.739,0,0,1
12044,Success,22537.62,-0.067,0,0,1
12045,Success,22539.5,-0.067,0,0,1
12046,Success,22540.91,-0.056,0,0,1
12047,Success,22543.0,-0.061,0,0,1
12048,Obstacle Collision,22543.67,-1.267,0,1,0
12049,Success,22544.97,-0.044,0,0,1
12050,Success,22547.53,-0.089,0,0,1
12051,Obstacle Collision,22548.47,-1.278,0,1,0
12052,Success,22550.33,-0.1,0,0,1
12053,Obstacle Collision,22551.89,-1.306,0,1,0
12054,Obstacle Collision,22552.34,-1.261,0,1,0
12055,Success,22553.81,-0.044,0,0,1
12056,Obstacle Collision,22554.73,-1.967,0,1,0
12057,Success,22556.22,-0.056,0,0,1
12058,Obstacle Collision,22557.01,-1.272,0,1,0
12059,Success,22558.9,-0.072,0,0,1
12060,Success,22560.81,-0.072,0,0,1
12061,Obstacle Collision,22562.25,-1.294,0,1,0
12062,Obstacle Collision,22563.62,-1.283,0,1,0
12063,Obstacle Collision,22564.25,-1.225,0,1,0
12064,Obstacle Collision,22565.61,-1.283,0,1,0
12065,Success,22567.56,-1.772,0,0,1
12066,Success,22569.18,-0.056,0,0,1
12067,Success,22571.07,-0.061,0,0,1
12068,Obstacle Collision,22571.75,-2.144,0,1,0
12069,Obstacle Collision,22573.37,-1.317,0,1,0
12070,Success,22575.77,-0.078,0,0,1
12071,Obstacle Collision,22577.53,-1.306,0,1,0
12072,Obstacle Collision,22578.91,-2.6,0,1,0
12073,Obstacle Collision,22581.07,-1.317,0,1,0
12074,Success,22583.31,-0.078,0,0,1
12075,Obstacle Collision,22583.72,-1.261,0,1,0
12076,Success,22585.52,-0.05,0,0,1
12077,Obstacle Collision,22587.15,-1.294,0,1,0
12078,Success,22588.47,-0.05,0,0,1
12079,Success,22590.87,-0.072,0,0,1
12080,Success,22593.24,-0.094,0,0,1
12081,Success,22596.85,-0.217,0,0,1
12082,Success,22599.32,-0.078,0,0,1
12083,Obstacle Collision,22601.17,-4.733,0,1,0
12084,Success,22603.51,-0.078,0,0,1
12085,Obstacle Collision,22606.7,-3.117,0,1,0
12086,Success,22609.84,-0.139,0,0,1
12087,Success,22611.47,-0.072,0,0,1
12088,Success,22614.75,-2.678,0,0,1
12089,Obstacle Collision,22616.3,-1.294,0,1,0
12090,Obstacle Collision,22617.86,-0.911,0,1,0
12091,Obstacle Collision,22619.45,-1.222,0,1,0
12092,Success,22621.98,-0.111,0,0,1
12093,Obstacle Collision,22623.53,-0.995,0,1,0
12094,Obstacle Collision,22624.21,-1.267,0,1,0
12095,Obstacle Collision,22626.31,-1.339,0,1,0
12096,Success,22628.85,-0.106,0,0,1
12097,Success,22631.32,-0.106,0,0,1
12098,Success,22633.46,-3.5,0,0,1
12099,Obstacle Collision,22635.73,-1.333,0,1,0
12100,Success,22637.13,-0.044,0,0,1
12101,Success,22639.96,-0.078,0,0,1
12102,Success,22641.45,-0.044,0,0,1
12103,Success,22643.34,-0.917,0,0,1
12104,Obstacle Collision,22643.96,-1.267,0,1,0
12105,Success,22645.11,-0.033,0,0,1
12106,Success,22646.75,-0.067,0,0,1
12107,Obstacle Collision,22648.48,-1.097,0,1,0
12108,Success,22650.86,-0.094,0,0,1
12109,Success,22652.67,-0.067,0,0,1
12110,Success,22654.56,-0.078,0,0,1
12111,Success,22656.15,-0.061,0,0,1
12112,Obstacle Collision,22657.4,-1.16,0,1,0
12113,Obstacle Collision,22659.66,-2.83,0,1,0
12114,Success,22662.25,-0.1,0,0,1
12115,Agent Collision,22664.24,-1.767,1,0,0
12116,Agent Collision,22666.03,-3.483,1,0,0
12117,Obstacle Collision,22668.66,-1.317,0,1,0
12118,Success,22670.84,-0.061,0,0,1
12119,Obstacle Collision,22675.91,-1.583,0,1,0
12120,Obstacle Collision,22679.37,-1.361,0,1,0
12121,Success,22682.74,-3.511,0,0,1
12122,Obstacle Collision,22683.75,-1.062,0,1,0
12123,Obstacle Collision,22685.67,-1.067,0,1,0
12124,Obstacle Collision,22686.68,-1.278,0,1,0
12125,Obstacle Collision,22688.02,-1.2,0,1,0
12126,Success,22689.52,-0.044,0,0,1
12127,Success,22691.89,-0.928,0,0,1
12128,Obstacle Collision,22693.65,-1.294,0,1,0
12129,Success,22695.22,-0.056,0,0,1
12130,Obstacle Collision,22696.87,-1.306,0,1,0
12131,Success,22698.99,-0.067,0,0,1
12132,Success,22700.93,-0.067,0,0,1
12133,Obstacle Collision,22702.8,-1.131,0,1,0
12134,Obstacle Collision,22706.04,-1.361,0,1,0
12135,Success,22706.87,-0.028,0,0,1
12136,Success,22708.57,-0.072,0,0,1
12137,Success,22709.95,-0.039,0,0,1
12138,Obstacle Collision,22710.71,-1.117,0,1,0
12139,Obstacle Collision,22711.69,-4.7,0,1,0
12140,Success,22713.33,-0.056,0,0,1
12141,Success,22714.83,-0.056,0,0,1
12142,Obstacle Collision,22715.61,-2.128,0,1,0
12143,Success,22717.98,-0.078,0,0,1
12144,Obstacle Collision,22719.23,-1.294,0,1,0
12145,Obstacle Collision,22719.9,-1.267,0,1,0
12146,Obstacle Collision,22722.84,-1.444,0,1,0
12147,Obstacle Collision,22723.76,-1.272,0,1,0
12148,Success,22725.34,-0.056,0,0,1
12149,Success,22726.42,-0.039,0,0,1
12150,Success,22728.79,-0.061,0,0,1
12151,Obstacle Collision,22730.14,-0.931,0,1,0
12152,Success,22732.74,-0.106,0,0,1
12153,Obstacle Collision,22735.14,-1.428,0,1,0
12154,Success,22736.38,-0.044,0,0,1
12155,Success,22738.0,-0.05,0,0,1
12156,Success,22740.73,-0.106,0,0,1
12157,Success,22743.91,-1.806,0,0,1
12158,Success,22746.51,-0.106,0,0,1
12159,Success,22748.07,-0.044,0,0,1
12160,Agent Collision,22749.08,-3.456,1,0,0
12161,Obstacle Collision,22751.38,-1.026,0,1,0
12162,Success,22753.69,-0.083,0,0,1
12163,Success,22755.06,-0.044,0,0,1
12164,Obstacle Collision,22755.74,-1.267,0,1,0
12165,Success,22757.93,-0.917,0,0,1
12166,Success,22759.56,-0.056,0,0,1
12167,Success,22761.65,-1.772,0,0,1
12168,Success,22762.4,-0.022,0,0,1
12169,Success,22763.88,-0.05,0,0,1
12170,Success,22767.79,-1.078,0,0,1
12171,Success,22768.94,-0.039,0,0,1
12172,Success,22769.87,-0.039,0,0,1
12173,Obstacle Collision,22770.79,-1.175,0,1,0
12174,Success,22772.97,-1.806,0,0,1
12175,Obstacle Collision,22774.26,-1.294,0,1,0
12176,Obstacle Collision,22777.3,-1.383,0,1,0
12177,Success,22778.92,-0.917,0,0,1
12178,Success,22779.91,-0.033,0,0,1
12179,Obstacle Collision,22781.04,-1.278,0,1,0
12180,Agent Collision,22783.9,-2.667,1,0,0
12181,Obstacle Collision,22787.55,-7.372,0,1,0
12182,Success,22788.87,-0.05,0,0,1
12183,Success,22791.91,-0.106,0,0,1
12184,Success,22792.73,-0.022,0,0,1
12185,Success,22795.51,-0.1,0,0,1
12186,Success,22797.86,-0.083,0,0,1
12187,Success,22799.19,-0.05,0,0,1
12188,Obstacle Collision,22800.97,-1.322,0,1,0
12189,Success,22801.96,-0.039,0,0,1
12190,Timeout,22809.15,-0.6,0,0,0
12191,Obstacle Collision,22810.63,-1.275,0,1,0
12192,Success,22812.69,-0.078,0,0,1
12193,Obstacle Collision,22814.11,-0.951,0,1,0
12194,Success,22815.61,-0.056,0,0,1
12195,Obstacle Collision,22817.28,-1.294,0,1,0
12196,Success,22820.45,-0.089,0,0,1
12197,Obstacle Collision,22823.86,-3.2,0,1,0
12198,Obstacle Collision,22827.51,-5.628,0,1,0
12199,Obstacle Collision,22829.34,-3.472,0,1,0
12200,Obstacle Collision,22829.94,-2.978,0,1,0
12201,Success,22832.23,-0.1,0,0,1
12202,Success,22833.63,-0.067,0,0,1
12203,Success,22836.82,-0.117,0,0,1
12204,Success,22838.77,-0.083,0,0,1
12205,Obstacle Collision,22839.38,-1.226,0,1,0
12206,Success,22841.31,-0.05,0,0,1
12207,Success,22844.53,-0.117,0,0,1
12208,Success,22846.31,-1.778,0,0,1
12209,Success,22849.14,-0.111,0,0,1
12210,Success,22850.54,-0.05,0,0,1
12211,Success,22852.43,-0.111,0,0,1
12212,Success,22855.54,-0.083,0,0,1
12213,Success,22857.41,-0.067,0,0,1
12214,Success,22858.18,-0.033,0,0,1
12215,Success,22860.37,-0.061,0,0,1
12216,Success,22863.13,-0.083,0,0,1
12217,Success,22865.05,-3.5,0,0,1
12218,Success,22866.73,-0.067,0,0,1
12219,Obstacle Collision,22867.86,-1.739,0,1,0
12220,Success,22869.8,-0.072,0,0,1
12221,Success,22872.15,-0.928,0,0,1
12222,Success,22874.24,-0.072,0,0,1
12223,Success,22876.25,-0.067,0,0,1
12224,Success,22878.35,-0.117,0,0,1
12225,Obstacle Collision,22879.5,-1.117,0,1,0
12226,Success,22880.59,-0.033,0,0,1
12227,Success,22882.7,-0.094,0,0,1
12228,Success,22884.59,-0.056,0,0,1
12229,Obstacle Collision,22885.28,-1.267,0,1,0
12230,Success,22886.94,-0.056,0,0,1
12231,Obstacle Collision,22888.07,-1.283,0,1,0
12232,Success,22889.47,-0.061,0,0,1
12233,Obstacle Collision,22890.12,-1.267,0,1,0
12234,Success,22891.86,-0.067,0,0,1
12235,Agent Collision,22892.98,-3.472,1,0,0
12236,Success,22894.71,-0.061,0,0,1
12237,Success,22896.31,-0.056,0,0,1
12238,Success,22898.05,-0.072,0,0,1
12239,Success,22899.71,-0.056,0,0,1
12240,Success,22901.87,-0.094,0,0,1
12241,Success,22903.28,-0.044,0,0,1
12242,Success,22904.12,-0.028,0,0,1
12243,Success,22905.61,-0.05,0,0,1
12244,Success,22908.64,-0.978,0,0,1
12245,Success,22910.27,-0.056,0,0,1
12246,Success,22911.92,-0.078,0,0,1
12247,Success,22913.55,-0.05,0,0,1
12248,Obstacle Collision,22915.37,-1.131,0,1,0
12249,Success,22917.32,-0.056,0,0,1
12250,Obstacle Collision,22918.79,-1.024,0,1,0
12251,Success,22919.53,-0.022,0,0,1
12252,Success,22920.76,-0.05,0,0,1
12253,Success,22922.32,-2.611,0,0,1
12254,Success,22923.87,-0.05,0,0,1
12255,Success,22926.2,-0.144,0,0,1
12256,Success,22928.1,-0.072,0,0,1
12257,Success,22929.94,-0.056,0,0,1
12258,Obstacle Collision,22931.75,-1.162,0,1,0
12259,Obstacle Collision,22932.9,-1.278,0,1,0
12260,Obstacle Collision,22934.29,-1.283,0,1,0
12261,Success,22936.29,-1.778,0,0,1
12262,Success,22937.43,-0.033,0,0,1
12263,Obstacle Collision,22938.58,-1.278,0,1,0
12264,Success,22940.23,-0.078,0,0,1
12265,Success,22941.97,-0.078,0,0,1
12266,Success,22946.81,-3.572,0,0,1
12267,Success,22949.0,-2.633,0,0,1
12268,Success,22950.71,-0.056,0,0,1
12269,Success,22952.03,-0.061,0,0,1
12270,Success,22953.84,-0.072,0,0,1
12271,Obstacle Collision,22956.37,-1.389,0,1,0
12272,Success,22959.26,-0.094,0,0,1
12273,Success,22960.96,-0.044,0,0,1
12274,Obstacle Collision,22961.75,-1.231,0,1,0
12275,Success,22963.37,-0.061,0,0,1
12276,Obstacle Collision,22965.98,-1.328,0,1,0
12277,Success,22967.44,-1.778,0,0,1
12278,Success,22968.98,-0.044,0,0,1
12279,Success,22971.09,-0.072,0,0,1
12280,Success,22974.47,-0.128,0,0,1
12281,Obstacle Collision,22975.57,-1.739,0,1,0
12282,Obstacle Collision,22976.06,-1.267,0,1,0
12283,Obstacle Collision,22978.17,-0.981,0,1,0
12284,Obstacle Collision,22979.25,-1.093,0,1,0
12285,Obstacle Collision,22982.2,-1.472,0,1,0
12286,Obstacle Collision,22983.3,-1.129,0,1,0
12287,Success,22986.22,-0.122,0,0,1
12288,Success,22987.6,-0.039,0,0,1
12289,Success,22989.94,-0.067,0,0,1
12290,Obstacle Collision,22991.01,-1.057,0,1,0
12291,Obstacle Collision,22993.74,-1.339,0,1,0
12292,Obstacle Collision,22994.65,-1.272,0,1,0
12293,Success,22996.6,-0.067,0,0,1
12294,Success,22998.25,-0.083,0,0,1
12295,Success,23000.28,-0.061,0,0,1
12296,Obstacle Collision,23002.49,-1.306,0,1,0
12297,Success,23003.39,-0.028,0,0,1
12298,Success,23005.15,-0.044,0,0,1
12299,Success,23007.61,-1.789,0,0,1
12300,Obstacle Collision,23009.23,-1.306,0,1,0
12301,Success,23010.4,-0.05,0,0,1
12302,Success,23011.82,-0.056,0,0,1
12303,Success,23012.98,-0.039,0,0,1
12304,Success,23014.94,-0.072,0,0,1
12305,Obstacle Collision,23015.62,-1.267,0,1,0
12306,Success,23017.67,-0.083,0,0,1
12307,Obstacle Collision,23019.24,-1.288,0,1,0
12308,Success,23021.89,-0.967,0,0,1
12309,Success,23024.35,-0.144,0,0,1
12310,Success,23027.18,-0.117,0,0,1
12311,Obstacle Collision,23027.87,-1.189,0,1,0
12312,Success,23029.96,-0.072,0,0,1
12313,Obstacle Collision,23032.31,-3.787,0,1,0
12314,Obstacle Collision,23033.4,-1.283,0,1,0
12315,Success,23037.36,-3.55,0,0,1
12316,Obstacle Collision,23039.61,-1.411,0,1,0
12317,Success,23042.17,-4.361,0,0,1
12318,Obstacle Collision,23043.28,-1.009,0,1,0
12319,Obstacle Collision,23043.72,-1.261,0,1,0
12320,Success,23044.8,-0.05,0,0,1
12321,Success,23046.72,-0.061,0,0,1
12322,Success,23048.19,-0.067,0,0,1
12323,Obstacle Collision,23049.09,-1.272,0,1,0
12324,Success,23049.94,-0.039,0,0,1
12325,Success,23051.83,-0.083,0,0,1
12326,Success,23053.77,-0.061,0,0,1
12327,Success,23055.34,-0.078,0,0,1
12328,Success,23058.54,-0.2,0,0,1
12329,Success,23062.1,-0.211,0,0,1
12330,Success,23063.98,-0.061,0,0,1
12331,Obstacle Collision,23064.95,-1.194,0,1,0
12332,Success,23067.01,-0.078,0,0,1
12333,Obstacle Collision,23071.56,-1.594,0,1,0
12334,Success,23073.1,-0.05,0,0,1
12335,Success,23075.65,-0.928,0,0,1
12336,Success,23076.49,-0.039,0,0,1
12337,Success,23081.66,-0.194,0,0,1
12338,Success,23084.95,-1.867,0,0,1
12339,Obstacle Collision,23086.08,-1.164,0,1,0
12340,Obstacle Collision,23086.75,-1.267,0,1,0
12341,Obstacle Collision,23088.3,-1.3,0,1,0
12342,Success,23091.92,-0.278,0,0,1
12343,Success,23094.1,-1.8,0,0,1
12344,Obstacle Collision,23095.9,-1.062,0,1,0
12345,Obstacle Collision,23096.34,-1.261,0,1,0
12346,Success,23097.56,-0.039,0,0,1
12347,Success,23099.91,-0.094,0,0,1
12348,Success,23101.47,-0.056,0,0,1
12349,Obstacle Collision,23101.91,-1.261,0,1,0
12350,Agent Collision,23103.74,-2.622,1,0,0
12351,Success,23105.05,-0.061,0,0,1
12352,Obstacle Collision,23106.69,-1.339,0,1,0
12353,Obstacle Collision,23108.75,-0.956,0,1,0
12354,Success,23110.22,-0.05,0,0,1
12355,Success,23111.7,-0.061,0,0,1
12356,Success,23113.01,-0.894,0,0,1
12357,Agent Collision,23116.39,-7.8,1,0,0
12358,Obstacle Collision,23117.05,-1.267,0,1,0
12359,Success,23119.85,-0.1,0,0,1
12360,Obstacle Collision,23120.6,-1.245,0,1,0
12361,Obstacle Collision,23123.07,-3.028,0,1,0
12362,Success,23124.38,-0.061,0,0,1
12363,Success,23126.66,-0.083,0,0,1
12364,Success,23128.56,-0.106,0,0,1
12365,Obstacle Collision,23130.96,-1.422,0,1,0
12366,Success,23132.57,-0.061,0,0,1
12367,Success,23134.13,-0.061,0,0,1
12368,Success,23135.65,-0.044,0,0,1
12369,Obstacle Collision,23136.75,-1.278,0,1,0
12370,Success,23138.66,-0.061,0,0,1
12371,Success,23143.69,-1.883,0,0,1
12372,Success,23144.8,-0.056,0,0,1
12373,Success,23147.38,-0.956,0,0,1
12374,Obstacle Collision,23147.77,-1.261,0,1,0
12375,Success,23150.43,-0.961,0,0,1
12376,Obstacle Collision,23152.49,-2.228,0,1,0
12377,Obstacle Collision,23153.34,-1.231,0,1,0
12378,Obstacle Collision,23154.97,-0.967,0,1,0
12379,Obstacle Collision,23156.07,-1.225,0,1,0
12380,Obstacle Collision,23156.64,-1.263,0,1,0
12381,Success,23158.12,-0.05,0,0,1
12382,Obstacle Collision,23159.68,-1.229,0,1,0
12383,Success,23162.39,-0.956,0,0,1
12384,Success,23164.82,-0.083,0,0,1
12385,Obstacle Collision,23167.84,-1.389,0,1,0
12386,Obstacle Collision,23169.29,-1.01,0,1,0
12387,Success,23170.51,-0.033,0,0,1
12388,Success,23173.03,-0.094,0,0,1
12389,Success,23174.2,-0.056,0,0,1
12390,Success,23175.13,-0.033,0,0,1
12391,Obstacle Collision,23177.52,-1.383,0,1,0
12392,Success,23179.73,-0.089,0,0,1
12393,Success,23181.13,-0.056,0,0,1
12394,Success,23183.16,-0.067,0,0,1
12395,Obstacle Collision,23184.65,-1.339,0,1,0
12396,Success,23186.43,-0.056,0,0,1
12397,Success,23187.5,-0.044,0,0,1
12398,Success,23189.51,-0.067,0,0,1
12399,Success,23191.66,-0.122,0,0,1
12400,Obstacle Collision,23193.57,-1.103,0,1,0
12401,Success,23195.49,-0.089,0,0,1
12402,Success,23197.48,-0.072,0,0,1
12403,Obstacle Collision,23198.16,-1.232,0,1,0
12404,Success,23200.25,-0.072,0,0,1
12405,Success,23202.87,-0.072,0,0,1
12406,Obstacle Collision,23203.83,-1.184,0,1,0
12407,Obstacle Collision,23204.7,-1.231,0,1,0
12408,Obstacle Collision,23207.49,-1.328,0,1,0
12409,Success,23209.17,-0.044,0,0,1
12410,Success,23212.75,-0.167,0,0,1
12411,Obstacle Collision,23213.87,-1.081,0,1,0
12412,Success,23214.62,-0.022,0,0,1
12413,Obstacle Collision,23215.91,-1.3,0,1,0
12414,Success,23217.45,-0.061,0,0,1
12415,Obstacle Collision,23219.24,-1.311,0,1,0
12416,Success,23221.18,-0.072,0,0,1
12417,Obstacle Collision,23222.78,-1.322,0,1,0
12418,Success,23225.18,-0.1,0,0,1
12419,Obstacle Collision,23226.03,-1.078,0,1,0
12420,Success,23228.16,-0.083,0,0,1
12421,Success,23230.19,-0.078,0,0,1
12422,Success,23231.6,-0.067,0,0,1
12423,Obstacle Collision,23232.27,-1.267,0,1,0
12424,Success,23233.84,-0.072,0,0,1
12425,Success,23235.75,-1.767,0,0,1
12426,Success,23237.43,-0.05,0,0,1
12427,Success,23239.52,-0.067,0,0,1
12428,Obstacle Collision,23241.08,-1.133,0,1,0
12429,Success,23244.39,-0.1,0,0,1
12430,Obstacle Collision,23246.24,-1.294,0,1,0
12431,Success,23248.13,-0.056,0,0,1
12432,Success,23251.27,-0.15,0,0,1
12433,Obstacle Collision,23251.72,-1.261,0,1,0
12434,Obstacle Collision,23254.01,-1.333,0,1,0
12435,Obstacle Collision,23255.22,-1.039,0,1,0
12436,Obstacle Collision,23256.74,-1.289,0,1,0
12437,Success,23258.91,-0.078,0,0,1
12438,Success,23261.16,-0.994,0,0,1
12439,Obstacle Collision,23262.66,-1.333,0,1,0
12440,Obstacle Collision,23265.15,-1.406,0,1,0
12441,Success,23266.38,-0.061,0,0,1
12442,Success,23268.64,-4.356,0,0,1
12443,Success,23270.42,-0.056,0,0,1
12444,Obstacle Collision,23276.0,-1.667,0,1,0
12445,Obstacle Collision,23279.88,-1.55,0,1,0
12446,Obstacle Collision,23281.01,-1.278,0,1,0
12447,Success,23282.79,-0.05,0,0,1
12448,Obstacle Collision,23284.17,-1.247,0,1,0
12449,Success,23285.55,-0.061,0,0,1
12450,Obstacle Collision,23286.27,-1.151,0,1,0
12451,Obstacle Collision,23286.94,-1.267,0,1,0
12452,Success,23289.13,-0.072,0,0,1
12453,Obstacle Collision,23290.82,-1.367,0,1,0
12454,Agent Collision,23292.17,-2.606,1,0,0
12455,Success,23295.1,-2.644,0,0,1
12456,Obstacle Collision,23296.3,-1.28,0,1,0
12457,Obstacle Collision,23298.01,-1.169,0,1,0
12458,Success,23299.56,-0.911,0,0,1
12459,Success,23301.1,-0.061,0,0,1
12460,Success,23304.78,-0.111,0,0,1
12461,Obstacle Collision,23307.38,-1.122,0,1,0
12462,Success,23308.68,-0.056,0,0,1
12463,Success,23312.44,-0.133,0,0,1
12464,Obstacle Collision,23313.91,-1.306,0,1,0
12465,Success,23316.53,-1.789,0,0,1
12466,Success,23318.75,-0.094,0,0,1
12467,Obstacle Collision,23319.71,-1.3,0,1,0
12468,Success,23321.59,-0.067,0,0,1
12469,Success,23323.14,-0.056,0,0,1
12470,Success,23325.56,-0.078,0,0,1
12471,Obstacle Collision,23328.17,-10.558,0,1,0
12472,Success,23329.82,-0.056,0,0,1
12473,Obstacle Collision,23331.76,-1.339,0,1,0
12474,Success,23333.18,-0.05,0,0,1
12475,Success,23335.16,-0.911,0,0,1
12476,Success,23337.21,-0.078,0,0,1
12477,Success,23338.3,-3.461,0,0,1
12478,Success,23342.03,-0.156,0,0,1
12479,Obstacle Collision,23346.67,-2.3,0,1,0
12480,Obstacle Collision,23348.59,-1.344,0,1,0
12481,Success,23349.66,-0.033,0,0,1
12482,Agent Collision,23352.45,-5.199,1,0,0
12483,Obstacle Collision,23352.89,-1.261,0,1,0
12484,Success,23354.76,-0.061,0,0,1
12485,Success,23355.77,-0.033,0,0,1
12486,Success,23357.48,-1.761,0,0,1
12487,Success,23360.17,-0.156,0,0,1
12488,Success,23364.64,-3.567,0,0,1
12489,Success,23366.96,-0.067,0,0,1
12490,Success,23369.43,-0.156,0,0,1
12491,Success,23371.05,-0.061,0,0,1
12492,Success,23372.5,-0.05,0,0,1
12493,Success,23375.03,-0.078,0,0,1
12494,Success,23376.25,-0.9,0,0,1
12495,Success,23377.56,-0.05,0,0,1
12496,Obstacle Collision,23378.4,-1.272,0,1,0
12497,Obstacle Collision,23380.0,-1.311,0,1,0
12498,Agent Collision,23382.16,-0.911,1,0,0
12499,Success,23383.87,-0.072,0,0,1
12500,Agent Collision,23385.58,-0.911,1,0,0
12501,Success,23387.13,-0.067,0,0,1
12502,Obstacle Collision,23388.42,-1.087,0,1,0
12503,Success,23389.64,-0.039,0,0,1
12504,Success,23391.69,-0.1,0,0,1
12505,Obstacle Collision,23393.17,-1.288,0,1,0
12506,Obstacle Collision,23397.81,-1.442,0,1,0
12507,Obstacle Collision,23400.1,-0.825,0,1,0
12508,Obstacle Collision,23401.67,-1.084,0,1,0
12509,Success,23404.72,-0.1,0,0,1
12510,Obstacle Collision,23405.83,-1.278,0,1,0
12511,Obstacle Collision,23406.59,-1.733,0,1,0
12512,Success,23408.08,-0.067,0,0,1
12513,Success,23409.23,-0.033,0,0,1
12514,Obstacle Collision,23411.11,-1.339,0,1,0
12515,Obstacle Collision,23412.94,-1.103,0,1,0
12516,Obstacle Collision,23413.39,-1.261,0,1,0
12517,Obstacle Collision,23413.8,-1.261,0,1,0
12518,Obstacle Collision,23414.25,-2.117,0,1,0
12519,Success,23417.47,-0.1,0,0,1
12520,Obstacle Collision,23421.5,-4.011,0,1,0
12521,Success,23423.78,-0.072,0,0,1
12522,Obstacle Collision,23424.97,-1.075,0,1,0
12523,Success,23427.0,-0.122,0,0,1
12524,Success,23428.39,-0.056,0,0,1
12525,Success,23429.62,-0.05,0,0,1
12526,Obstacle Collision,23431.5,-1.3,0,1,0
12527,Success,23432.56,-0.039,0,0,1
12528,Obstacle Collision,23433.5,-1.278,0,1,0
12529,Obstacle Collision,23434.53,-1.249,0,1,0
12530,Success,23436.54,-0.061,0,0,1
12531,Success,23438.73,-0.939,0,0,1
12532,Obstacle Collision,23441.2,-1.383,0,1,0
12533,Obstacle Collision,23441.87,-1.267,0,1,0
12534,Obstacle Collision,23443.35,-1.344,0,1,0
12535,Agent Collision,23445.6,-1.789,1,0,0
12536,Obstacle Collision,23448.25,-1.378,0,1,0
12537,Obstacle Collision,23449.81,-1.289,0,1,0
12538,Obstacle Collision,23451.52,-1.328,0,1,0
12539,Success,23454.37,-0.117,0,0,1
12540,Obstacle Collision,23454.81,-1.261,0,1,0
12541,Obstacle Collision,23456.89,-1.104,0,1,0
12542,Obstacle Collision,23459.12,-1.274,0,1,0
12543,Success,23461.29,-0.128,0,0,1
12544,Success,23464.43,-0.094,0,0,1
12545,Success,23466.27,-0.061,0,0,1
12546,Success,23468.8,-0.083,0,0,1
12547,Success,23469.87,-0.033,0,0,1
12548,Obstacle Collision,23472.17,-3.044,0,1,0
12549,Success,23475.72,-0.139,0,0,1
12550,Success,23477.65,-0.078,0,0,1
12551,Success,23479.2,-0.911,0,0,1
12552,Obstacle Collision,23480.54,-1.283,0,1,0
12553,Obstacle Collision,23482.11,-1.003,0,1,0
12554,Success,23483.74,-0.072,0,0,1
12555,Obstacle Collision,23485.79,-2.969,0,1,0
12556,Obstacle Collision,23489.18,-0.918,0,1,0
12557,Success,23491.26,-0.072,0,0,1
12558,Obstacle Collision,23492.48,-1.117,0,1,0
12559,Agent Collision,23495.61,-1.806,1,0,0
12560,Success,23498.73,-0.967,0,0,1
12561,Success,23500.17,-0.05,0,0,1
12562,Success,23502.94,-0.111,0,0,1
12563,Obstacle Collision,23503.98,-1.158,0,1,0
12564,Obstacle Collision,23505.73,-1.328,0,1,0
12565,Success,23508.92,-0.144,0,0,1
12566,Success,23510.54,-0.078,0,0,1
12567,Success,23513.92,-0.122,0,0,1
12568,Success,23514.98,-0.05,0,0,1
12569,Obstacle Collision,23517.39,-1.389,0,1,0
12570,Success,23520.83,-2.65,0,0,1
12571,Obstacle Collision,23522.74,-1.048,0,1,0
12572,Obstacle Collision,23523.92,-1.283,0,1,0
12573,Success,23525.21,-0.039,0,0,1
12574,Success,23527.19,-0.078,0,0,1
12575,Success,23530.11,-0.2,0,0,1
12576,Success,23532.42,-0.078,0,0,1
12577,Obstacle Collision,23533.71,-1.137,0,1,0
12578,Obstacle Collision,23534.62,-1.283,0,1,0
12579,Obstacle Collision,23537.42,-1.389,0,1,0
12580,Obstacle Collision,23538.03,-1.225,0,1,0
12581,Success,23540.62,-0.072,0,0,1
12582,Obstacle Collision,23542.36,-0.955,0,1,0
12583,Obstacle Collision,23543.18,-1.272,0,1,0
12584,Success,23545.25,-0.067,0,0,1
12585,Obstacle Collision,23545.93,-1.267,0,1,0
12586,Obstacle Collision,23547.79,-0.894,0,1,0
12587,Success,23552.47,-0.133,0,0,1
12588,Success,23554.49,-0.078,0,0,1
12589,Success,23556.05,-0.05,0,0,1
12590,Success,23557.29,-0.044,0,0,1
12591,Success,23559.95,-0.089,0,0,1
12592,Success,23561.35,-0.056,0,0,1
12593,Success,23563.68,-0.083,0,0,1
12594,Success,23565.55,-0.067,0,0,1
12595,Obstacle Collision,23569.44,-3.805,0,1,0
12596,Success,23570.76,-0.05,0,0,1
12597,Obstacle Collision,23572.75,-1.047,0,1,0
12598,Obstacle Collision,23573.91,-1.283,0,1,0
12599,Success,23575.7,-0.067,0,0,1
12600,Success,23577.91,-0.106,0,0,1
12601,Obstacle Collision,23580.68,-1.339,0,1,0
12602,Obstacle Collision,23581.35,-1.267,0,1,0
12603,Obstacle Collision,23582.18,-1.006,0,1,0
12604,Success,23585.14,-0.111,0,0,1
12605,Obstacle Collision,23587.49,-1.172,0,1,0
12606,Success,23589.43,-0.061,0,0,1
12607,Success,23591.44,-0.061,0,0,1
12608,Obstacle Collision,23592.95,-0.865,0,1,0
12609,Success,23595.53,-0.072,0,0,1
12610,Success,23597.98,-0.1,0,0,1
12611,Obstacle Collision,23601.98,-1.833,0,1,0
12612,Success,23603.92,-0.067,0,0,1
12613,Obstacle Collision,23604.37,-1.261,0,1,0
12614,Success,23607.19,-0.933,0,0,1
12615,Obstacle Collision,23608.61,-2.606,0,1,0
12616,Success,23610.18,-0.067,0,0,1
12617,Success,23611.42,-0.039,0,0,1
12618,Obstacle Collision,23612.49,-1.06,0,1,0
12619,Obstacle Collision,23617.36,-1.628,0,1,0
12620,Obstacle Collision,23617.8,-1.261,0,1,0
12621,Success,23620.06,-6.883,0,0,1
12622,Success,23622.21,-0.072,0,0,1
12623,Success,23625.11,-0.083,0,0,1
12624,Success,23628.01,-0.089,0,0,1
12625,Success,23629.88,-0.067,0,0,1
12626,Success,23631.98,-0.078,0,0,1
12627,Obstacle Collision,23633.73,-1.294,0,1,0
12628,Success,23637.0,-5.239,0,0,1
12629,Success,23638.84,-0.061,0,0,1
12630,Success,23641.55,-0.117,0,0,1
12631,Success,23643.24,-0.067,0,0,1
12632,Success,23646.09,-0.089,0,0,1
12633,Success,23648.68,-0.111,0,0,1
12634,Success,23650.95,-0.072,0,0,1
12635,Obstacle Collision,23653.9,-1.257,0,1,0
12636,Success,23655.64,-0.072,0,0,1
12637,Success,23658.73,-0.106,0,0,1
12638,Obstacle Collision,23659.16,-1.261,0,1,0
12639,Success,23660.62,-0.067,0,0,1
12640,Success,23663.54,-0.089,0,0,1
12641,Success,23664.83,-0.044,0,0,1
12642,Success,23667.47,-0.111,0,0,1
12643,Obstacle Collision,23668.44,-1.278,0,1,0
12644,Obstacle Collision,23669.05,-1.197,0,1,0
12645,Success,23670.32,-0.044,0,0,1
12646,Obstacle Collision,23671.68,-1.283,0,1,0
12647,Success,23674.32,-0.083,0,0,1
12648,Success,23677.02,-0.106,0,0,1
12649,Success,23679.47,-3.483,0,0,1
12650,Obstacle Collision,23680.72,-1.196,0,1,0
12651,Success,23683.12,-0.067,0,0,1
12652,Obstacle Collision,23683.7,-1.153,0,1,0
12653,Success,23686.79,-0.111,0,0,1
12654,Success,23689.02,-0.067,0,0,1
12655,Agent Collision,23690.44,-3.444,1,0,0
12656,Obstacle Collision,23691.12,-1.267,0,1,0
12657,Success,23692.76,-0.05,0,0,1
12658,Obstacle Collision,23694.22,-1.289,0,1,0
12659,Obstacle Collision,23696.56,-5.633,0,1,0
12660,Success,23698.85,-0.061,0,0,1
12661,Obstacle Collision,23700.34,-1.317,0,1,0
12662,Obstacle Collision,23701.91,-1.277,0,1,0
12663,Success,23704.24,-0.094,0,0,1
12664,Success,23706.36,-0.067,0,0,1
12665,Success,23708.32,-0.089,0,0,1
12666,Success,23710.77,-0.072,0,0,1
12667,Success,23712.9,-0.078,0,0,1
12668,Obstacle Collision,23714.09,-1.023,0,1,0
12669,Success,23716.36,-0.078,0,0,1
12670,Success,23719.3,-0.1,0,0,1
12671,Success,23721.14,-0.061,0,0,1
12672,Success,23722.52,-0.061,0,0,1
12673,Obstacle Collision,23722.96,-1.261,0,1,0
12674,Success,23724.83,-0.061,0,0,1
12675,Obstacle Collision,23725.51,-1.267,0,1,0
12676,Success,23728.53,-1.638,0,0,1
12677,Obstacle Collision,23729.6,-1.282,0,1,0
12678,Obstacle Collision,23732.95,-2.07,0,1,0
12679,Success,23735.07,-0.083,0,0,1
12680,Success,23737.67,-0.083,0,0,1
12681,Success,23739.56,-0.067,0,0,1
12682,Obstacle Collision,23740.3,-1.231,0,1,0
12683,Obstacle Collision,23741.83,-1.008,0,1,0
12684,Success,23744.92,-2.683,0,0,1
12685,Success,23747.92,-0.1,0,0,1
12686,Success,23749.83,-0.067,0,0,1
12687,Success,23751.74,-0.061,0,0,1
12688,Success,23753.54,-0.078,0,0,1
12689,Success,23754.6,-0.039,0,0,1
12690,Success,23757.68,-0.083,0,0,1
12691,Success,23758.99,-0.05,0,0,1
12692,Success,23760.05,-0.039,0,0,1
12693,Obstacle Collision,23760.9,-1.084,0,1,0
12694,Success,23764.58,-0.106,0,0,1
12695,Success,23767.83,-0.122,0,0,1
12696,Obstacle Collision,23769.2,-1.283,0,1,0
12697,Success,23772.17,-0.978,0,0,1
12698,Success,23775.47,-0.972,0,0,1
12699,Success,23779.3,-0.128,0,0,1
12700,Success,23781.73,-0.944,0,0,1
12701,Success,23782.58,-0.033,0,0,1
12702,Obstacle Collision,23785.36,-1.339,0,1,0
12703,Obstacle Collision,23788.76,-2.25,0,1,0
12704,Obstacle Collision,23790.09,-1.283,0,1,0
12705,Success,23791.16,-0.033,0,0,1
12706,Success,23792.48,-0.056,0,0,1
12707,Obstacle Collision,23792.92,-1.261,0,1,0
12708,Success,23794.7,-2.622,0,0,1
12709,Success,23797.06,-0.067,0,0,1
12710,Success,23799.13,-0.072,0,0,1
12711,Success,23800.85,-0.067,0,0,1
12712,Success,23802.9,-0.083,0,0,1
12713,Obstacle Collision,23807.58,-1.633,0,1,0
12714,Agent Collision,23808.69,-2.594,1,0,0
12715,Success,23809.76,-0.044,0,0,1
12716,Success,23811.88,-0.078,0,0,1
12717,Success,23814.26,-0.067,0,0,1
12718,Success,23815.95,-0.05,0,0,1
12719,Obstacle Collision,23816.84,-1.272,0,1,0
12720,Success,23817.66,-0.028,0,0,1
12721,Success,23819.79,-0.061,0,0,1
12722,Obstacle Collision,23821.05,-1.081,0,1,0
12723,Obstacle Collision,23821.72,-1.267,0,1,0
12724,Success,23823.18,-0.056,0,0,1
12725,Agent Collision,23825.63,-11.206,1,0,0
12726,Success,23827.56,-0.061,0,0,1
12727,Success,23829.41,-0.05,0,0,1
12728,Success,23831.88,-0.083,0,0,1
12729,Success,23833.19,-0.044,0,0,1
12730,Obstacle Collision,23835.35,-1.316,0,1,0
12731,Success,23836.81,-0.044,0,0,1
12732,Obstacle Collision,23838.51,-1.328,0,1,0
12733,Obstacle Collision,23843.55,-1.556,0,1,0
12734,Obstacle Collision,23844.72,-1.289,0,1,0
12735,Obstacle Collision,23845.4,-1.267,0,1,0
12736,Success,23847.43,-0.056,0,0,1
12737,Success,23850.59,-0.094,0,0,1
12738,Success,23852.6,-0.061,0,0,1
12739,Success,23854.78,-0.061,0,0,1
12740,Success,23857.03,-0.072,0,0,1
12741,Success,23860.57,-0.1,0,0,1
12742,Obstacle Collision,23862.13,-1.289,0,1,0
12743,Success,23864.2,-0.056,0,0,1
12744,Success,23866.57,-0.072,0,0,1
12745,Success,23867.71,-0.044,0,0,1
12746,Obstacle Collision,23869.11,-1.328,0,1,0
12747,Success,23871.31,-0.072,0,0,1
12748,Obstacle Collision,23872.44,-1.283,0,1,0
12749,Success,23873.04,-0.028,0,0,1
12750,Obstacle Collision,23874.32,-1.283,0,1,0
12751,Agent Collision,23876.27,-3.478,1,0,0
12752,Obstacle Collision,23878.02,-1.367,0,1,0
12753,Obstacle Collision,23879.37,-1.283,0,1,0
12754,Obstacle Collision,23880.85,-3.461,0,1,0
12755,Success,23883.1,-0.078,0,0,1
12756,Success,23884.78,-4.328,0,0,1
12757,Success,23886.76,-0.072,0,0,1
12758,Success,23888.52,-0.067,0,0,1
12759,Success,23889.82,-0.039,0,0,1
12760,Agent Collision,23891.38,-4.344,1,0,0
12761,Success,23893.18,-0.067,0,0,1
12762,Success,23896.51,-0.122,0,0,1
12763,Success,23898.22,-0.056,0,0,1
12764,Success,23899.28,-0.033,0,0,1
12765,Obstacle Collision,23900.42,-1.278,0,1,0
12766,Success,23902.15,-0.911,0,0,1
12767,Obstacle Collision,23903.34,-0.967,0,1,0
12768,Obstacle Collision,23905.04,-1.169,0,1,0
12769,Success,23906.42,-0.056,0,0,1
12770,Obstacle Collision,23907.49,-1.08,0,1,0
12771,Success,23909.1,-0.05,0,0,1
12772,Success,23912.25,-0.117,0,0,1
12773,Success,23914.39,-0.083,0,0,1
12774,Obstacle Collision,23918.83,-1.556,0,1,0
12775,Success,23921.84,-5.242,0,0,1
12776,Obstacle Collision,23923.31,-2.15,0,1,0
12777,Success,23924.92,-0.061,0,0,1
12778,Success,23927.4,-0.078,0,0,1
12779,Success,23928.07,-0.022,0,0,1
12780,Success,23933.14,-2.761,0,0,1
12781,Obstacle Collision,23934.12,-1.003,0,1,0
12782,Obstacle Collision,23936.15,-1.062,0,1,0
12783,Success,23937.82,-0.083,0,0,1
12784,Obstacle Collision,23941.13,-1.439,0,1,0
12785,Obstacle Collision,23942.91,-1.294,0,1,0
12786,Obstacle Collision,23944.03,-3.716,0,1,0
12787,Success,23945.17,-0.033,0,0,1
12788,Success,23946.26,-0.044,0,0,1
12789,Success,23948.1,-0.922,0,0,1
12790,Success,23950.65,-0.067,0,0,1
12791,Obstacle Collision,23952.01,-1.3,0,1,0
12792,Success,23955.54,-4.394,0,0,1
12793,Success,23957.87,-0.944,0,0,1
12794,Obstacle Collision,23960.74,-1.333,0,1,0
12795,Obstacle Collision,23961.37,-1.267,0,1,0
12796,Success,23963.0,-0.072,0,0,1
12797,Obstacle Collision,23964.73,-1.311,0,1,0
12798,Obstacle Collision,23965.17,-1.261,0,1,0
12799,Success,23966.78,-1.761,0,0,1
12800,Obstacle Collision,23967.7,-1.272,0,1,0
12801,Success,23969.88,-0.083,0,0,1
12802,Success,23972.96,-0.167,0,0,1
12803,Success,23974.83,-0.067,0,0,1
12804,Success,23976.57,-0.067,0,0,1
12805,Obstacle Collision,23978.63,-1.097,0,1,0
12806,Agent Collision,23979.96,-6.028,1,0,0
12807,Success,23982.23,-0.067,0,0,1
12808,Obstacle Collision,23983.16,-1.272,0,1,0
12809,Obstacle Collision,23983.6,-1.261,0,1,0
12810,Obstacle Collision,23985.13,-1.767,0,1,0
12811,Obstacle Collision,23986.49,-0.846,0,1,0
12812,Success,23989.31,-3.456,0,0,1
12813,Obstacle Collision,23991.8,-1.822,0,1,0
12814,Success,23993.52,-0.072,0,0,1
12815,Success,23995.52,-0.067,0,0,1
12816,Success,23997.6,-0.061,0,0,1
12817,Success,23998.76,-0.05,0,0,1
12818,Success,24000.53,-0.05,0,0,1
12819,Obstacle Collision,24001.92,-7.25,0,1,0
12820,Obstacle Collision,24002.98,-1.289,0,1,0
12821,Success,24005.12,-0.094,0,0,1
12822,Success,24007.82,-2.656,0,0,1
12823,Success,24008.89,-1.75,0,0,1
12824,Success,24009.88,-1.756,0,0,1
12825,Success,24012.21,-3.528,0,0,1
12826,Success,24014.29,-0.072,0,0,1
12827,Success,24015.67,-0.061,0,0,1
12828,Obstacle Collision,24017.85,-6.444,0,1,0
12829,Success,24019.49,-0.056,0,0,1
12830,Success,24022.82,-0.161,0,0,1
12831,Obstacle Collision,24023.95,-5.556,0,1,0
12832,Success,24025.82,-0.089,0,0,1
12833,Obstacle Collision,24027.18,-1.289,0,1,0
12834,Success,24029.01,-0.083,0,0,1
12835,Success,24030.95,-0.078,0,0,1
12836,Agent Collision,24036.07,-1.9,1,0,0
12837,Obstacle Collision,24036.7,-1.267,0,1,0
12838,Success,24038.3,-0.044,0,0,1
12839,Success,24040.38,-0.928,0,0,1
12840,Success,24042.0,-0.056,0,0,1
12841,Success,24044.03,-0.072,0,0,1
12842,Success,24045.84,-0.1,0,0,1
12843,Obstacle Collision,24047.02,-1.081,0,1,0
12844,Success,24049.09,-0.067,0,0,1
12845,Success,24049.76,-0.028,0,0,1
12846,Success,24052.35,-2.65,0,0,1
12847,Success,24054.66,-0.094,0,0,1
12848,Success,24056.06,-0.039,0,0,1
12849,Success,24057.9,-0.067,0,0,1
12850,Success,24059.7,-0.05,0,0,1
12851,Obstacle Collision,24060.47,-1.075,0,1,0
12852,Obstacle Collision,24062.41,-1.322,0,1,0
12853,Obstacle Collision,24063.25,-1.231,0,1,0
12854,Success,24066.35,-1.794,0,0,1
12855,Obstacle Collision,24067.42,-1.162,0,1,0
12856,Success,24069.44,-0.067,0,0,1
12857,Success,24072.35,-0.106,0,0,1
12858,Success,24075.4,-0.094,0,0,1
12859,Success,24077.54,-0.094,0,0,1
12860,Success,24080.01,-0.083,0,0,1
12861,Obstacle Collision,24082.97,-1.378,0,1,0
12862,Success,24084.74,-0.061,0,0,1
12863,Success,24087.7,-2.65,0,0,1
12864,Obstacle Collision,24089.25,-0.972,0,1,0
12865,Success,24092.31,-0.956,0,0,1
12866,Obstacle Collision,24093.48,-1.287,0,1,0
12867,Obstacle Collision,24095.65,-1.389,0,1,0
12868,Success,24097.46,-1.772,0,0,1
12869,Obstacle Collision,24098.63,-1.278,0,1,0
12870,Success,24100.06,-0.072,0,0,1
12871,Success,24102.87,-0.122,0,0,1
12872,Obstacle Collision,24104.8,-0.912,0,1,0
12873,Obstacle Collision,24107.48,-3.556,0,1,0
12874,Obstacle Collision,24114.2,-1.783,0,1,0
12875,Success,24116.22,-0.072,0,0,1
12876,Success,24117.63,-0.056,0,0,1
12877,Success,24119.06,-0.056,0,0,1
12878,Obstacle Collision,24120.24,-1.04,0,1,0
12879,Success,24123.79,-0.094,0,0,1
12880,Success,24125.23,-0.039,0,0,1
12881,Success,24127.97,-0.089,0,0,1
12882,Success,24130.71,-0.1,0,0,1
12883,Obstacle Collision,24131.42,-1.267,0,1,0
12884,Success,24133.19,-0.056,0,0,1
12885,Obstacle Collision,24134.8,-1.27,0,1,0
12886,Obstacle Collision,24135.48,-1.267,0,1,0
12887,Success,24138.9,-0.111,0,0,1
12888,Success,24143.14,-0.144,0,0,1
12889,Obstacle Collision,24145.3,-1.322,0,1,0
12890,Success,24146.45,-0.044,0,0,1
12891,Success,24148.26,-0.083,0,0,1
12892,Obstacle Collision,24149.99,-0.953,0,1,0
12893,Obstacle Collision,24151.43,-1.294,0,1,0
12894,Success,24152.96,-0.061,0,0,1
12895,Obstacle Collision,24153.84,-1.733,0,1,0
12896,Success,24155.53,-0.056,0,0,1
12897,Success,24157.38,-0.967,0,0,1
12898,Success,24159.22,-0.117,0,0,1
12899,Obstacle Collision,24162.11,-1.328,0,1,0
12900,Success,24163.44,-0.056,0,0,1
12901,Success,24165.76,-0.078,0,0,1
12902,Obstacle Collision,24167.57,-1.294,0,1,0
12903,Obstacle Collision,24168.0,-2.139,0,1,0
12904,Obstacle Collision,24168.61,-1.183,0,1,0
12905,Success,24170.27,-0.089,0,0,1
12906,Obstacle Collision,24171.21,-1.283,0,1,0
12907,Success,24173.32,-0.067,0,0,1
12908,Obstacle Collision,24174.92,-0.929,0,1,0
12909,Obstacle Collision,24176.26,-1.311,0,1,0
12910,Obstacle Collision,24177.38,-1.009,0,1,0
12911,Success,24178.78,-0.061,0,0,1
12912,Success,24180.56,-0.072,0,0,1
12913,Success,24182.64,-0.061,0,0,1
12914,Obstacle Collision,24183.07,-1.261,0,1,0
12915,Success,24184.86,-0.072,0,0,1
12916,Success,24186.39,-0.044,0,0,1
12917,Success,24188.18,-0.067,0,0,1
12918,Obstacle Collision,24189.06,-1.733,0,1,0
12919,Success,24192.62,-0.122,0,0,1
12920,Obstacle Collision,24194.63,-1.328,0,1,0
12921,Success,24195.56,-0.039,0,0,1
12922,Success,24197.19,-0.056,0,0,1
12923,Obstacle Collision,24200.12,-1.467,0,1,0
12924,Success,24201.03,-0.044,0,0,1
12925,Success,24202.24,-0.039,0,0,1
12926,Obstacle Collision,24203.83,-3.0,0,1,0
12927,Obstacle Collision,24206.33,-4.356,0,1,0
12928,Success,24208.5,-0.083,0,0,1
12929,Success,24209.75,-0.039,0,0,1
12930,Obstacle Collision,24211.83,-1.306,0,1,0
12931,Success,24212.99,-0.05,0,0,1
12932,Success,24213.9,-0.028,0,0,1
12933,Obstacle Collision,24215.77,-1.306,0,1,0
12934,Success,24217.34,-3.483,0,0,1
12935,Success,24218.5,-0.039,0,0,1
12936,Success,24220.45,-0.083,0,0,1
12937,Success,24223.47,-0.122,0,0,1
12938,Obstacle Collision,24224.58,-1.278,0,1,0
12939,Obstacle Collision,24227.01,-1.311,0,1,0
12940,Obstacle Collision,24227.8,-1.272,0,1,0
12941,Success,24229.6,-0.072,0,0,1
12942,Success,24230.94,-0.056,0,0,1
12943,Obstacle Collision,24232.25,-1.289,0,1,0
12944,Obstacle Collision,24233.2,-1.289,0,1,0
12945,Success,24235.2,-0.061,0,0,1
12946,Obstacle Collision,24236.63,-1.75,0,1,0
12947,Success,24238.01,-0.044,0,0,1
12948,Obstacle Collision,24240.35,-0.928,0,1,0
12949,Obstacle Collision,24241.64,-1.225,0,1,0
12950,Obstacle Collision,24242.96,-1.283,0,1,0
12951,Success,24243.97,-0.044,0,0,1
12952,Success,24245.63,-0.056,0,0,1
12953,Success,24248.09,-0.094,0,0,1
12954,Success,24250.62,-0.128,0,0,1
12955,Success,24253.33,-0.072,0,0,1
12956,Obstacle Collision,24254.97,-1.211,0,1,0
12957,Success,24257.1,-0.067,0,0,1
12958,Success,24259.59,-0.083,0,0,1
12959,Obstacle Collision,24261.49,-1.317,0,1,0
12960,Success,24264.02,-4.306,0,0,1
12961,Obstacle Collision,24265.33,-1.283,0,1,0
12962,Obstacle Collision,24265.77,-1.261,0,1,0
12963,Success,24267.31,-0.061,0,0,1
12964,Obstacle Collision,24268.51,-1.317,0,1,0
12965,Success,24270.1,-0.05,0,0,1
12966,Success,24271.4,-0.056,0,0,1
12967,Success,24273.07,-0.9,0,0,1
12968,Success,24274.39,-0.072,0,0,1
12969,Obstacle Collision,24276.17,-1.328,0,1,0
12970,Success,24277.7,-0.906,0,0,1
12971,Success,24279.98,-0.106,0,0,1
12972,Success,24282.05,-1.028,0,0,1
12973,Success,24283.99,-0.072,0,0,1
12974,Success,24286.1,-4.317,0,0,1
12975,Success,24288.05,-0.072,0,0,1
12976,Success,24289.37,-0.044,0,0,1
12977,Success,24292.16,-0.944,0,0,1
12978,Success,24294.25,-1.789,0,0,1
12979,Agent Collision,24295.84,-0.906,1,0,0
12980,Success,24297.88,-0.072,0,0,1
12981,Success,24299.1,-0.039,0,0,1
12982,Obstacle Collision,24300.13,-4.62,0,1,0
12983,Obstacle Collision,24304.73,-1.589,0,1,0
12984,Success,24307.47,-0.094,0,0,1
12985,Success,24309.09,-0.056,0,0,1
12986,Success,24311.45,-0.111,0,0,1
12987,Success,24313.97,-0.083,0,0,1
12988,Obstacle Collision,24315.84,-1.306,0,1,0
12989,Success,24317.08,-0.039,0,0,1
12990,Success,24319.83,-0.083,0,0,1
12991,Obstacle Collision,24321.31,-1.311,0,1,0
12992,Success,24323.21,-0.094,0,0,1
12993,Success,24325.24,-0.078,0,0,1
12994,Success,24327.21,-0.061,0,0,1
12995,Success,24331.55,-1.083,0,0,1
12996,Success,24333.63,-0.072,0,0,1
12997,Obstacle Collision,24336.43,-1.394,0,1,0
12998,Obstacle Collision,24341.54,-1.528,0,1,0
12999,Obstacle Collision,24342.13,-1.225,0,1,0
13000,Success,24343.68,-0.044,0,0,1
13001,Obstacle Collision,24345.16,-1.107,0,1,0
13002,Obstacle Collision,24345.6,-1.261,0,1,0
13003,Obstacle Collision,24346.56,-1.112,0,1,0
13004,Success,24348.04,-0.078,0,0,1
13005,Success,24349.41,-0.039,0,0,1
13006,Success,24351.36,-0.067,0,0,1
13007,Success,24353.37,-0.056,0,0,1
13008,Success,24354.62,-0.056,0,0,1
13009,Success,24356.14,-0.05,0,0,1
13010,Obstacle Collision,24358.24,-1.067,0,1,0
13011,Obstacle Collision,24359.63,-1.09,0,1,0
13012,Success,24360.72,-0.039,0,0,1
13013,Obstacle Collision,24362.04,-1.011,0,1,0
13014,Obstacle Collision,24364.44,-1.367,0,1,0
13015,Success,24365.93,-0.05,0,0,1
13016,Success,24368.13,-0.083,0,0,1
13017,Obstacle Collision,24368.74,-1.267,0,1,0
13018,Obstacle Collision,24369.78,-1.171,0,1,0
13019,Success,24372.25,-0.078,0,0,1
13020,Obstacle Collision,24373.87,-1.289,0,1,0
13021,Success,24375.17,-0.039,0,0,1
13022,Obstacle Collision,24376.79,-1.289,0,1,0
13023,Obstacle Collision,24381.81,-1.428,0,1,0
13024,Success,24383.21,-0.056,0,0,1
13025,Success,24385.24,-0.067,0,0,1
13026,Obstacle Collision,24385.87,-1.267,0,1,0
13027,Success,24387.6,-0.083,0,0,1
13028,Success,24390.09,-0.067,0,0,1
13029,Success,24391.81,-0.067,0,0,1
13030,Obstacle Collision,24392.66,-1.262,0,1,0
13031,Obstacle Collision,24396.38,-1.433,0,1,0
13032,Obstacle Collision,24398.09,-1.282,0,1,0
13033,Success,24400.07,-0.067,0,0,1
13034,Obstacle Collision,24401.53,-1.289,0,1,0
13035,Success,24403.7,-0.928,0,0,1
13036,Success,24405.95,-0.067,0,0,1
13037,Success,24407.42,-0.044,0,0,1
13038,Obstacle Collision,24408.31,-6.361,0,1,0
13039,Obstacle Collision,24411.39,-1.333,0,1,0
13040,Obstacle Collision,24412.14,-1.147,0,1,0
13041,Success,24413.05,-0.033,0,0,1
13042,Success,24414.6,-0.05,0,0,1
13043,Success,24416.46,-0.061,0,0,1
13044,Success,24418.31,-0.056,0,0,1
13045,Success,24419.08,-0.028,0,0,1
13046,Success,24421.26,-0.078,0,0,1
13047,Success,24422.02,-0.022,0,0,1
13048,Success,24424.55,-0.089,0,0,1
13049,Success,24425.85,-0.039,0,0,1
13050,Success,24427.87,-0.061,0,0,1
13051,Obstacle Collision,24430.07,-1.153,0,1,0
13052,Success,24432.03,-0.922,0,0,1
13053,Obstacle Collision,24433.58,-1.289,0,1,0
13054,Success,24435.53,-0.072,0,0,1
13055,Obstacle Collision,24436.21,-4.667,0,1,0
13056,Obstacle Collision,24437.94,-0.953,0,1,0
13057,Obstacle Collision,24439.42,-1.01,0,1,0
13058,Success,24441.72,-0.078,0,0,1
13059,Success,24443.42,-0.05,0,0,1
13060,Success,24445.27,-0.061,0,0,1
13061,Success,24448.17,-0.1,0,0,1
13062,Success,24450.27,-0.061,0,0,1
13063,Obstacle Collision,24452.32,-2.161,0,1,0
13064,Obstacle Collision,24453.18,-1.254,0,1,0
13065,Success,24456.84,-1.05,0,0,1
13066,Obstacle Collision,24458.64,-2.964,0,1,0
13067,Success,24460.49,-0.072,0,0,1
13068,Obstacle Collision,24462.02,-1.294,0,1,0
13069,Success,24464.98,-0.083,0,0,1
13070,Success,24466.53,-0.056,0,0,1
13071,Success,24468.19,-0.094,0,0,1
13072,Success,24470.04,-0.05,0,0,1
13073,Obstacle Collision,24471.19,-1.278,0,1,0
13074,Obstacle Collision,24474.06,-1.344,0,1,0
13075,Agent Collision,24477.05,-5.222,1,0,0
13076,Success,24479.23,-0.111,0,0,1
13077,Success,24482.38,-7.649,0,0,1
13078,Success,24483.98,-0.067,0,0,1
13079,Success,24485.73,-0.056,0,0,1
13080,Obstacle Collision,24486.3,-1.227,0,1,0
13081,Obstacle Collision,24487.66,-1.283,0,1,0
13082,Obstacle Collision,24489.24,-2.144,0,1,0
13083,Obstacle Collision,24489.83,-1.184,0,1,0
13084,Success,24492.39,-0.939,0,0,1
13085,Success,24494.89,-0.083,0,0,1
13086,Obstacle Collision,24500.37,-1.756,0,1,0
13087,Obstacle Collision,24501.65,-1.278,0,1,0
13088,Obstacle Collision,24503.21,-1.133,0,1,0
13089,Success,24504.83,-0.072,0,0,1
13090,Obstacle Collision,24507.64,-1.4,0,1,0
13091,Success,24508.8,-0.05,0,0,1
13092,Obstacle Collision,24510.34,-1.289,0,1,0
13093,Obstacle Collision,24511.88,-1.289,0,1,0
13094,Success,24514.11,-0.083,0,0,1
13095,Obstacle Collision,24515.5,-1.294,0,1,0
13096,Success,24517.28,-0.083,0,0,1
13097,Success,24519.66,-0.944,0,0,1
13098,Obstacle Collision,24520.73,-1.194,0,1,0
13099,Obstacle Collision,24521.17,-1.261,0,1,0
13100,Obstacle Collision,24524.46,-2.3,0,1,0
13101,Success,24528.4,-1.844,0,0,1
13102,Success,24530.97,-0.083,0,0,1
13103,Success,24532.19,-0.033,0,0,1
13104,Obstacle Collision,24533.89,-2.167,0,1,0
13105,Success,24535.94,-0.094,0,0,1
13106,Success,24538.57,-0.078,0,0,1
13107,Obstacle Collision,24541.04,-1.244,0,1,0
13108,Success,24543.49,-0.078,0,0,1
13109,Obstacle Collision,24544.92,-1.289,0,1,0
13110,Obstacle Collision,24545.71,-1.247,0,1,0
13111,Success,24548.0,-0.061,0,0,1
13112,Obstacle Collision,24548.96,-1.194,0,1,0
13113,Obstacle Collision,24550.31,-1.283,0,1,0
13114,Success,24553.52,-2.667,0,0,1
13115,Obstacle Collision,24558.13,-1.639,0,1,0
13116,Obstacle Collision,24560.28,-1.15,0,1,0
13117,Obstacle Collision,24562.12,-1.006,0,1,0
13118,Obstacle Collision,24564.77,-5.189,0,1,0
13119,Success,24566.09,-0.039,0,0,1
13120,Success,24568.45,-0.106,0,0,1
13121,Agent Collision,24570.33,-2.519,1,0,0
13122,Obstacle Collision,24571.46,-1.283,0,1,0
13123,Obstacle Collision,24572.35,-3.839,0,1,0
13124,Success,24575.91,-3.517,0,0,1
13125,Success,24578.69,-0.1,0,0,1
13126,Success,24580.16,-0.044,0,0,1
13127,Success,24581.31,-0.039,0,0,1
13128,Success,24582.7,-0.044,0,0,1
13129,Success,24584.82,-0.1,0,0,1
13130,Obstacle Collision,24585.42,-2.583,0,1,0
13131,Success,24587.04,-1.767,0,0,1
13132,Obstacle Collision,24587.47,-1.261,0,1,0
13133,Obstacle Collision,24591.04,-4.394,0,1,0
13134,Success,24593.07,-0.061,0,0,1
13135,Success,24595.49,-0.083,0,0,1
13136,Obstacle Collision,24597.78,-1.072,0,1,0
13137,Obstacle Collision,24600.52,-3.889,0,1,0
13138,Success,24602.85,-0.089,0,0,1
13139,Success,24604.01,-0.044,0,0,1
13140,Success,24605.73,-0.056,0,0,1
13141,Success,24607.52,-0.061,0,0,1
13142,Success,24609.38,-0.067,0,0,1
13143,Success,24611.61,-0.144,0,0,1
13144,Success,24612.61,-0.033,0,0,1
13145,Success,24613.84,-0.039,0,0,1
13146,Success,24615.78,-0.083,0,0,1
13147,Obstacle Collision,24619.69,-1.494,0,1,0
13148,Success,24620.75,-0.033,0,0,1
13149,Success,24622.95,-0.089,0,0,1
13150,Success,24624.73,-0.067,0,0,1
13151,Obstacle Collision,24626.43,-1.306,0,1,0
13152,Obstacle Collision,24628.27,-1.294,0,1,0
13153,Success,24629.75,-0.061,0,0,1
13154,Success,24631.63,-0.072,0,0,1
13155,Success,24634.31,-0.928,0,0,1
13156,Success,24636.32,-0.094,0,0,1
13157,Obstacle Collision,24638.64,-2.178,0,1,0
13158,Success,24641.2,-0.078,0,0,1
13159,Obstacle Collision,24642.96,-1.294,0,1,0
13160,Obstacle Collision,24645.48,-1.356,0,1,0
13161,Obstacle Collision,24646.37,-1.3,0,1,0
13162,Success,24647.43,-0.033,0,0,1
13163,Obstacle Collision,24649.09,-1.294,0,1,0
13164,Obstacle Collision,24650.06,-4.7,0,1,0
13165,Success,24652.75,-0.072,0,0,1
13166,Success,24655.17,-0.067,0,0,1
13167,Obstacle Collision,24657.01,-1.328,0,1,0
13168,Success,24657.98,-0.039,0,0,1
13169,Obstacle Collision,24658.37,-1.261,0,1,0
13170,Obstacle Collision,24660.45,-1.311,0,1,0
13171,Success,24662.91,-0.089,0,0,1
13172,Success,24665.34,-1.783,0,0,1
13173,Success,24667.97,-0.094,0,0,1
13174,Obstacle Collision,24668.78,-1.189,0,1,0
13175,Obstacle Collision,24670.61,-1.344,0,1,0
13176,Success,24672.49,-0.067,0,0,1
13177,Obstacle Collision,24676.5,-1.439,0,1,0
13178,Success,24678.63,-0.1,0,0,1
13179,Success,24680.62,-0.928,0,0,1
13180,Success,24682.3,-0.072,0,0,1
13181,Obstacle Collision,24684.2,-1.244,0,1,0
13182,Success,24694.18,-0.089,0,0,1
13183,Success,24696.54,-1.817,0,0,1
13184,Success,24698.91,-0.933,0,0,1
13185,Success,24701.03,-0.089,0,0,1
13186,Success,24702.11,-0.033,0,0,1
13187,Success,24703.82,-0.067,0,0,1
13188,Obstacle Collision,24706.17,-1.933,0,1,0
13189,Success,24707.08,-0.039,0,0,1
13190,Success,24708.92,-0.061,0,0,1
13191,Success,24710.23,-0.061,0,0,1
13192,Success,24712.58,-0.078,0,0,1
13193,Success,24714.46,-0.083,0,0,1
13194,Success,24716.42,-2.644,0,0,1
13195,Obstacle Collision,24717.2,-1.231,0,1,0
13196,Success,24718.74,-0.056,0,0,1
13197,Success,24719.81,-0.039,0,0,1
13198,Obstacle Collision,24720.48,-1.267,0,1,0
13199,Success,24722.03,-0.039,0,0,1
13200,Success,24724.38,-0.122,0,0,1
13201,Success,24725.37,-0.033,0,0,1
13202,Success,24727.57,-0.067,0,0,1
13203,Obstacle Collision,24728.4,-1.114,0,1,0
13204,Success,24731.86,-0.122,0,0,1
13205,Success,24733.55,-0.072,0,0,1
13206,Success,24735.27,-0.056,0,0,1
13207,Success,24736.81,-0.044,0,0,1
13208,Obstacle Collision,24737.43,-1.153,0,1,0
13209,Obstacle Collision,24737.87,-1.261,0,1,0
13210,Success,24740.4,-0.939,0,0,1
13211,Obstacle Collision,24741.03,-1.237,0,1,0
13212,Obstacle Collision,24742.22,-1.3,0,1,0
13213,Success,24746.49,-5.261,0,0,1
13214,Success,24748.82,-0.078,0,0,1
13215,Success,24750.86,-0.072,0,0,1
13216,Obstacle Collision,24752.46,-1.105,0,1,0
13217,Obstacle Collision,24755.36,-1.328,0,1,0
13218,Success,24756.99,-6.9,0,0,1
13219,Success,24758.79,-0.067,0,0,1
13220,Success,24760.44,-0.067,0,0,1
13221,Obstacle Collision,24761.76,-1.283,0,1,0
13222,Success,24764.2,-0.072,0,0,1
13223,Obstacle Collision,24765.1,-1.278,0,1,0
13224,Success,24766.81,-0.056,0,0,1
13225,Obstacle Collision,24768.0,-0.976,0,1,0
13226,Obstacle Collision,24769.01,-1.283,0,1,0
13227,Success,24769.93,-0.033,0,0,1
13228,Obstacle Collision,24772.21,-1.344,0,1,0
13229,Obstacle Collision,24775.64,-1.394,0,1,0
13230,Obstacle Collision,24776.31,-1.267,0,1,0
13231,Obstacle Collision,24780.02,-1.489,0,1,0
13232,Obstacle Collision,24781.77,-3.011,0,1,0
13233,Success,24783.47,-0.056,0,0,1
13234,Obstacle Collision,24784.82,-1.283,0,1,0
13235,Success,24787.28,-0.078,0,0,1
13236,Obstacle Collision,24789.93,-1.361,0,1,0
13237,Obstacle Collision,24791.7,-1.072,0,1,0
13238,Success,24793.65,-0.061,0,0,1
13239,Obstacle Collision,24794.33,-1.199,0,1,0
13240,Obstacle Collision,24795.77,-1.294,0,1,0
13241,Success,24797.32,-0.061,0,0,1
13242,Obstacle Collision,24799.4,-0.92,0,1,0
13243,Agent Collision,24801.65,-2.644,1,0,0
13244,Success,24804.61,-0.094,0,0,1
13245,Success,24807.01,-0.078,0,0,1
13246,Success,24808.22,-0.033,0,0,1
13247,Success,24810.53,-0.078,0,0,1
13248,Success,24813.12,-0.089,0,0,1
13249,Success,24816.09,-0.117,0,0,1
13250,Obstacle Collision,24817.1,-7.176,0,1,0
13251,Success,24818.32,-0.05,0,0,1
13252,Obstacle Collision,24818.76,-1.261,0,1,0
13253,Success,24821.09,-0.094,0,0,1
13254,Success,24822.42,-0.044,0,0,1
13255,Success,24823.58,-0.044,0,0,1
13256,Success,24826.54,-0.128,0,0,1
13257,Obstacle Collision,24827.68,-2.955,0,1,0
13258,Obstacle Collision,24829.78,-1.15,0,1,0
13259,Success,24831.41,-0.117,0,0,1
13260,Obstacle Collision,24833.09,-1.145,0,1,0
13261,Obstacle Collision,24835.36,-1.339,0,1,0
13262,Success,24837.14,-0.061,0,0,1
13263,Success,24839.57,-0.078,0,0,1
13264,Obstacle Collision,24840.21,-1.267,0,1,0
13265,Obstacle Collision,24842.01,-1.3,0,1,0
13266,Success,24845.84,-0.117,0,0,1
13267,Success,24848.58,-0.094,0,0,1
13268,Obstacle Collision,24849.76,-1.164,0,1,0
13269,Success,24852.67,-0.156,0,0,1
13270,Success,24855.41,-0.089,0,0,1
13271,Success,24860.25,-1.006,0,0,1
13272,Obstacle Collision,24861.19,-1.247,0,1,0
13273,Success,24862.84,-0.089,0,0,1
13274,Obstacle Collision,24865.29,-1.114,0,1,0
13275,Obstacle Collision,24866.2,-2.087,0,1,0
13276,Success,24867.66,-0.05,0,0,1
13277,Success,24869.68,-0.067,0,0,1
13278,Success,24871.72,-0.089,0,0,1
13279,Success,24874.22,-0.078,0,0,1
13280,Success,24877.1,-2.644,0,0,1
13281,Obstacle Collision,24880.61,-1.339,0,1,0
13282,Success,24884.93,-0.267,0,0,1
13283,Obstacle Collision,24885.95,-1.158,0,1,0
13284,Obstacle Collision,24886.54,-1.225,0,1,0
13285,Obstacle Collision,24888.23,-1.294,0,1,0
13286,Obstacle Collision,24891.56,-1.344,0,1,0
13287,Success,24893.15,-0.056,0,0,1
13288,Success,24894.36,-0.9,0,0,1
13289,Success,24896.28,-1.783,0,0,1
13290,Success,24899.67,-0.106,0,0,1
13291,Success,24900.82,-0.044,0,0,1
13292,Obstacle Collision,24901.75,-1.153,0,1,0
13293,Success,24903.87,-0.083,0,0,1
13294,Success,24905.04,-0.044,0,0,1
13295,Success,24906.68,-0.044,0,0,1
13296,Success,24907.75,-0.033,0,0,1
13297,Success,24910.46,-0.1,0,0,1
13298,Success,24912.05,-0.05,0,0,1
13299,Obstacle Collision,24914.19,-1.333,0,1,0
13300,Success,24915.74,-0.056,0,0,1
13301,Obstacle Collision,24917.7,-1.281,0,1,0
13302,Success,24919.82,-1.794,0,0,1
13303,Obstacle Collision,24920.82,-1.2,0,1,0
13304,Success,24922.68,-0.067,0,0,1
13305,Success,24923.59,-0.039,0,0,1
13306,Obstacle Collision,24925.82,-1.311,0,1,0
13307,Success,24927.85,-0.983,0,0,1
13308,Success,24928.85,-0.039,0,0,1
13309,Obstacle Collision,24930.73,-1.055,0,1,0
13310,Success,24932.87,-0.111,0,0,1
13311,Obstacle Collision,24933.69,-1.278,0,1,0
13312,Obstacle Collision,24936.32,-1.417,0,1,0
13313,Success,24937.62,-0.039,0,0,1
13314,Obstacle Collision,24941.07,-1.4,0,1,0
13315,Success,24943.8,-0.089,0,0,1
13316,Obstacle Collision,24944.76,-1.283,0,1,0
13317,Success,24945.99,-0.039,0,0,1
13318,Success,24947.47,-0.056,0,0,1
13319,Success,24949.25,-0.056,0,0,1
13320,Success,24950.96,-0.044,0,0,1
13321,Success,24952.36,-0.05,0,0,1
13322,Agent Collision,24954.82,-2.628,1,0,0
13323,Success,24957.26,-2.628,0,0,1
13324,Success,24958.9,-0.072,0,0,1
13325,Obstacle Collision,24960.51,-3.856,0,1,0
13326,Obstacle Collision,24961.92,-1.159,0,1,0
13327,Success,24963.39,-0.044,0,0,1
13328,Success,24965.58,-1.806,0,0,1
13329,Success,24969.09,-1.072,0,0,1
13330,Success,24971.63,-0.111,0,0,1
13331,Obstacle Collision,24972.61,-1.153,0,1,0
13332,Success,24974.5,-0.061,0,0,1
13333,Success,24976.77,-0.078,0,0,1
13334,Obstacle Collision,24977.61,-1.189,0,1,0
13335,Obstacle Collision,24979.18,-1.247,0,1,0
13336,Obstacle Collision,24980.46,-1.166,0,1,0
13337,Success,24983.25,-0.106,0,0,1
13338,Obstacle Collision,24985.04,-1.328,0,1,0
13339,Success,24986.58,-0.044,0,0,1
13340,Success,24991.45,-0.167,0,0,1
13341,Success,24992.69,-0.039,0,0,1
13342,Success,24993.93,-0.039,0,0,1
13343,Success,24996.31,-0.078,0,0,1
13344,Success,24999.71,-0.133,0,0,1
13345,Success,25003.34,-6.111,0,0,1
13346,Success,25004.88,-0.05,0,0,1
13347,Obstacle Collision,25005.5,-1.147,0,1,0
13348,Obstacle Collision,25007.67,-1.241,0,1,0
13349,Obstacle Collision,25008.1,-1.261,0,1,0
13350,Obstacle Collision,25010.73,-6.056,0,1,0
13351,Obstacle Collision,25012.66,-1.311,0,1,0
13352,Success,25014.17,-0.072,0,0,1
13353,Success,25015.71,-0.083,0,0,1
13354,Success,25017.97,-0.106,0,0,1
13355,Obstacle Collision,25021.81,-1.517,0,1,0
13356,Success,25023.35,-0.078,0,0,1
13357,Obstacle Collision,25024.02,-1.267,0,1,0
13358,Success,25025.56,-0.072,0,0,1
13359,Obstacle Collision,25027.08,-1.164,0,1,0
13360,Success,25028.48,-0.044,0,0,1
13361,Success,25031.23,-0.089,0,0,1
13362,Success,25031.83,-0.022,0,0,1
13363,Obstacle Collision,25036.18,-1.517,0,1,0
13364,Success,25038.99,-0.1,0,0,1
13365,Obstacle Collision,25040.48,-2.606,0,1,0
13366,Obstacle Collision,25041.52,-1.196,0,1,0
13367,Obstacle Collision,25046.04,-1.533,0,1,0
13368,Success,25046.89,-0.039,0,0,1
13369,Obstacle Collision,25049.37,-1.439,0,1,0
13370,Success,25051.06,-0.056,0,0,1
13371,Success,25052.68,-0.056,0,0,1
13372,Obstacle Collision,25054.58,-1.1,0,1,0
13373,Obstacle Collision,25055.87,-2.994,0,1,0
13374,Obstacle Collision,25057.23,-1.283,0,1,0
13375,Success,25058.38,-0.056,0,0,1
13376,Success,25060.8,-0.1,0,0,1
13377,Obstacle Collision,25061.62,-1.272,0,1,0
13378,Obstacle Collision,25062.98,-1.042,0,1,0
13379,Success,25065.55,-0.961,0,0,1
13380,Success,25067.1,-0.05,0,0,1
13381,Success,25068.18,-0.033,0,0,1
13382,Success,25069.73,-0.056,0,0,1
13383,Obstacle Collision,25070.44,-1.272,0,1,0
13384,Success,25073.18,-0.094,0,0,1
13385,Success,25075.65,-0.072,0,0,1
13386,Success,25076.95,-0.039,0,0,1
13387,Success,25078.02,-0.033,0,0,1
13388,Success,25079.72,-0.061,0,0,1
13389,Success,25082.65,-0.111,0,0,1
13390,Obstacle Collision,25083.75,-1.277,0,1,0
13391,Success,25087.73,-0.122,0,0,1
13392,Success,25089.37,-0.056,0,0,1
13393,Success,25091.22,-0.067,0,0,1
13394,Obstacle Collision,25093.24,-2.12,0,1,0
13395,Success,25096.71,-2.656,0,0,1
13396,Success,25098.77,-0.072,0,0,1
13397,Obstacle Collision,25099.68,-1.243,0,1,0
13398,Obstacle Collision,25101.31,-0.91,0,1,0
13399,Success,25103.72,-0.083,0,0,1
13400,Success,25105.03,-0.05,0,0,1
13401,Success,25107.2,-0.078,0,0,1
13402,Obstacle Collision,25108.36,-1.294,0,1,0
13403,Obstacle Collision,25109.73,-1.248,0,1,0
13404,Success,25111.65,-0.061,0,0,1
13405,Success,25113.28,-0.056,0,0,1
13406,Success,25114.12,-0.028,0,0,1
13407,Success,25116.07,-0.944,0,0,1
13408,Success,25117.85,-0.061,0,0,1
13409,Obstacle Collision,25119.77,-1.3,0,1,0
13410,Obstacle Collision,25120.7,-1.311,0,1,0
13411,Obstacle Collision,25122.33,-1.3,0,1,0
13412,Success,25123.25,-0.033,0,0,1
13413,Success,25126.29,-0.961,0,0,1
13414,Success,25128.45,-0.072,0,0,1
13415,Success,25131.32,-0.106,0,0,1
13416,Obstacle Collision,25134.98,-8.092,0,1,0
13417,Agent Collision,25137.53,-4.367,1,0,0
13418,Obstacle Collision,25138.07,-1.267,0,1,0
13419,Success,25140.46,-0.078,0,0,1
13420,Success,25141.29,-0.033,0,0,1
13421,Success,25142.68,-0.056,0,0,1
13422,Success,25144.16,-0.067,0,0,1
13423,Success,25145.87,-0.072,0,0,1
13424,Obstacle Collision,25147.13,-5.385,0,1,0
13425,Success,25149.31,-0.072,0,0,1
13426,Obstacle Collision,25152.86,-1.439,0,1,0
13427,Success,25154.25,-0.039,0,0,1
13428,Obstacle Collision,25155.76,-1.289,0,1,0
13429,Success,25157.32,-0.9,0,0,1
13430,Success,25158.17,-0.889,0,0,1
13431,Success,25160.85,-0.078,0,0,1
13432,Success,25163.42,-0.95,0,0,1
13433,Success,25164.65,-0.05,0,0,1
13434,Obstacle Collision,25165.38,-1.231,0,1,0
13435,Success,25167.56,-0.056,0,0,1
13436,Success,25170.12,-0.089,0,0,1
13437,Success,25170.88,-0.028,0,0,1
13438,Success,25172.74,-0.056,0,0,1
13439,Success,25173.48,-0.022,0,0,1
13440,Success,25175.81,-0.083,0,0,1
13441,Success,25178.46,-0.094,0,0,1
13442,Success,25179.71,-0.067,0,0,1
13443,Success,25181.5,-0.078,0,0,1
13444,Success,25184.0,-0.094,0,0,1
13445,Obstacle Collision,25186.44,-1.328,0,1,0
13446,Obstacle Collision,25192.83,-1.75,0,1,0
13447,Success,25195.01,-0.072,0,0,1
13448,Success,25197.53,-0.094,0,0,1
13449,Success,25200.29,-0.944,0,0,1
13450,Success,25202.13,-0.072,0,0,1
13451,Success,25204.57,-0.089,0,0,1
13452,Success,25205.93,-0.039,0,0,1
13453,Obstacle Collision,25207.22,-1.283,0,1,0
13454,Success,25209.14,-0.061,0,0,1
13455,Success,25211.32,-2.644,0,0,1
13456,Timeout,25218.99,-0.6,0,0,0
13457,Success,25220.48,-0.056,0,0,1
13458,Success,25222.27,-0.05,0,0,1
13459,Success,25223.51,-0.05,0,0,1
13460,Success,25225.54,-1.778,0,0,1
13461,Success,25227.26,-0.067,0,0,1
13462,Success,25228.33,-0.044,0,0,1
13463,Success,25229.68,-0.05,0,0,1
13464,Success,25231.94,-2.667,0,0,1
13465,Success,25232.93,-0.028,0,0,1
13466,Success,25234.23,-0.039,0,0,1
13467,Obstacle Collision,25236.11,-1.288,0,1,0
13468,Success,25240.56,-3.578,0,0,1
13469,Success,25242.02,-0.044,0,0,1
13470,Success,25244.25,-2.644,0,0,1
13471,Success,25246.7,-1.811,0,0,1
13472,Success,25247.69,-0.033,0,0,1
13473,Success,25250.04,-0.083,0,0,1
13474,Agent Collision,25251.63,-1.756,1,0,0
13475,Success,25253.2,-0.083,0,0,1
13476,Obstacle Collision,25255.1,-1.3,0,1,0
13477,Success,25256.32,-0.039,0,0,1
13478,Success,25258.25,-0.067,0,0,1
13479,Obstacle Collision,25259.21,-1.2,0,1,0
13480,Success,25262.42,-0.117,0,0,1
13481,Obstacle Collision,25263.09,-1.267,0,1,0
13482,Success,25264.25,-0.056,0,0,1
13483,Obstacle Collision,25266.61,-1.372,0,1,0
13484,Success,25268.54,-0.067,0,0,1
13485,Obstacle Collision,25270.23,-1.008,0,1,0
13486,Obstacle Collision,25271.93,-1.756,0,1,0
13487,Obstacle Collision,25273.01,-1.294,0,1,0
13488,Obstacle Collision,25273.96,-2.133,0,1,0
13489,Success,25274.95,-0.028,0,0,1
13490,Success,25277.31,-0.078,0,0,1
13491,Obstacle Collision,25278.68,-1.211,0,1,0
13492,Success,25280.46,-0.067,0,0,1
13493,Success,25282.23,-1.783,0,0,1
13494,Success,25284.53,-0.089,0,0,1
13495,Success,25285.67,-0.039,0,0,1
13496,Success,25287.23,-0.05,0,0,1
13497,Success,25288.77,-0.044,0,0,1
13498,Obstacle Collision,25290.66,-1.383,0,1,0
13499,Obstacle Collision,25292.28,-1.328,0,1,0
13500,Obstacle Collision,25295.06,-1.383,0,1,0
13501,Obstacle Collision,25297.86,-1.828,0,1,0
13502,Success,25299.79,-0.056,0,0,1
13503,Success,25301.34,-0.061,0,0,1
13504,Success,25303.37,-0.083,0,0,1
13505,Success,25305.25,-0.061,0,0,1
13506,Obstacle Collision,25307.83,-7.339,0,1,0
13507,Success,25308.74,-0.033,0,0,1
13508,Obstacle Collision,25309.64,-1.272,0,1,0
13509,Success,25311.51,-0.083,0,0,1
13510,Obstacle Collision,25312.84,-1.289,0,1,0
13511,Success,25314.79,-0.078,0,0,1
13512,Obstacle Collision,25315.85,-1.289,0,1,0
13513,Success,25317.8,-0.933,0,0,1
13514,Success,25319.83,-0.067,0,0,1
13515,Agent Collision,25323.29,-3.406,1,0,0
13516,Obstacle Collision,25325.07,-1.322,0,1,0
13517,Obstacle Collision,25325.65,-1.147,0,1,0
13518,Success,25326.8,-0.039,0,0,1
13519,Obstacle Collision,25328.55,-0.972,0,1,0
13520,Success,25329.4,-0.022,0,0,1
13521,Success,25331.15,-0.072,0,0,1
13522,Success,25333.2,-0.094,0,0,1
13523,Success,25337.07,-2.683,0,0,1
13524,Obstacle Collision,25341.02,-1.472,0,1,0
13525,Obstacle Collision,25342.35,-1.289,0,1,0
13526,Success,25343.97,-0.044,0,0,1
13527,Success,25346.95,-0.944,0,0,1
13528,Success,25348.59,-0.072,0,0,1
13529,Obstacle Collision,25349.78,-1.283,0,1,0
13530,Obstacle Collision,25351.25,-1.289,0,1,0
13531,Obstacle Collision,25353.0,-1.849,0,1,0
13532,Obstacle Collision,25353.67,-1.267,0,1,0
13533,Success,25356.54,-0.094,0,0,1
13534,Obstacle Collision,25357.92,-1.081,0,1,0
13535,Obstacle Collision,25359.96,-2.958,0,1,0
13536,Obstacle Collision,25360.99,-1.278,0,1,0
13537,Obstacle Collision,25362.51,-1.008,0,1,0
13538,Obstacle Collision,25363.46,-1.014,0,1,0
13539,Agent Collision,25367.04,-1.794,1,0,0
13540,Success,25368.14,-0.033,0,0,1
13541,Success,25370.11,-0.067,0,0,1
13542,Obstacle Collision,25370.8,-2.978,0,1,0
13543,Success,25372.72,-0.056,0,0,1
13544,Success,25374.43,-0.05,0,0,1
13545,Obstacle Collision,25377.65,-1.378,0,1,0
13546,Obstacle Collision,25378.02,-1.261,0,1,0
13547,Obstacle Collision,25379.89,-1.322,0,1,0
13548,Success,25382.19,-0.083,0,0,1
13549,Obstacle Collision,25384.12,-1.306,0,1,0
13550,Success,25385.29,-0.044,0,0,1
13551,Obstacle Collision,25386.75,-1.114,0,1,0
13552,Obstacle Collision,25387.79,-1.278,0,1,0
13553,Success,25391.14,-0.106,0,0,1
13554,Obstacle Collision,25397.0,-1.644,0,1,0
13555,Obstacle Collision,25397.67,-1.267,0,1,0
13556,Obstacle Collision,25399.51,-1.328,0,1,0
13557,Obstacle Collision,25400.45,-3.842,0,1,0
13558,Success,25403.0,-2.661,0,0,1
13559,Success,25405.07,-0.072,0,0,1
13560,Obstacle Collision,25407.27,-3.878,0,1,0
13561,Success,25410.04,-0.133,0,0,1
13562,Success,25412.36,-0.094,0,0,1
13563,Success,25413.85,-0.039,0,0,1
13564,Success,25415.72,-0.111,0,0,1
13565,Success,25417.27,-0.061,0,0,1
13566,Success,25418.85,-0.056,0,0,1
13567,Obstacle Collision,25420.49,-2.111,0,1,0
13568,Success,25423.42,-0.083,0,0,1
13569,Success,25424.33,-0.039,0,0,1
13570,Success,25426.29,-0.106,0,0,1
13571,Success,25428.62,-0.089,0,0,1
13572,Obstacle Collision,25430.4,-1.306,0,1,0
13573,Obstacle Collision,25431.92,-1.328,0,1,0
13574,Success,25433.37,-0.044,0,0,1
13575,Obstacle Collision,25437.28,-1.113,0,1,0
13576,Obstacle Collision,25437.71,-1.261,0,1,0
13577,Success,25439.85,-0.061,0,0,1
13578,Success,25443.1,-0.122,0,0,1
13579,Obstacle Collision,25444.41,-1.283,0,1,0
13580,Obstacle Collision,25445.01,-1.225,0,1,0
13581,Success,25446.32,-0.039,0,0,1
13582,Success,25449.32,-1.0,0,0,1
13583,Obstacle Collision,25451.65,-1.328,0,1,0
13584,Success,25453.11,-0.044,0,0,1
13585,Success,25456.17,-0.161,0,0,1
13586,Obstacle Collision,25457.05,-1.272,0,1,0
13587,Obstacle Collision,25459.23,-1.328,0,1,0
13588,Success,25463.2,-0.144,0,0,1
13589,Obstacle Collision,25464.45,-1.283,0,1,0
13590,Success,25466.16,-0.05,0,0,1
13591,Obstacle Collision,25466.8,-1.225,0,1,0
13592,Success,25469.16,-0.083,0,0,1
13593,Success,25471.82,-1.8,0,0,1
13594,Obstacle Collision,25472.5,-1.267,0,1,0
13595,Success,25473.27,-0.028,0,0,1
13596,Success,25475.13,-0.056,0,0,1
13597,Obstacle Collision,25476.68,-1.097,0,1,0
13598,Success,25478.24,-0.083,0,0,1
13599,Success,25480.07,-0.056,0,0,1
13600,Success,25482.92,-0.139,0,0,1
13601,Success,25484.89,-0.094,0,0,1
13602,Obstacle Collision,25487.18,-1.188,0,1,0
13603,Success,25488.25,-0.033,0,0,1
13604,Success,25490.39,-0.089,0,0,1
13605,Obstacle Collision,25490.94,-1.267,0,1,0
13606,Success,25492.62,-0.111,0,0,1
13607,Obstacle Collision,25493.6,-1.153,0,1,0
13608,Success,25495.25,-0.056,0,0,1
13609,Success,25496.81,-0.05,0,0,1
13610,Success,25498.69,-0.072,0,0,1
13611,Success,25500.94,-0.072,0,0,1
13612,Success,25501.7,-0.033,0,0,1
13613,Success,25503.73,-0.056,0,0,1
13614,Success,25504.82,-0.039,0,0,1
13615,Success,25507.48,-0.078,0,0,1
13616,Obstacle Collision,25507.89,-1.261,0,1,0
13617,Success,25510.32,-0.083,0,0,1
13618,Obstacle Collision,25511.38,-1.076,0,1,0
13619,Success,25513.79,-0.072,0,0,1
13620,Success,25515.11,-0.05,0,0,1
13621,Success,25518.48,-0.122,0,0,1
13622,Success,25520.78,-0.089,0,0,1
13623,Obstacle Collision,25521.42,-1.225,0,1,0
13624,Obstacle Collision,25523.77,-1.339,0,1,0
13625,Obstacle Collision,25526.53,-0.874,0,1,0
13626,Success,25529.17,-0.089,0,0,1
13627,Obstacle Collision,25530.0,-1.272,0,1,0
13628,Success,25533.69,-0.978,0,0,1
13629,Success,25535.92,-0.083,0,0,1
13630,Obstacle Collision,25536.53,-1.267,0,1,0
13631,Success,25538.94,-3.506,0,0,1
13632,Obstacle Collision,25541.9,-1.389,0,1,0
13633,Success,25543.38,-0.083,0,0,1
13634,Success,25545.45,-0.144,0,0,1
13635,Obstacle Collision,25548.06,-1.344,0,1,0
13636,Obstacle Collision,25550.04,-1.297,0,1,0
13637,Obstacle Collision,25555.32,-1.633,0,1,0
13638,Success,25556.56,-0.039,0,0,1
13639,Obstacle Collision,25559.34,-1.411,0,1,0
13640,Obstacle Collision,25560.02,-1.267,0,1,0
13641,Success,25562.82,-0.094,0,0,1
13642,Success,25564.05,-0.039,0,0,1
13643,Obstacle Collision,25565.69,-1.011,0,1,0
13644,Obstacle Collision,25567.04,-1.283,0,1,0
13645,Success,25568.51,-0.05,0,0,1
13646,Success,25569.99,-0.056,0,0,1
13647,Obstacle Collision,25570.89,-1.231,0,1,0
13648,Success,25574.05,-0.983,0,0,1
13649,Success,25575.61,-0.056,0,0,1
13650,Obstacle Collision,25576.44,-1.267,0,1,0
13651,Success,25578.47,-0.078,0,0,1
13652,Obstacle Collision,25579.1,-1.267,0,1,0
13653,Obstacle Collision,25580.08,-1.153,0,1,0
13654,Success,25581.42,-0.039,0,0,1
13655,Success,25584.27,-4.383,0,0,1
13656,Obstacle Collision,25585.91,-1.317,0,1,0
13657,Obstacle Collision,25587.56,-1.237,0,1,0
13658,Obstacle Collision,25588.66,-1.278,0,1,0
13659,Success,25590.11,-1.772,0,0,1
13660,Success,25591.73,-0.061,0,0,1
13661,Success,25593.71,-0.061,0,0,1
13662,Obstacle Collision,25595.36,-1.192,0,1,0
13663,Obstacle Collision,25596.09,-1.278,0,1,0
13664,Obstacle Collision,25597.42,-0.944,0,1,0
13665,Success,25598.97,-0.05,0,0,1
13666,Success,25602.21,-0.111,0,0,1
13667,Success,25604.31,-0.072,0,0,1
13668,Success,25606.82,-0.1,0,0,1
13669,Success,25608.75,-0.083,0,0,1
13670,Success,25612.36,-0.95,0,0,1
13671,Success,25614.63,-0.078,0,0,1
13672,Obstacle Collision,25615.66,-1.247,0,1,0
13673,Success,25616.66,-0.05,0,0,1
13674,Success,25618.33,-0.072,0,0,1
13675,Success,25621.44,-0.1,0,0,1
13676,Obstacle Collision,25625.08,-1.533,0,1,0
13677,Success,25627.66,-0.089,0,0,1
13678,Success,25629.77,-0.056,0,0,1
13679,Success,25631.55,-1.767,0,0,1
13680,Obstacle Collision,25632.69,-1.278,0,1,0
13681,Obstacle Collision,25633.43,-1.153,0,1,0
13682,Obstacle Collision,25635.42,-2.156,0,1,0
13683,Obstacle Collision,25639.04,-2.342,0,1,0
13684,Obstacle Collision,25641.06,-1.109,0,1,0
13685,Success,25642.61,-0.067,0,0,1
13686,Obstacle Collision,25643.24,-1.267,0,1,0
13687,Success,25644.08,-0.028,0,0,1
13688,Success,25645.62,-0.05,0,0,1
13689,Success,25647.42,-0.061,0,0,1
13690,Success,25648.26,-0.028,0,0,1
13691,Success,25650.52,-0.072,0,0,1
13692,Obstacle Collision,25650.96,-2.972,0,1,0
13693,Obstacle Collision,25655.37,-1.456,0,1,0
13694,Obstacle Collision,25655.77,-1.261,0,1,0
13695,Success,25657.95,-0.067,0,0,1
13696,Success,25659.5,-0.05,0,0,1
13697,Success,25661.3,-0.1,0,0,1
13698,Obstacle Collision,25663.81,-1.1,0,1,0
13699,Obstacle Collision,25666.4,-1.422,0,1,0
13700,Obstacle Collision,25668.37,-1.339,0,1,0
13701,Obstacle Collision,25669.53,-1.24,0,1,0
13702,Success,25671.16,-0.061,0,0,1
13703,Success,25672.71,-0.061,0,0,1
13704,Success,25674.34,-0.072,0,0,1
13705,Success,25675.49,-0.044,0,0,1
13706,Success,25677.89,-0.061,0,0,1
13707,Success,25680.18,-1.811,0,0,1
13708,Obstacle Collision,25681.79,-1.3,0,1,0
13709,Obstacle Collision,25682.2,-1.261,0,1,0
13710,Obstacle Collision,25683.1,-1.272,0,1,0
13711,Success,25684.98,-0.072,0,0,1
13712,Obstacle Collision,25686.95,-1.928,0,1,0
13713,Obstacle Collision,25688.5,-2.606,0,1,0
13714,Success,25691.38,-0.122,0,0,1
13715,Obstacle Collision,25693.04,-0.941,0,1,0
13716,Obstacle Collision,25694.13,-1.311,0,1,0
13717,Obstacle Collision,25696.01,-1.778,0,1,0
13718,Success,25697.62,-0.078,0,0,1
13719,Obstacle Collision,25698.05,-1.261,0,1,0
13720,Obstacle Collision,25700.05,-1.3,0,1,0
13721,Obstacle Collision,25701.2,-1.262,0,1,0
13722,Success,25702.67,-0.044,0,0,1
13723,Obstacle Collision,25703.95,-1.294,0,1,0
13724,Success,25704.99,-0.056,0,0,1
13725,Success,25707.0,-0.067,0,0,1
13726,Success,25710.72,-0.15,0,0,1
13727,Success,25712.52,-0.067,0,0,1
13728,Success,25713.87,-0.05,0,0,1
13729,Obstacle Collision,25714.86,-1.05,0,1,0
13730,Success,25721.19,-1.244,0,0,1
13731,Obstacle Collision,25722.57,-1.144,0,1,0
13732,Obstacle Collision,25724.44,-8.167,0,1,0
13733,Obstacle Collision,25725.88,-1.289,0,1,0
13734,Obstacle Collision,25727.38,-1.247,0,1,0
13735,Success,25728.9,-0.044,0,0,1
13736,Success,25729.95,-0.039,0,0,1
13737,Obstacle Collision,25730.48,-1.229,0,1,0
13738,Success,25731.85,-0.044,0,0,1
13739,Obstacle Collision,25733.64,-1.317,0,1,0
13740,Success,25734.55,-0.044,0,0,1
13741,Obstacle Collision,25735.21,-1.267,0,1,0
13742,Obstacle Collision,25736.66,-1.261,0,1,0
13743,Success,25737.41,-0.033,0,0,1
13744,Obstacle Collision,25738.12,-1.231,0,1,0
13745,Obstacle Collision,25738.79,-1.267,0,1,0
13746,Success,25740.77,-0.078,0,0,1
13747,Success,25743.14,-0.072,0,0,1
13748,Success,25744.37,-0.039,0,0,1
13749,Success,25746.02,-0.067,0,0,1
13750,Obstacle Collision,25747.15,-1.278,0,1,0
13751,Obstacle Collision,25748.45,-1.283,0,1,0
13752,Success,25750.07,-0.906,0,0,1
13753,Success,25752.71,-0.133,0,0,1
13754,Success,25755.11,-0.144,0,0,1
13755,Success,25757.2,-0.917,0,0,1
13756,Obstacle Collision,25758.23,-1.111,0,1,0
13757,Success,25759.21,-0.033,0,0,1
13758,Success,25761.22,-0.094,0,0,1
13759,Success,25762.28,-0.05,0,0,1
13760,Success,25763.79,-1.756,0,0,1
13761,Obstacle Collision,25764.83,-1.076,0,1,0
13762,Obstacle Collision,25765.91,-1.278,0,1,0
13763,Success,25768.45,-0.078,0,0,1
13764,Obstacle Collision,25769.29,-1.189,0,1,0
13765,Success,25771.23,-0.911,0,0,1
13766,Success,25773.3,-0.061,0,0,1
13767,Success,25775.11,-0.056,0,0,1
13768,Success,25776.94,-0.083,0,0,1
13769,Success,25779.79,-0.072,0,0,1
13770,Obstacle Collision,25783.13,-2.283,0,1,0
13771,Success,25784.71,-0.05,0,0,1
13772,Agent Collision,25785.54,-2.6,1,0,0
13773,Success,25788.23,-0.111,0,0,1
13774,Success,25788.98,-0.022,0,0,1
13775,Obstacle Collision,25790.79,-1.294,0,1,0
13776,Success,25792.29,-0.067,0,0,1
13777,Success,25794.32,-0.061,0,0,1
13778,Success,25795.33,-0.033,0,0,1
13779,Obstacle Collision,25798.38,-1.417,0,1,0
13780,Obstacle Collision,25800.8,-1.378,0,1,0
13781,Success,25801.71,-1.739,0,0,1
13782,Obstacle Collision,25802.96,-1.044,0,1,0
13783,Obstacle Collision,25805.9,-1.817,0,1,0
13784,Obstacle Collision,25807.06,-1.278,0,1,0
13785,Success,25808.78,-0.911,0,0,1
13786,Obstacle Collision,25809.91,-1.262,0,1,0
13787,Success,25812.02,-0.061,0,0,1
13788,Success,25815.04,-0.956,0,0,1
13789,Obstacle Collision,25815.95,-1.272,0,1,0
13790,Obstacle Collision,25817.99,-1.344,0,1,0
13791,Success,25821.66,-0.1,0,0,1
13792,Success,25822.49,-0.022,0,0,1
13793,Obstacle Collision,25824.14,-1.333,0,1,0
13794,Success,25826.3,-0.989,0,0,1
13795,Obstacle Collision,25827.07,-1.189,0,1,0
13796,Obstacle Collision,25827.95,-1.245,0,1,0
13797,Success,25829.65,-0.094,0,0,1
13798,Obstacle Collision,25831.18,-1.311,0,1,0
13799,Success,25833.18,-0.911,0,0,1
13800,Obstacle Collision,25834.63,-1.306,0,1,0
13801,Obstacle Collision,25835.3,-1.267,0,1,0
13802,Success,25837.49,-0.1,0,0,1
13803,Success,25838.73,-0.039,0,0,1
13804,Obstacle Collision,25839.37,-1.267,0,1,0
13805,Success,25841.16,-0.106,0,0,1
13806,Timeout,25848.16,-0.6,0,0,0
13807,Obstacle Collision,25848.93,-1.272,0,1,0
13808,Success,25850.16,-0.894,0,0,1
13809,Success,25851.56,-0.061,0,0,1
13810,Success,25853.25,-0.061,0,0,1
13811,Obstacle Collision,25853.68,-1.261,0,1,0
13812,Obstacle Collision,25855.17,-1.121,0,1,0
13813,Obstacle Collision,25856.06,-1.272,0,1,0
13814,Success,25859.49,-0.111,0,0,1
13815,Success,25860.83,-0.061,0,0,1
13816,Obstacle Collision,25861.51,-1.289,0,1,0
13817,Obstacle Collision,25862.93,-2.6,0,1,0
13818,Success,25865.36,-1.772,0,0,1
13819,Success,25867.43,-0.1,0,0,1
13820,Success,25868.83,-0.05,0,0,1
13821,Obstacle Collision,25869.51,-1.267,0,1,0
13822,Success,25871.24,-0.078,0,0,1
13823,Success,25873.02,-0.072,0,0,1
13824,Success,25874.19,-0.056,0,0,1
13825,Success,25875.85,-0.067,0,0,1
13826,Success,25879.7,-0.222,0,0,1
13827,Obstacle Collision,25881.44,-1.294,0,1,0
13828,Success,25885.2,-1.856,0,0,1
13829,Success,25886.36,-0.061,0,0,1
13830,Obstacle Collision,25887.41,-1.207,0,1,0
13831,Success,25888.98,-0.056,0,0,1
13832,Success,25891.46,-0.094,0,0,1
13833,Success,25894.88,-0.994,0,0,1
13834,Success,25896.79,-0.061,0,0,1
13835,Obstacle Collision,25898.98,-1.772,0,1,0
13836,Obstacle Collision,25899.42,-1.261,0,1,0
13837,Success,25900.99,-0.078,0,0,1
13838,Obstacle Collision,25902.69,-0.839,0,1,0
13839,Success,25903.68,-0.033,0,0,1
13840,Success,25906.43,-0.128,0,0,1
13841,Success,25910.52,-2.683,0,0,1
13842,Success,25914.83,-0.168,0,0,1
13843,Success,25916.86,-0.067,0,0,1
13844,Obstacle Collision,25918.94,-1.037,0,1,0
13845,Success,25920.63,-0.056,0,0,1
13846,Obstacle Collision,25922.08,-1.195,0,1,0
13847,Obstacle Collision,25923.57,-0.967,0,1,0
13848,Obstacle Collision,25924.0,-1.261,0,1,0
13849,Success,25925.71,-0.067,0,0,1
13850,Success,25927.26,-0.056,0,0,1
13851,Obstacle Collision,25928.82,-1.056,0,1,0
13852,Success,25930.58,-0.056,0,0,1
13853,Success,25932.42,-0.067,0,0,1
13854,Obstacle Collision,25934.42,-5.565,0,1,0
13855,Obstacle Collision,25935.23,-1.19,0,1,0
13856,Success,25936.87,-0.056,0,0,1
13857,Success,25939.53,-0.083,0,0,1
13858,Success,25940.6,-1.75,0,0,1
13859,Success,25941.68,-0.039,0,0,1
13860,Success,25942.91,-0.061,0,0,1
13861,Obstacle Collision,25943.58,-1.267,0,1,0
13862,Success,25945.47,-0.083,0,0,1
13863,Success,25947.23,-0.056,0,0,1
13864,Success,25948.7,-0.039,0,0,1
13865,Success,25950.73,-2.639,0,0,1
13866,Success,25952.36,-0.061,0,0,1
13867,Success,25953.53,-0.039,0,0,1
13868,Obstacle Collision,25955.3,-1.328,0,1,0
13869,Obstacle Collision,25955.67,-1.261,0,1,0
13870,Success,25958.45,-0.928,0,0,1
13871,Success,25962.15,-0.111,0,0,1
13872,Success,25964.11,-0.083,0,0,1
13873,Success,25967.09,-0.1,0,0,1
13874,Success,25968.78,-0.089,0,0,1
13875,Obstacle Collision,25970.48,-1.3,0,1,0
13876,Obstacle Collision,25971.31,-3.678,0,1,0
13877,Obstacle Collision,25973.5,-1.139,0,1,0
13878,Obstacle Collision,25974.33,-1.272,0,1,0
13879,Success,25974.93,-0.017,0,0,1
13880,Success,25977.43,-0.089,0,0,1
13881,Success,25979.44,-0.1,0,0,1
13882,Obstacle Collision,25980.29,-3.814,0,1,0
13883,Obstacle Collision,25982.1,-3.022,0,1,0
13884,Obstacle Collision,25984.5,-1.322,0,1,0
13885,Success,25986.92,-1.789,0,0,1
13886,Success,25988.06,-0.889,0,0,1
13887,Obstacle Collision,25989.24,-1.124,0,1,0
13888,Obstacle Collision,25992.56,-1.389,0,1,0
13889,Obstacle Collision,25995.78,-2.25,0,1,0
13890,Success,25998.56,-0.156,0,0,1
13891,Success,26001.37,-1.8,0,0,1
13892,Success,26003.64,-0.083,0,0,1
13893,Obstacle Collision,26004.67,-1.155,0,1,0
13894,Success,26006.13,-0.056,0,0,1
13895,Obstacle Collision,26008.28,-1.361,0,1,0
13896,Obstacle Collision,26009.45,-1.139,0,1,0
13897,Success,26013.04,-0.122,0,0,1
13898,Obstacle Collision,26015.41,-1.311,0,1,0
13899,Obstacle Collision,26017.19,-1.804,0,1,0
13900,Obstacle Collision,26018.3,-1.283,0,1,0
13901,Obstacle Collision,26019.62,-1.289,0,1,0
13902,Success,26022.1,-0.094,0,0,1
13903,Success,26023.67,-0.05,0,0,1
13904,Success,26024.74,-0.039,0,0,1
13905,Success,26026.28,-0.044,0,0,1
13906,Obstacle Collision,26026.97,-1.156,0,1,0
13907,Obstacle Collision,26031.19,-1.506,0,1,0
13908,Obstacle Collision,26032.11,-1.231,0,1,0
13909,Success,26033.02,-0.028,0,0,1
13910,Success,26034.64,-0.083,0,0,1
13911,Success,26037.38,-0.078,0,0,1
13912,Obstacle Collision,26038.4,-1.044,0,1,0
13913,Success,26041.96,-0.189,0,0,1
13914,Success,26043.56,-0.05,0,0,1
13915,Success,26044.79,-3.433,0,0,1
13916,Obstacle Collision,26045.45,-1.267,0,1,0
13917,Success,26046.68,-0.05,0,0,1
13918,Obstacle Collision,26049.84,-1.456,0,1,0
13919,Success,26051.59,-0.911,0,0,1
13920,Agent Collision,26053.56,-1.772,1,0,0
13921,Obstacle Collision,26055.16,-1.289,0,1,0
13922,Success,26057.31,-0.078,0,0,1
13923,Obstacle Collision,26059.15,-1.294,0,1,0
13924,Obstacle Collision,26060.27,-1.278,0,1,0
13925,Obstacle Collision,26061.81,-1.289,0,1,0
13926,Obstacle Collision,26063.53,-1.306,0,1,0
13927,Success,26066.74,-0.133,0,0,1
13928,Success,26068.16,-0.072,0,0,1
13929,Success,26070.12,-0.056,0,0,1
13930,Obstacle Collision,26071.82,-2.639,0,1,0
13931,Success,26073.63,-0.061,0,0,1
13932,Success,26075.29,-0.067,0,0,1
13933,Success,26076.86,-0.056,0,0,1
13934,Success,26078.15,-0.044,0,0,1
13935,Success,26079.37,-0.039,0,0,1
13936,Success,26081.7,-0.078,0,0,1
13937,Obstacle Collision,26083.44,-1.137,0,1,0
13938,Success,26086.66,-0.956,0,0,1
13939,Obstacle Collision,26091.39,-1.589,0,1,0
13940,Obstacle Collision,26092.56,-1.198,0,1,0
13941,Success,26093.86,-0.039,0,0,1
13942,Success,26095.14,-0.039,0,0,1
13943,Success,26096.52,-0.067,0,0,1
13944,Success,26097.92,-0.072,0,0,1
13945,Obstacle Collision,26101.87,-1.567,0,1,0
13946,Obstacle Collision,26103.36,-1.289,0,1,0
13947,Obstacle Collision,26104.8,-1.211,0,1,0
13948,Success,26106.72,-0.067,0,0,1
13949,Success,26109.45,-0.106,0,0,1
13950,Success,26111.06,-0.05,0,0,1
13951,Obstacle Collision,26112.12,-1.289,0,1,0
13952,Success,26113.82,-0.044,0,0,1
13953,Success,26115.37,-0.067,0,0,1
13954,Success,26117.07,-0.067,0,0,1
13955,Success,26118.39,-0.056,0,0,1
13956,Success,26120.65,-0.072,0,0,1
13957,Obstacle Collision,26124.01,-1.012,0,1,0
13958,Success,26125.83,-0.067,0,0,1
13959,Success,26127.23,-0.911,0,0,1
13960,Success,26130.23,-0.128,0,0,1
13961,Success,26131.84,-0.056,0,0,1
13962,Obstacle Collision,26136.02,-4.867,0,1,0
13963,Success,26137.71,-0.917,0,0,1
13964,Success,26139.86,-0.072,0,0,1
13965,Success,26141.54,-0.061,0,0,1
13966,Success,26143.35,-0.1,0,0,1
13967,Success,26145.83,-0.117,0,0,1
13968,Obstacle Collision,26146.65,-1.272,0,1,0
13969,Obstacle Collision,26148.28,-1.01,0,1,0
13970,Success,26149.29,-0.05,0,0,1
13971,Success,26152.58,-0.106,0,0,1
13972,Success,26154.55,-0.078,0,0,1
13973,Success,26158.03,-9.55,0,0,1
13974,Success,26159.59,-0.044,0,0,1
13975,Success,26161.01,-0.056,0,0,1
13976,Success,26162.42,-0.05,0,0,1
13977,Success,26163.5,-0.044,0,0,1
13978,Obstacle Collision,26165.46,-1.317,0,1,0
13979,Obstacle Collision,26166.56,-1.278,0,1,0
13980,Success,26168.4,-0.911,0,0,1
13981,Obstacle Collision,26170.96,-8.352,0,1,0
13982,Obstacle Collision,26173.73,-1.456,0,1,0
13983,Obstacle Collision,26177.1,-1.472,0,1,0
13984,Success,26178.49,-0.05,0,0,1
13985,Success,26180.52,-0.094,0,0,1
13986,Obstacle Collision,26181.55,-2.989,0,1,0
13987,Success,26182.71,-0.056,0,0,1
13988,Success,26184.96,-1.817,0,0,1
13989,Success,26185.87,-0.033,0,0,1
13990,Obstacle Collision,26186.69,-1.092,0,1,0
13991,Obstacle Collision,26188.46,-1.294,0,1,0
13992,Obstacle Collision,26189.86,-1.133,0,1,0
13993,Success,26192.91,-0.228,0,0,1
13994,Success,26194.98,-0.072,0,0,1
13995,Success,26196.58,-0.05,0,0,1
13996,Obstacle Collision,26197.41,-1.075,0,1,0
13997,Obstacle Collision,26198.77,-1.164,0,1,0
13998,Success,26200.23,-0.056,0,0,1
13999,Success,26202.39,-0.072,0,0,1
14000,Obstacle Collision,26203.88,-1.3,0,1,0
14001,Obstacle Collision,26205.15,-1.294,0,1,0
14002,Success,26206.92,-0.056,0,0,1
14003,Success,26209.65,-0.122,0,0,1
14004,Success,26211.02,-0.056,0,0,1
14005,Success,26212.77,-0.061,0,0,1
14006,Obstacle Collision,26214.38,-1.311,0,1,0
14007,Obstacle Collision,26215.38,-1.278,0,1,0
14008,Success,26216.45,-0.033,0,0,1
14009,Obstacle Collision,26217.34,-1.231,0,1,0
14010,Obstacle Collision,26218.63,-2.11,0,1,0
14011,Success,26219.47,-0.033,0,0,1
14012,Obstacle Collision,26220.75,-1.234,0,1,0
14013,Success,26222.9,-0.072,0,0,1
14014,Success,26225.02,-0.106,0,0,1
14015,Obstacle Collision,26226.24,-1.744,0,1,0
14016,Obstacle Collision,26226.67,-1.261,0,1,0
14017,Success,26228.93,-0.106,0,0,1
14018,Success,26231.76,-0.133,0,0,1
14019,Success,26233.25,-0.056,0,0,1
14020,Success,26234.54,-0.044,0,0,1
14021,Obstacle Collision,26236.76,-0.917,0,1,0
14022,Success,26239.82,-0.1,0,0,1
14023,Obstacle Collision,26243.16,-1.411,0,1,0
14024,Success,26245.95,-0.117,0,0,1
14025,Obstacle Collision,26246.61,-1.226,0,1,0
14026,Success,26248.36,-0.056,0,0,1
14027,Obstacle Collision,26250.48,-1.266,0,1,0
14028,Success,26253.09,-0.078,0,0,1
14029,Success,26255.11,-0.067,0,0,1
14030,Success,26258.14,-0.133,0,0,1
14031,Obstacle Collision,26258.57,-1.261,0,1,0
14032,Success,26260.24,-0.094,0,0,1
14033,Obstacle Collision,26262.64,-1.184,0,1,0
14034,Obstacle Collision,26264.23,-0.973,0,1,0
14035,Obstacle Collision,26265.55,-1.306,0,1,0
14036,Agent Collision,26268.57,-5.211,1,0,0
14037,Obstacle Collision,26271.81,-1.439,0,1,0
14038,Obstacle Collision,26272.91,-1.283,0,1,0
14039,Obstacle Collision,26274.21,-1.109,0,1,0
14040,Success,26277.36,-0.089,0,0,1
14041,Success,26280.09,-0.089,0,0,1
14042,Success,26281.54,-0.056,0,0,1
14043,Success,26283.22,-0.061,0,0,1
14044,Success,26286.69,-0.222,0,0,1
14045,Success,26288.86,-0.072,0,0,1
14046,Success,26291.11,-0.083,0,0,1
14047,Success,26293.83,-0.1,0,0,1
14048,Success,26295.59,-0.061,0,0,1
14049,Success,26298.02,-0.089,0,0,1
14050,Success,26300.68,-0.094,0,0,1
14051,Success,26302.92,-0.95,0,0,1
14052,Success,26303.76,-0.044,0,0,1
14053,Obstacle Collision,26305.73,-1.306,0,1,0
14054,Success,26308.11,-0.1,0,0,1
14055,Success,26309.5,-0.039,0,0,1
14056,Obstacle Collision,26310.2,-1.267,0,1,0
14057,Agent Collision,26312.41,-0.933,1,0,0
14058,Obstacle Collision,26314.26,-1.03,0,1,0
14059,Obstacle Collision,26316.09,-1.317,0,1,0
14060,Success,26317.25,-0.894,0,0,1
14061,Success,26318.85,-2.622,0,0,1
14062,Obstacle Collision,26320.47,-1.247,0,1,0
14063,Success,26323.75,-1.811,0,0,1
14064,Success,26324.91,-0.906,0,0,1
14065,Obstacle Collision,26325.59,-1.267,0,1,0
14066,Success,26328.01,-0.089,0,0,1
14067,Obstacle Collision,26328.64,-1.267,0,1,0
14068,Success,26330.61,-0.106,0,0,1
14069,Obstacle Collision,26331.92,-1.158,0,1,0
14070,Obstacle Collision,26333.3,-1.051,0,1,0
14071,Success,26336.18,-0.083,0,0,1
14072,Success,26337.4,-0.033,0,0,1
14073,Success,26340.39,-0.939,0,0,1
14074,Success,26342.7,-0.067,0,0,1
14075,Success,26344.23,-0.056,0,0,1
14076,Success,26345.62,-0.061,0,0,1
14077,Success,26346.94,-0.061,0,0,1
14078,Success,26348.42,-3.483,0,0,1
14079,Success,26349.5,-0.05,0,0,1
14080,Obstacle Collision,26350.82,-1.3,0,1,0
14081,Success,26353.88,-2.672,0,0,1
14082,Success,26356.35,-0.111,0,0,1
14083,Success,26357.1,-0.028,0,0,1
14084,Obstacle Collision,26358.37,-1.277,0,1,0
14085,Success,26359.35,-0.883,0,0,1
14086,Obstacle Collision,26361.35,-1.166,0,1,0
14087,Success,26363.07,-0.067,0,0,1
14088,Success,26365.34,-0.089,0,0,1
14089,Success,26366.41,-0.033,0,0,1
14090,Success,26368.67,-0.072,0,0,1
14091,Success,26370.92,-0.117,0,0,1
14092,Success,26372.15,-0.044,0,0,1
14093,Success,26373.76,-0.9,0,0,1
14094,Success,26377.66,-0.128,0,0,1
14095,Success,26380.05,-0.083,0,0,1
14096,Obstacle Collision,26381.38,-0.967,0,1,0
14097,Obstacle Collision,26384.58,-1.494,0,1,0
14098,Obstacle Collision,26385.62,-2.137,0,1,0
14099,Success,26387.17,-0.056,0,0,1
14100,Success,26389.57,-0.1,0,0,1
14101,Agent Collision,26391.05,-6.033,1,0,0
14102,Success,26392.61,-0.056,0,0,1
14103,Obstacle Collision,26393.95,-1.294,0,1,0
14104,Obstacle Collision,26394.52,-1.188,0,1,0
14105,Success,26396.45,-0.061,0,0,1
14106,Obstacle Collision,26399.3,-1.333,0,1,0
14107,Success,26401.7,-0.072,0,0,1
14108,Success,26405.01,-0.089,0,0,1
14109,Obstacle Collision,26406.54,-1.3,0,1,0
14110,Obstacle Collision,26408.34,-1.328,0,1,0
14111,Success,26410.54,-0.089,0,0,1
14112,Success,26413.17,-0.083,0,0,1
14113,Obstacle Collision,26413.78,-2.583,0,1,0
14114,Obstacle Collision,26419.25,-3.897,0,1,0
14115,Success,26421.69,-0.094,0,0,1
14116,Success,26423.65,-0.072,0,0,1
14117,Obstacle Collision,26425.28,-4.711,0,1,0
14118,Obstacle Collision,26425.73,-1.261,0,1,0
14119,Obstacle Collision,26427.23,-1.317,0,1,0
14120,Success,26429.43,-0.089,0,0,1
14121,Obstacle Collision,26430.34,-1.272,0,1,0
14122,Obstacle Collision,26431.33,-1.08,0,1,0
14123,Success,26435.14,-0.122,0,0,1
14124,Obstacle Collision,26435.93,-2.92,0,1,0
14125,Success,26437.67,-0.933,0,0,1
14126,Success,26439.92,-0.089,0,0,1
14127,Obstacle Collision,26441.38,-1.791,0,1,0
14128,Success,26444.0,-0.1,0,0,1
14129,Obstacle Collision,26445.41,-1.156,0,1,0
14130,Success,26447.29,-0.061,0,0,1
14131,Success,26450.38,-0.978,0,0,1
14132,Success,26452.75,-0.094,0,0,1
14133,Success,26455.82,-1.061,0,0,1
14134,Success,26457.77,-0.05,0,0,1
14135,Success,26459.96,-0.144,0,0,1
14136,Success,26462.17,-0.078,0,0,1
14137,Success,26463.96,-2.617,0,0,1
14138,Success,26467.16,-0.183,0,0,1
14139,Obstacle Collision,26468.09,-1.232,0,1,0
14140,Obstacle Collision,26471.41,-3.078,0,1,0
14141,Success,26472.72,-0.044,0,0,1
14142,Obstacle Collision,26473.99,-1.283,0,1,0
14143,Agent Collision,26475.86,-0.906,1,0,0
14144,Success,26478.15,-0.928,0,0,1
14145,Obstacle Collision,26479.29,-1.278,0,1,0
14146,Obstacle Collision,26480.32,-1.075,0,1,0
14147,Success,26482.82,-0.067,0,0,1
14148,Success,26485.51,-0.111,0,0,1
14149,Success,26487.66,-0.061,0,0,1
14150,Timeout,26494.85,-0.6,0,0,0
14151,Success,26496.32,-0.05,0,0,1
14152,Timeout,26503.45,-0.6,0,0,0
14153,Success,26505.93,-0.083,0,0,1
14154,Success,26507.25,-0.05,0,0,1
14155,Success,26508.89,-0.061,0,0,1
14156,Success,26511.4,-0.083,0,0,1
14157,Success,26513.19,-0.072,0,0,1
14158,Success,26514.19,-0.039,0,0,1
14159,Obstacle Collision,26515.12,-1.278,0,1,0
14160,Obstacle Collision,26516.36,-1.122,0,1,0
14161,Obstacle Collision,26517.23,-1.122,0,1,0
14162,Obstacle Collision,26518.63,-1.283,0,1,0
14163,Obstacle Collision,26519.56,-1.177,0,1,0
14164,Success,26520.89,-0.056,0,0,1
14165,Success,26522.59,-0.05,0,0,1
14166,Success,26523.82,-0.9,0,0,1
14167,Success,26526.89,-0.144,0,0,1
14168,Success,26528.31,-0.044,0,0,1
14169,Success,26529.86,-0.05,0,0,1
14170,Success,26531.12,-0.9,0,0,1
14171,Success,26533.23,-0.083,0,0,1
14172,Success,26535.26,-0.061,0,0,1
14173,Obstacle Collision,26537.15,-2.976,0,1,0
14174,Obstacle Collision,26538.48,-0.786,0,1,0
14175,Success,26540.84,-0.078,0,0,1
14176,Success,26542.56,-0.072,0,0,1
14177,Success,26544.53,-0.072,0,0,1
14178,Success,26545.92,-0.056,0,0,1
14179,Success,26547.65,-0.072,0,0,1
14180,Obstacle Collision,26549.75,-1.372,0,1,0
14181,Success,26551.25,-0.061,0,0,1
14182,Success,26552.32,-0.044,0,0,1
14183,Success,26556.87,-0.133,0,0,1
14184,Success,26557.54,-0.022,0,0,1
14185,Success,26559.27,-0.072,0,0,1
14186,Success,26561.64,-0.089,0,0,1
14187,Success,26562.72,-0.033,0,0,1
14188,Success,26566.07,-0.167,0,0,1
14189,Success,26568.22,-0.083,0,0,1
14190,Obstacle Collision,26570.54,-1.173,0,1,0
14191,Success,26572.68,-1.789,0,0,1
14192,Success,26574.1,-0.05,0,0,1
14193,Success,26575.84,-0.05,0,0,1
14194,Success,26577.75,-0.072,0,0,1
14195,Success,26580.28,-0.072,0,0,1
14196,Obstacle Collision,26580.92,-1.227,0,1,0
14197,Success,26584.23,-0.089,0,0,1
14198,Success,26587.66,-0.111,0,0,1
14199,Obstacle Collision,26589.9,-1.317,0,1,0
14200,Obstacle Collision,26590.57,-1.267,0,1,0
14201,Success,26591.95,-2.594,0,0,1
14202,Success,26593.8,-0.061,0,0,1
14203,Success,26595.02,-0.039,0,0,1
14204,Obstacle Collision,26596.22,-1.283,0,1,0
14205,Obstacle Collision,26596.93,-1.272,0,1,0
14206,Obstacle Collision,26597.37,-1.261,0,1,0
14207,Success,26600.41,-1.811,0,0,1
14208,Obstacle Collision,26602.05,-5.441,0,1,0
14209,Success,26603.29,-0.044,0,0,1
14210,Success,26605.19,-0.072,0,0,1
14211,Obstacle Collision,26605.84,-1.25,0,1,0
14212,Success,26607.34,-0.061,0,0,1
14213,Success,26610.08,-0.128,0,0,1
14214,Obstacle Collision,26612.81,-1.372,0,1,0
14215,Success,26614.6,-0.078,0,0,1
14216,Agent Collision,26617.51,-4.394,1,0,0
14217,Success,26619.26,-0.056,0,0,1
14218,Timeout,26626.64,-0.6,0,0,0
14219,Obstacle Collision,26631.77,-1.594,0,1,0
14220,Success,26633.34,-0.044,0,0,1
14221,Obstacle Collision,26634.47,-1.233,0,1,0
14222,Success,26635.48,-0.039,0,0,1
14223,Success,26636.97,-0.039,0,0,1
14224,Success,26637.99,-2.611,0,0,1
14225,Success,26641.24,-0.133,0,0,1
14226,Obstacle Collision,26641.9,-2.122,0,1,0
14227,Obstacle Collision,26643.24,-1.317,0,1,0
14228,Success,26644.69,-0.072,0,0,1
14229,Success,26647.73,-0.1,0,0,1
14230,Obstacle Collision,26649.73,-0.855,0,1,0
14231,Success,26651.19,-0.044,0,0,1
14232,Obstacle Collision,26652.42,-6.252,0,1,0
14233,Obstacle Collision,26653.09,-2.978,0,1,0
14234,Success,26654.65,-2.633,0,0,1
14235,Success,26656.95,-0.928,0,0,1
14236,Success,26658.41,-0.056,0,0,1
14237,Obstacle Collision,26659.55,-1.24,0,1,0
14238,Success,26661.78,-0.122,0,0,1
14239,Obstacle Collision,26663.62,-2.15,0,1,0
14240,Success,26665.94,-0.089,0,0,1
14241,Obstacle Collision,26666.81,-1.272,0,1,0
14242,Obstacle Collision,26667.77,-1.157,0,1,0
14243,Obstacle Collision,26668.81,-1.278,0,1,0
14244,Obstacle Collision,26669.92,-1.117,0,1,0
14245,Success,26671.72,-0.067,0,0,1
14246,Success,26674.48,-0.122,0,0,1
14247,Success,26676.04,-0.072,0,0,1
14248,Success,26677.13,-0.9,0,0,1
14249,Success,26678.18,-0.033,0,0,1
14250,Success,26680.25,-0.083,0,0,1
14251,Success,26682.5,-0.922,0,0,1
14252,Success,26685.64,-0.122,0,0,1
14253,Success,26687.72,-0.061,0,0,1
14254,Success,26689.19,-0.05,0,0,1
14255,Success,26691.54,-0.078,0,0,1
14256,Success,26692.86,-0.05,0,0,1
14257,Success,26695.35,-0.072,0,0,1
14258,Success,26696.52,-0.906,0,0,1
14259,Success,26697.74,-0.044,0,0,1
14260,Success,26700.13,-0.083,0,0,1
14261,Success,26702.01,-0.078,0,0,1
14262,Success,26704.49,-0.072,0,0,1
14263,Obstacle Collision,26704.93,-1.261,0,1,0
14264,Success,26706.77,-0.061,0,0,1
14265,Success,26708.22,-0.044,0,0,1
14266,Success,26710.54,-1.794,0,0,1
14267,Success,26712.88,-0.939,0,0,1
14268,Success,26714.66,-0.067,0,0,1
14269,Obstacle Collision,26716.3,-1.294,0,1,0
14270,Obstacle Collision,26719.52,-1.323,0,1,0
14271,Obstacle Collision,26720.9,-1.283,0,1,0
14272,Success,26723.72,-0.1,0,0,1
14273,Obstacle Collision,26725.23,-1.196,0,1,0
14274,Success,26727.25,-0.939,0,0,1
14275,Success,26729.65,-0.106,0,0,1
14276,Obstacle Collision,26731.88,-1.111,0,1,0
14277,Success,26733.66,-0.061,0,0,1
14278,Obstacle Collision,26735.22,-1.311,0,1,0
14279,Obstacle Collision,26735.93,-1.189,0,1,0
14280,Success,26737.76,-0.911,0,0,1
14281,Obstacle Collision,26739.12,-1.283,0,1,0
14282,Obstacle Collision,26742.8,-1.511,0,1,0
14283,Success,26744.02,-0.039,0,0,1
14284,Timeout,26751.36,-1.456,0,0,0
14285,Obstacle Collision,26754.81,-1.472,0,1,0
14286,Success,26757.51,-1.8,0,0,1
14287,Success,26758.83,-0.056,0,0,1
14288,Success,26760.88,-0.072,0,0,1
14289,Success,26763.73,-0.122,0,0,1
14290,Obstacle Collision,26767.85,-4.894,0,1,0
14291,Obstacle Collision,26768.52,-1.267,0,1,0
14292,Success,26771.0,-0.928,0,0,1
14293,Success,26773.02,-0.061,0,0,1
14294,Success,26774.67,-0.067,0,0,1
14295,Success,26775.83,-0.033,0,0,1
14296,Obstacle Collision,26779.05,-1.489,0,1,0
14297,Obstacle Collision,26781.55,-1.489,0,1,0
14298,Success,26783.54,-0.083,0,0,1
14299,Obstacle Collision,26784.7,-1.139,0,1,0
14300,Obstacle Collision,26786.95,-1.136,0,1,0
14301,Obstacle Collision,26787.38,-2.117,0,1,0
14302,Success,26788.67,-0.039,0,0,1
14303,Obstacle Collision,26789.33,-1.267,0,1,0
14304,Success,26791.46,-0.922,0,0,1
14305,Success,26793.01,-0.061,0,0,1
14306,Obstacle Collision,26794.85,-1.317,0,1,0
14307,Success,26796.98,-0.078,0,0,1
14308,Success,26799.58,-0.067,0,0,1
14309,Success,26801.86,-0.128,0,0,1
14310,Obstacle Collision,26806.19,-1.583,0,1,0
14311,Success,26808.49,-0.089,0,0,1
14312,Obstacle Collision,26810.55,-1.367,0,1,0
14313,Success,26811.74,-0.033,0,0,1
14314,Success,26813.01,-1.767,0,0,1
14315,Success,26814.88,-0.056,0,0,1
14316,Success,26817.9,-0.144,0,0,1
14317,Success,26819.85,-0.056,0,0,1
14318,Success,26821.9,-0.078,0,0,1
14319,Obstacle Collision,26824.78,-1.333,0,1,0
14320,Success,26826.16,-0.044,0,0,1
14321,Success,26828.19,-0.078,0,0,1
14322,Success,26830.39,-0.067,0,0,1
14323,Success,26832.85,-0.933,0,0,1
14324,Success,26833.83,-0.033,0,0,1
14325,Success,26836.33,-1.806,0,0,1
14326,Obstacle Collision,26837.96,-1.041,0,1,0
14327,Success,26840.1,-0.089,0,0,1
14328,Obstacle Collision,26841.17,-1.278,0,1,0
14329,Success,26843.48,-0.072,0,0,1
14330,Success,26845.57,-0.067,0,0,1
14331,Obstacle Collision,26846.82,-0.95,0,1,0
14332,Success,26848.88,-0.089,0,0,1
14333,Obstacle Collision,26850.3,-1.26,0,1,0
14334,Obstacle Collision,26851.71,-1.102,0,1,0
14335,Success,26853.8,-1.794,0,0,1
14336,Success,26856.22,-0.078,0,0,1
14337,Obstacle Collision,26857.84,-1.311,0,1,0
14338,Obstacle Collision,26860.27,-1.322,0,1,0
14339,Success,26861.58,-0.05,0,0,1
14340,Success,26863.08,-0.072,0,0,1
14341,Success,26865.42,-0.072,0,0,1
14342,Success,26866.89,-0.056,0,0,1
14343,Success,26868.62,-1.767,0,0,1
14344,Success,26870.74,-0.956,0,0,1
14345,Success,26872.39,-0.067,0,0,1
14346,Success,26874.35,-0.083,0,0,1
14347,Success,26876.72,-0.933,0,0,1
14348,Success,26879.53,-0.094,0,0,1
14349,Agent Collision,26880.8,-6.028,1,0,0
14350,Success,26882.44,-0.05,0,0,1
14351,Success,26884.79,-0.072,0,0,1
14352,Success,26886.6,-0.078,0,0,1
14353,Success,26887.88,-0.039,0,0,1
14354,Agent Collision,26888.97,-9.333,1,0,0
14355,Success,26891.54,-0.089,0,0,1
14356,Success,26894.02,-0.939,0,0,1
14357,Success,26896.28,-0.1,0,0,1
14358,Success,26898.94,-0.122,0,0,1
14359,Obstacle Collision,26903.59,-2.289,0,1,0
14360,Success,26904.75,-0.056,0,0,1
14361,Success,26906.85,-0.111,0,0,1
14362,Success,26909.54,-0.094,0,0,1
14363,Success,26911.58,-0.061,0,0,1
14364,Success,26913.43,-0.05,0,0,1
14365,Obstacle Collision,26914.09,-1.267,0,1,0
14366,Obstacle Collision,26915.29,-1.19,0,1,0
14367,Success,26917.54,-0.094,0,0,1
14368,Success,26918.87,-0.061,0,0,1
14369,Obstacle Collision,26920.06,-1.021,0,1,0
14370,Success,26922.34,-0.083,0,0,1
14371,Obstacle Collision,26923.03,-1.194,0,1,0
14372,Success,26926.03,-0.1,0,0,1
14373,Obstacle Collision,26926.94,-1.272,0,1,0
14374,Obstacle Collision,26928.77,-1.367,0,1,0
14375,Success,26930.31,-0.906,0,0,1
14376,Obstacle Collision,26932.61,-1.306,0,1,0
14377,Success,26936.62,-0.117,0,0,1
14378,Success,26939.52,-0.1,0,0,1
14379,Obstacle Collision,26943.81,-4.944,0,1,0
14380,Success,26945.83,-0.094,0,0,1
14381,Obstacle Collision,26948.72,-1.35,0,1,0
14382,Success,26949.7,-0.033,0,0,1
14383,Obstacle Collision,26950.33,-1.267,0,1,0
14384,Obstacle Collision,26951.0,-1.267,0,1,0
14385,Success,26953.64,-0.111,0,0,1
14386,Success,26955.1,-0.05,0,0,1
14387,Success,26957.13,-0.072,0,0,1
14388,Success,26960.07,-1.81,0,0,1
14389,Success,26961.86,-0.067,0,0,1
14390,Obstacle Collision,26964.83,-1.333,0,1,0
14391,Success,26967.22,-0.1,0,0,1
14392,Obstacle Collision,26967.9,-1.267,0,1,0
14393,Success,26970.48,-0.083,0,0,1
14394,Success,26972.13,-0.094,0,0,1
14395,Success,26973.84,-0.072,0,0,1
14396,Obstacle Collision,26975.26,-1.289,0,1,0
14397,Obstacle Collision,26976.56,-1.306,0,1,0
14398,Obstacle Collision,26980.54,-2.221,0,1,0
14399,Success,26983.17,-0.089,0,0,1
14400,Success,26985.56,-5.189,0,0,1
14401,Obstacle Collision,26986.24,-1.267,0,1,0
14402,Success,26987.31,-0.039,0,0,1
14403,Success,26988.63,-0.044,0,0,1
14404,Obstacle Collision,26989.8,-1.744,0,1,0
14405,Obstacle Collision,26990.8,-1.278,0,1,0
14406,Success,26992.04,-0.05,0,0,1
14407,Obstacle Collision,26993.85,-1.317,0,1,0
14408,Obstacle Collision,26994.97,-1.264,0,1,0
14409,Success,26996.3,-0.061,0,0,1
14410,Success,26998.57,-0.067,0,0,1
14411,Obstacle Collision,26999.24,-1.267,0,1,0
14412,Obstacle Collision,27000.24,-1.153,0,1,0
14413,Obstacle Collision,27001.97,-3.795,0,1,0
14414,Success,27004.12,-1.783,0,0,1
14415,Success,27006.67,-0.067,0,0,1
14416,Success,27009.12,-0.078,0,0,1
14417,Success,27011.63,-2.65,0,0,1
14418,Obstacle Collision,27013.02,-1.3,0,1,0
14419,Success,27015.83,-0.167,0,0,1
14420,Success,27017.7,-0.05,0,0,1
14421,Success,27023.29,-0.344,0,0,1
14422,Success,27024.45,-0.044,0,0,1
14423,Obstacle Collision,27026.18,-1.097,0,1,0
14424,Obstacle Collision,27028.63,-1.356,0,1,0
14425,Success,27030.62,-1.767,0,0,1
14426,Obstacle Collision,27030.82,-1.256,0,1,0
14427,Obstacle Collision,27032.12,-1.283,0,1,0
14428,Obstacle Collision,27034.37,-1.367,0,1,0
14429,Obstacle Collision,27036.4,-1.3,0,1,0
14430,Success,27037.79,-0.044,0,0,1
14431,Obstacle Collision,27038.96,-1.133,0,1,0
14432,Obstacle Collision,27040.16,-1.117,0,1,0
14433,Success,27042.58,-0.122,0,0,1
14434,Obstacle Collision,27043.93,-1.3,0,1,0
14435,Success,27047.29,-0.261,0,0,1
14436,Success,27050.36,-0.111,0,0,1
14437,Obstacle Collision,27052.02,-0.978,0,1,0
14438,Success,27053.33,-0.061,0,0,1
14439,Obstacle Collision,27053.78,-1.261,0,1,0
14440,Success,27056.75,-0.1,0,0,1
14441,Success,27058.75,-0.067,0,0,1
14442,Obstacle Collision,27060.34,-1.294,0,1,0
14443,Obstacle Collision,27061.47,-1.278,0,1,0
14444,Success,27062.64,-0.05,0,0,1
14445,Success,27066.78,-5.289,0,0,1
14446,Success,27069.78,-0.083,0,0,1
14447,Obstacle Collision,27072.07,-1.344,0,1,0
14448,Success,27073.22,-0.039,0,0,1
14449,Success,27075.88,-1.789,0,0,1
14450,Obstacle Collision,27078.72,-3.117,0,1,0
14451,Success,27081.09,-0.089,0,0,1
14452,Success,27082.66,-0.078,0,0,1
14453,Success,27084.19,-0.039,0,0,1
14454,Obstacle Collision,27085.81,-1.35,0,1,0
14455,Obstacle Collision,27086.66,-1.272,0,1,0
14456,Success,27087.98,-0.039,0,0,1
14457,Obstacle Collision,27088.89,-1.272,0,1,0
14458,Success,27090.2,-0.044,0,0,1
14459,Success,27091.44,-0.05,0,0,1
14460,Success,27092.85,-0.05,0,0,1
14461,Obstacle Collision,27094.4,-1.306,0,1,0
14462,Obstacle Collision,27095.73,-1.3,0,1,0
14463,Success,27098.34,-0.133,0,0,1
14464,Obstacle Collision,27099.7,-1.283,0,1,0
14465,Success,27100.76,-0.039,0,0,1
14466,Obstacle Collision,27102.46,-1.322,0,1,0
14467,Success,27104.84,-0.083,0,0,1
14468,Success,27105.83,-0.033,0,0,1
14469,Success,27106.92,-0.039,0,0,1
14470,Success,27108.4,-0.044,0,0,1
14471,Success,27109.66,-0.056,0,0,1
14472,Success,27110.75,-0.044,0,0,1
14473,Timeout,27116.98,-0.6,0,0,0
14474,Obstacle Collision,27117.89,-1.272,0,1,0
14475,Obstacle Collision,27119.43,-1.317,0,1,0
14476,Success,27120.78,-0.067,0,0,1
14477,Obstacle Collision,27122.32,-1.289,0,1,0
14478,Obstacle Collision,27124.51,-0.895,0,1,0
14479,Success,27126.22,-0.094,0,0,1
14480,Obstacle Collision,27126.66,-1.261,0,1,0
14481,Obstacle Collision,27127.8,-1.003,0,1,0
14482,Success,27129.41,-0.056,0,0,1
14483,Obstacle Collision,27130.41,-1.289,0,1,0
14484,Obstacle Collision,27130.84,-1.261,0,1,0
14485,Obstacle Collision,27132.26,-1.289,0,1,0
14486,Obstacle Collision,27133.52,-1.117,0,1,0
14487,Success,27135.05,-0.044,0,0,1
14488,Obstacle Collision,27135.96,-1.272,0,1,0
14489,Success,27138.33,-0.083,0,0,1
14490,Success,27140.61,-0.933,0,0,1
14491,Success,27143.27,-0.089,0,0,1
14492,Obstacle Collision,27144.45,-1.044,0,1,0
14493,Obstacle Collision,27146.15,-1.317,0,1,0
14494,Obstacle Collision,27147.0,-1.272,0,1,0
14495,Obstacle Collision,27148.37,-1.063,0,1,0
14496,Success,27150.26,-1.767,0,0,1
14497,Obstacle Collision,27151.53,-1.306,0,1,0
14498,Obstacle Collision,27152.88,-1.289,0,1,0
14499,Obstacle Collision,27156.4,-1.406,0,1,0
14500,Obstacle Collision,27158.14,-1.311,0,1,0
14501,Obstacle Collision,27158.82,-1.267,0,1,0
14502,Obstacle Collision,27161.37,-1.305,0,1,0
14503,Obstacle Collision,27163.34,-1.056,0,1,0
14504,Obstacle Collision,27164.22,-1.272,0,1,0
14505,Obstacle Collision,27166.47,-1.328,0,1,0
14506,Success,27169.01,-0.078,0,0,1
14507,Obstacle Collision,27169.97,-1.153,0,1,0
14508,Obstacle Collision,27171.8,-1.322,0,1,0
14509,Obstacle Collision,27173.06,-1.283,0,1,0
14510,Obstacle Collision,27174.78,-1.339,0,1,0
14511,Obstacle Collision,27175.44,-1.267,0,1,0
14512,Success,27177.03,-0.906,0,0,1
14513,Success,27178.26,-0.039,0,0,1
14514,Obstacle Collision,27180.15,-0.984,0,1,0
14515,Success,27181.71,-0.072,0,0,1
14516,Success,27183.65,-0.067,0,0,1
14517,Obstacle Collision,27186.23,-2.867,0,1,0
14518,Obstacle Collision,27187.15,-1.272,0,1,0
14519,Success,27188.87,-0.056,0,0,1
14520,Success,27191.14,-0.072,0,0,1
14521,Obstacle Collision,27192.23,-1.294,0,1,0
14522,Success,27193.77,-0.044,0,0,1
14523,Success,27195.26,-0.072,0,0,1
14524,Obstacle Collision,27196.37,-1.278,0,1,0
14525,Obstacle Collision,27197.56,-1.3,0,1,0
14526,Success,27200.09,-0.956,0,0,1
14527,Success,27201.8,-0.067,0,0,1
14528,Success,27204.97,-1.8,0,0,1
14529,Success,27207.09,-0.083,0,0,1
14530,Obstacle Collision,27207.77,-1.26,0,1,0
14531,Success,27210.3,-4.356,0,0,1
14532,Obstacle Collision,27211.23,-1.283,0,1,0
14533,Success,27212.48,-0.067,0,0,1
14534,Success,27213.88,-0.05,0,0,1
14535,Success,27216.26,-0.106,0,0,1
14536,Obstacle Collision,27217.86,-1.289,0,1,0
14537,Obstacle Collision,27219.24,-1.283,0,1,0
14538,Success,27221.9,-0.161,0,0,1
14539,Obstacle Collision,27223.25,-1.85,0,1,0
14540,Obstacle Collision,27223.92,-1.267,0,1,0
14541,Success,27224.92,-0.044,0,0,1
14542,Success,27226.16,-0.05,0,0,1
14543,Success,27227.63,-0.072,0,0,1
14544,Success,27228.7,-0.039,0,0,1
14545,Success,27229.85,-0.05,0,0,1
14546,Obstacle Collision,27231.36,-1.083,0,1,0
14547,Obstacle Collision,27232.54,-1.211,0,1,0
14548,Success,27234.08,-0.061,0,0,1
14549,Success,27234.67,-0.017,0,0,1
14550,Obstacle Collision,27235.63,-1.289,0,1,0
14551,Success,27238.56,-6.894,0,0,1
14552,Success,27240.32,-0.111,0,0,1
14553,Success,27244.1,-2.667,0,0,1
14554,Success,27246.16,-1.811,0,0,1
14555,Agent Collision,27249.06,-8.672,1,0,0
14556,Success,27251.54,-6.933,0,0,1
14557,Success,27254.74,-1.794,0,0,1
14558,Success,27256.0,-0.072,0,0,1
14559,Obstacle Collision,27256.65,-1.267,0,1,0
14560,Success,27260.8,-2.233,0,0,1
14561,Obstacle Collision,27262.48,-1.257,0,1,0
14562,Obstacle Collision,27264.32,-1.089,0,1,0
14563,Obstacle Collision,27265.15,-2.938,0,1,0
14564,Success,27267.65,-0.094,0,0,1
14565,Obstacle Collision,27269.59,-1.306,0,1,0
14566,Success,27271.36,-0.056,0,0,1
14567,Obstacle Collision,27273.65,-1.311,0,1,0
14568,Success,27275.01,-0.039,0,0,1
14569,Success,27277.27,-0.078,0,0,1
14570,Agent Collision,27280.46,-6.024,1,0,0
14571,Obstacle Collision,27284.39,-1.572,0,1,0
14572,Obstacle Collision,27286.93,-1.177,0,1,0
14573,Success,27290.35,-0.156,0,0,1
14574,Success,27294.62,-2.706,0,0,1
14575,Timeout,27301.59,-0.6,0,0,0
14576,Success,27303.07,-0.05,0,0,1
14577,Success,27304.75,-0.05,0,0,1
14578,Success,27306.22,-0.056,0,0,1
14579,Success,27308.22,-0.072,0,0,1
14580,Success,27311.84,-1.8,0,0,1
14581,Success,27315.97,-0.183,0,0,1
14582,Obstacle Collision,27317.28,-0.981,0,1,0
14583,Obstacle Collision,27317.96,-1.267,0,1,0
14584,Success,27320.49,-0.094,0,0,1
14585,Obstacle Collision,27321.17,-1.267,0,1,0
14586,Success,27322.59,-0.067,0,0,1
14587,Success,27325.27,-0.083,0,0,1
14588,Success,27326.28,-0.039,0,0,1
14589,Success,27329.05,-0.117,0,0,1
14590,Success,27331.34,-0.1,0,0,1
14591,Obstacle Collision,27331.79,-1.261,0,1,0
14592,Agent Collision,27333.34,-0.894,1,0,0
14593,Obstacle Collision,27334.39,-1.278,0,1,0
14594,Obstacle Collision,27334.82,-1.261,0,1,0
14595,Obstacle Collision,27336.09,-1.289,0,1,0
14596,Obstacle Collision,27338.1,-1.311,0,1,0
14597,Success,27340.3,-0.083,0,0,1
14598,Success,27343.13,-0.939,0,0,1
14599,Obstacle Collision,27344.11,-0.967,0,1,0
14600,Success,27345.65,-0.044,0,0,1
14601,Obstacle Collision,27347.04,-1.311,0,1,0
14602,Obstacle Collision,27349.61,-2.194,0,1,0
14603,Obstacle Collision,27351.37,-1.267,0,1,0
14604,Success,27352.59,-0.044,0,0,1
14605,Success,27356.18,-0.144,0,0,1
14606,Obstacle Collision,27357.21,-1.211,0,1,0
14607,Success,27358.91,-0.911,0,0,1
14608,Success,27361.71,-0.083,0,0,1
14609,Success,27364.14,-0.078,0,0,1
14610,Obstacle Collision,27365.56,-1.174,0,1,0
14611,Obstacle Collision,27366.44,-1.117,0,1,0
14612,Obstacle Collision,27367.32,-1.272,0,1,0
14613,Obstacle Collision,27368.0,-1.267,0,1,0
14614,Obstacle Collision,27368.85,-2.589,0,1,0
14615,Obstacle Collision,27371.28,-3.883,0,1,0
14616,Obstacle Collision,27371.72,-1.261,0,1,0
14617,Obstacle Collision,27373.37,-1.274,0,1,0
14618,Obstacle Collision,27376.68,-1.461,0,1,0
14619,Success,27379.49,-0.106,0,0,1
14620,Success,27382.21,-0.117,0,0,1
14621,Obstacle Collision,27383.94,-1.294,0,1,0
14622,Success,27385.72,-0.056,0,0,1
14623,Obstacle Collision,27388.12,-1.289,0,1,0
14624,Success,27389.34,-0.911,0,0,1
14625,Obstacle Collision,27389.77,-1.261,0,1,0
14626,Obstacle Collision,27392.13,-1.311,0,1,0
14627,Success,27393.84,-0.067,0,0,1
14628,Success,27395.88,-0.078,0,0,1
14629,Obstacle Collision,27397.17,-1.317,0,1,0
14630,Success,27399.2,-0.089,0,0,1
14631,Obstacle Collision,27399.89,-1.189,0,1,0
14632,Obstacle Collision,27401.47,-1.169,0,1,0
14633,Obstacle Collision,27402.37,-1.272,0,1,0
14634,Obstacle Collision,27404.89,-2.609,0,1,0
14635,Success,27407.08,-0.933,0,0,1
14636,Obstacle Collision,27407.75,-1.267,0,1,0
14637,Obstacle Collision,27409.51,-1.205,0,1,0
14638,Success,27410.67,-0.061,0,0,1
14639,Obstacle Collision,27413.18,-1.439,0,1,0
14640,Success,27414.49,-0.039,0,0,1
14641,Obstacle Collision,27415.34,-1.272,0,1,0
14642,Success,27416.61,-0.067,0,0,1
14643,Obstacle Collision,27418.74,-1.322,0,1,0
14644,Success,27420.79,-0.061,0,0,1
14645,Success,27422.51,-0.044,0,0,1
14646,Success,27424.29,-0.067,0,0,1
14647,Success,27426.48,-0.061,0,0,1
14648,Obstacle Collision,27427.33,-1.269,0,1,0
14649,Obstacle Collision,27429.61,-1.888,0,1,0
14650,Success,27430.14,-0.017,0,0,1
14651,Success,27432.34,-0.061,0,0,1
14652,Success,27435.18,-0.089,0,0,1
14653,Success,27439.42,-0.983,0,0,1
14654,Obstacle Collision,27440.05,-1.191,0,1,0
14655,Success,27442.07,-0.067,0,0,1
14656,Success,27443.21,-0.039,0,0,1
14657,Obstacle Collision,27443.88,-1.267,0,1,0
14658,Obstacle Collision,27444.56,-1.267,0,1,0
14659,Obstacle Collision,27446.02,-0.824,0,1,0
14660,Success,27448.55,-0.072,0,0,1
14661,Success,27450.09,-0.061,0,0,1
14662,Obstacle Collision,27451.05,-1.111,0,1,0
14663,Success,27452.85,-0.061,0,0,1
14664,Success,27454.61,-0.056,0,0,1
14665,Success,27457.04,-0.1,0,0,1
14666,Success,27458.18,-0.033,0,0,1
14667,Success,27461.1,-2.694,0,0,1
14668,Success,27462.35,-0.05,0,0,1
14669,Obstacle Collision,27463.56,-1.283,0,1,0
14670,Success,27464.7,-0.039,0,0,1
14671,Success,27466.09,-0.067,0,0,1
14672,Success,27467.38,-0.039,0,0,1
14673,Success,27468.87,-0.056,0,0,1
14674,Obstacle Collision,27470.62,-1.088,0,1,0
14675,Success,27471.54,-0.033,0,0,1
14676,Success,27473.49,-0.072,0,0,1
14677,Obstacle Collision,27474.13,-3.833,0,1,0
14678,Success,27475.27,-0.044,0,0,1
14679,Success,27477.21,-0.078,0,0,1
14680,Success,27477.9,-0.022,0,0,1
14681,Obstacle Collision,27480.11,-1.306,0,1,0
14682,Success,27481.76,-0.056,0,0,1
14683,Obstacle Collision,27484.02,-1.105,0,1,0
14684,Success,27485.27,-0.056,0,0,1
14685,Obstacle Collision,27488.67,-3.922,0,1,0
14686,Success,27489.68,-0.033,0,0,1
14687,Obstacle Collision,27490.77,-1.278,0,1,0
14688,Success,27492.33,-0.056,0,0,1
14689,Obstacle Collision,27493.68,-1.289,0,1,0
14690,Obstacle Collision,27495.7,-1.311,0,1,0
14691,Success,27497.37,-3.483,0,0,1
14692,Success,27498.53,-0.044,0,0,1
14693,Success,27500.77,-0.939,0,0,1
14694,Agent Collision,27502.51,-1.767,1,0,0
14695,Success,27506.14,-0.111,0,0,1
14696,Success,27507.31,-0.05,0,0,1
14697,Obstacle Collision,27507.94,-1.267,0,1,0
14698,Success,27509.71,-0.05,0,0,1
14699,Obstacle Collision,27511.65,-1.311,0,1,0
14700,Timeout,27518.67,-0.6,0,0,0
14701,Obstacle Collision,27519.1,-1.261,0,1,0
14702,Obstacle Collision,27520.95,-1.306,0,1,0
14703,Success,27521.55,-0.017,0,0,1
14704,Success,27523.94,-0.072,0,0,1
14705,Obstacle Collision,27525.77,-1.25,0,1,0
14706,Obstacle Collision,27527.27,-0.846,0,1,0
14707,Obstacle Collision,27528.45,-1.171,0,1,0
14708,Success,27530.41,-0.078,0,0,1
14709,Success,27531.16,-0.022,0,0,1
14710,Obstacle Collision,27532.54,-1.122,0,1,0
14711,Obstacle Collision,27534.97,-1.428,0,1,0
14712,Obstacle Collision,27537.47,-1.356,0,1,0
14713,Obstacle Collision,27539.07,-1.289,0,1,0
14714,Success,27540.31,-0.061,0,0,1
14715,Success,27542.97,-0.094,0,0,1
14716,Success,27544.94,-0.094,0,0,1
14717,Obstacle Collision,27546.42,-4.317,0,1,0
14718,Obstacle Collision,27547.79,-2.994,0,1,0
14719,Obstacle Collision,27548.46,-1.272,0,1,0
14720,Obstacle Collision,27549.95,-1.294,0,1,0
14721,Success,27551.16,-0.039,0,0,1
14722,Obstacle Collision,27552.9,-0.969,0,1,0
14723,Success,27557.07,-8.656,0,0,1
14724,Obstacle Collision,27557.94,-1.272,0,1,0
14725,Success,27559.72,-0.056,0,0,1
14726,Success,27561.51,-0.067,0,0,1
14727,Success,27563.16,-0.061,0,0,1
14728,Success,27564.73,-0.089,0,0,1
14729,Obstacle Collision,27565.48,-1.156,0,1,0
14730,Success,27567.13,-0.056,0,0,1
14731,Obstacle Collision,27568.94,-1.316,0,1,0
14732,Obstacle Collision,27569.85,-1.121,0,1,0
14733,Obstacle Collision,27570.29,-1.261,0,1,0
14734,Obstacle Collision,27572.27,-3.835,0,1,0
14735,Success,27574.39,-0.083,0,0,1
14736,Success,27576.38,-0.067,0,0,1
14737,Obstacle Collision,27578.27,-1.767,0,1,0
14738,Obstacle Collision,27582.61,-3.211,0,1,0
14739,Success,27584.44,-1.783,0,0,1
14740,Obstacle Collision,27585.9,-1.311,0,1,0
14741,Obstacle Collision,27587.22,-1.283,0,1,0
14742,Obstacle Collision,27589.7,-1.367,0,1,0
14743,Success,27592.29,-0.089,0,0,1
14744,Obstacle Collision,27593.67,-1.039,0,1,0
14745,Obstacle Collision,27595.34,-1.225,0,1,0
14746,Obstacle Collision,27597.04,-1.226,0,1,0
14747,Success,27599.22,-0.061,0,0,1
14748,Success,27600.93,-0.061,0,0,1
14749,Obstacle Collision,27602.21,-1.081,0,1,0
14750,Obstacle Collision,27602.65,-1.261,0,1,0
14751,Obstacle Collision,27605.81,-11.393,0,1,0
14752,Success,27607.44,-0.061,0,0,1
14753,Success,27609.38,-0.917,0,0,1
14754,Success,27611.71,-0.072,0,0,1
14755,Success,27613.52,-0.078,0,0,1
14756,Obstacle Collision,27614.81,-2.6,0,1,0
14757,Obstacle Collision,27616.18,-1.283,0,1,0
14758,Success,27618.07,-0.072,0,0,1
14759,Success,27619.8,-0.089,0,0,1
14760,Obstacle Collision,27623.4,-1.472,0,1,0
14761,Obstacle Collision,27624.48,-1.227,0,1,0
14762,Success,27625.25,-0.033,0,0,1
14763,Success,27626.8,-0.089,0,0,1
14764,Success,27629.2,-0.061,0,0,1
14765,Obstacle Collision,27630.61,-1.294,0,1,0
14766,Obstacle Collision,27632.96,-1.294,0,1,0
14767,Success,27635.39,-0.022,0,0,1
14768,Obstacle Collision,27636.84,-4.306,0,1,0
14769,Success,27640.15,-3.528,0,0,1
14770,Success,27642.97,-0.089,0,0,1
14771,Success,27645.92,-0.089,0,0,1
14772,Success,27646.84,-0.033,0,0,1
14773,Success,27649.61,-0.089,0,0,1
14774,Obstacle Collision,27651.04,-1.224,0,1,0
14775,Obstacle Collision,27652.48,-1.108,0,1,0
14776,Success,27653.96,-0.044,0,0,1
14777,Success,27655.98,-0.067,0,0,1
14778,Success,27657.46,-0.067,0,0,1
14779,Obstacle Collision,27659.6,-1.311,0,1,0
14780,Obstacle Collision,27661.08,-1.289,0,1,0
14781,Success,27663.82,-1.817,0,0,1
14782,Success,27665.75,-0.072,0,0,1
14783,Success,27668.16,-0.089,0,0,1
14784,Success,27669.49,-0.067,0,0,1
14785,Obstacle Collision,27670.45,-1.289,0,1,0
14786,Obstacle Collision,27672.57,-3.478,0,1,0
14787,Success,27674.36,-0.056,0,0,1
14788,Success,27675.29,-0.044,0,0,1
14789,Success,27677.39,-0.089,0,0,1
14790,Obstacle Collision,27678.06,-1.267,0,1,0
14791,Success,27679.84,-0.05,0,0,1
14792,Success,27681.32,-0.083,0,0,1
14793,Success,27682.83,-0.917,0,0,1
14794,Success,27684.78,-0.067,0,0,1
14795,Success,27686.99,-0.117,0,0,1
14796,Obstacle Collision,27688.26,-1.283,0,1,0
14797,Success,27690.15,-0.067,0,0,1
14798,Success,27691.73,-0.061,0,0,1
14799,Obstacle Collision,27694.5,-1.263,0,1,0
14800,Success,27696.22,-0.061,0,0,1
14801,Success,27698.91,-0.094,0,0,1
14802,Success,27700.7,-0.067,0,0,1
14803,Success,27703.57,-0.089,0,0,1
14804,Success,27705.11,-0.056,0,0,1
14805,Success,27708.72,-0.978,0,0,1
14806,Obstacle Collision,27710.87,-1.259,0,1,0
14807,Obstacle Collision,27711.97,-1.165,0,1,0
14808,Success,27714.11,-0.078,0,0,1
14809,Success,27714.96,-0.033,0,0,1
14810,Obstacle Collision,27715.4,-1.261,0,1,0
14811,Success,27716.98,-0.078,0,0,1
14812,Success,27718.22,-0.056,0,0,1
14813,Obstacle Collision,27720.25,-1.3,0,1,0
14814,Obstacle Collision,27720.69,-1.261,0,1,0
14815,Success,27723.5,-0.094,0,0,1
14816,Success,27727.25,-1.894,0,0,1
14817,Success,27728.91,-0.083,0,0,1
14818,Success,27731.33,-0.072,0,0,1
14819,Success,27734.24,-0.078,0,0,1
14820,Success,27736.64,-0.083,0,0,1
14821,Success,27738.11,-0.061,0,0,1
14822,Obstacle Collision,27739.67,-0.967,0,1,0
14823,Success,27740.55,-2.6,0,0,1
14824,Success,27744.03,-0.106,0,0,1
14825,Success,27747.41,-0.944,0,0,1
14826,Success,27749.06,-0.056,0,0,1
14827,Obstacle Collision,27750.35,-1.289,0,1,0
14828,Obstacle Collision,27751.58,-0.88,0,1,0
14829,Success,27752.98,-0.056,0,0,1
14830,Success,27753.89,-1.744,0,0,1
14831,Success,27755.58,-0.056,0,0,1
14832,Obstacle Collision,27756.02,-1.261,0,1,0
14833,Success,27758.22,-0.061,0,0,1
14834,Success,27760.29,-0.094,0,0,1
14835,Success,27763.74,-0.956,0,0,1
14836,Success,27765.64,-0.089,0,0,1
14837,Success,27766.96,-0.039,0,0,1
14838,Agent Collision,27768.26,-2.6,1,0,0
14839,Success,27770.94,-0.078,0,0,1
14840,Obstacle Collision,27771.83,-1.272,0,1,0
14841,Obstacle Collision,27773.32,-1.289,0,1,0
14842,Obstacle Collision,27778.59,-1.644,0,1,0
14843,Success,27782.4,-0.183,0,0,1
14844,Success,27785.58,-0.1,0,0,1
14845,Success,27786.98,-1.772,0,0,1
14846,Success,27788.07,-0.033,0,0,1
14847,Success,27789.9,-0.056,0,0,1
14848,Success,27792.84,-0.111,0,0,1
14849,Success,27793.92,-0.033,0,0,1
14850,Success,27797.32,-0.144,0,0,1
14851,Obstacle Collision,27798.22,-1.272,0,1,0
14852,Obstacle Collision,27799.52,-3.79,0,1,0
14853,Obstacle Collision,27800.4,-1.272,0,1,0
14854,Obstacle Collision,27801.59,-1.158,0,1,0
14855,Obstacle Collision,27803.28,-1.242,0,1,0
14856,Obstacle Collision,27804.42,-1.278,0,1,0
14857,Success,27807.4,-0.944,0,0,1
14858,Success,27808.24,-0.028,0,0,1
14859,Success,27810.45,-0.061,0,0,1
14860,Success,27812.66,-0.067,0,0,1
14861,Success,27814.47,-0.078,0,0,1
14862,Success,27816.09,-0.056,0,0,1
14863,Success,27817.17,-0.039,0,0,1
14864,Obstacle Collision,27818.4,-1.294,0,1,0
14865,Success,27819.96,-0.072,0,0,1
14866,Success,27822.67,-0.078,0,0,1
14867,Success,27823.91,-0.039,0,0,1
14868,Obstacle Collision,27824.77,-1.272,0,1,0
14869,Obstacle Collision,27825.6,-1.211,0,1,0
14870,Success,27827.91,-0.094,0,0,1
14871,Success,27829.89,-0.911,0,0,1
14872,Success,27831.84,-0.067,0,0,1
14873,Success,27834.23,-1.789,0,0,1
14874,Success,27836.01,-0.083,0,0,1
14875,Success,27838.36,-2.683,0,0,1
14876,Success,27841.89,-0.094,0,0,1
14877,Success,27844.56,-0.083,0,0,1
14878,Success,27847.16,-1.789,0,0,1
14879,Success,27849.88,-0.083,0,0,1
14880,Success,27851.44,-0.061,0,0,1
14881,Obstacle Collision,27853.88,-2.183,0,1,0
14882,Success,27855.27,-0.056,0,0,1
14883,Obstacle Collision,27857.67,-3.9,0,1,0
14884,Obstacle Collision,27859.19,-1.17,0,1,0
14885,Success,27860.66,-0.05,0,0,1
14886,Success,27862.28,-0.061,0,0,1
14887,Obstacle Collision,27864.91,-1.344,0,1,0
14888,Obstacle Collision,27867.79,-1.333,0,1,0
14889,Success,27868.86,-0.044,0,0,1
14890,Obstacle Collision,27869.98,-1.041,0,1,0
14891,Success,27870.82,-0.022,0,0,1
14892,Success,27872.55,-0.083,0,0,1
14893,Obstacle Collision,27874.21,-3.011,0,1,0
14894,Obstacle Collision,27875.37,-1.075,0,1,0
14895,Obstacle Collision,27877.9,-1.328,0,1,0
14896,Obstacle Collision,27879.5,-1.75,0,1,0
14897,Success,27880.5,-0.033,0,0,1
14898,Success,27882.22,-0.922,0,0,1
14899,Success,27884.15,-0.056,0,0,1
14900,Success,27885.79,-0.061,0,0,1
14901,Success,27888.79,-0.167,0,0,1
14902,Success,27891.58,-0.956,0,0,1
14903,Obstacle Collision,27892.4,-1.231,0,1,0
14904,Obstacle Collision,27893.93,-1.098,0,1,0
14905,Success,27896.29,-0.078,0,0,1
14906,Success,27898.86,-2.65,0,0,1
14907,Success,27900.09,-0.05,0,0,1
14908,Obstacle Collision,27902.58,-1.339,0,1,0
14909,Obstacle Collision,27904.79,-0.826,0,1,0
14910,Success,27906.72,-5.125,0,0,1
14911,Success,27908.15,-0.05,0,0,1
14912,Obstacle Collision,27909.64,-1.211,0,1,0
14913,Obstacle Collision,27911.38,-1.3,0,1,0
14914,Success,27913.22,-0.05,0,0,1
14915,Obstacle Collision,27914.69,-1.164,0,1,0
14916,Success,27916.32,-0.056,0,0,1
14917,Obstacle Collision,27920.39,-1.456,0,1,0
14918,Success,27921.94,-0.061,0,0,1
14919,Obstacle Collision,27923.71,-1.277,0,1,0
14920,Obstacle Collision,27924.32,-1.225,0,1,0
14921,Obstacle Collision,27926.09,-1.143,0,1,0
14922,Success,27927.59,-0.072,0,0,1
14923,Success,27929.95,-0.078,0,0,1
14924,Success,27932.12,-2.661,0,0,1
14925,Success,27933.87,-0.067,0,0,1
14926,Success,27936.54,-0.072,0,0,1
14927,Success,27937.88,-0.061,0,0,1
14928,Success,27940.07,-0.922,0,0,1
14929,Success,27941.09,-0.044,0,0,1
14930,Success,27943.77,-0.078,0,0,1
14931,Obstacle Collision,27945.88,-1.767,0,1,0
14932,Obstacle Collision,27946.88,-1.122,0,1,0
14933,Success,27949.2,-0.061,0,0,1
14934,Obstacle Collision,27951.33,-1.199,0,1,0
14935,Success,27952.67,-0.061,0,0,1
14936,Success,27955.02,-0.078,0,0,1
14937,Obstacle Collision,27957.35,-2.217,0,1,0
14938,Success,27958.12,-0.028,0,0,1
14939,Obstacle Collision,27959.1,-1.278,0,1,0
14940,Success,27960.26,-0.033,0,0,1
14941,Obstacle Collision,27961.11,-3.81,0,1,0
14942,Success,27962.67,-0.922,0,0,1
14943,Obstacle Collision,27965.54,-3.133,0,1,0
14944,Success,27966.77,-0.039,0,0,1
14945,Success,27968.76,-0.106,0,0,1
14946,Obstacle Collision,27970.91,-1.344,0,1,0
14947,Obstacle Collision,27972.61,-1.199,0,1,0
14948,Obstacle Collision,27975.34,-1.35,0,1,0
14949,Success,27978.16,-0.094,0,0,1
14950,Success,27980.31,-0.089,0,0,1
14951,Success,27981.56,-0.039,0,0,1
14952,Obstacle Collision,27982.51,-1.289,0,1,0
14953,Success,27984.64,-0.95,0,0,1
14954,Success,27987.59,-0.183,0,0,1
14955,Success,27989.7,-0.067,0,0,1
14956,Obstacle Collision,27990.37,-2.122,0,1,0
14957,Success,27992.64,-0.083,0,0,1
14958,Success,27994.44,-0.083,0,0,1
14959,Obstacle Collision,27995.81,-1.081,0,1,0
14960,Obstacle Collision,27998.43,-1.45,0,1,0
14961,Success,28000.24,-0.061,0,0,1
14962,Success,28001.97,-0.061,0,0,1
14963,Success,28004.11,-0.089,0,0,1
14964,Success,28004.95,-0.028,0,0,1
14965,Success,28007.44,-0.1,0,0,1
14966,Obstacle Collision,28008.96,-1.289,0,1,0
14967,Obstacle Collision,28009.98,-1.294,0,1,0
14968,Success,28011.22,-0.039,0,0,1
14969,Success,28013.18,-0.072,0,0,1
14970,Success,28015.42,-0.089,0,0,1
14971,Success,28018.19,-0.083,0,0,1
14972,Success,28020.56,-0.15,0,0,1
14973,Obstacle Collision,28022.48,-1.027,0,1,0
14974,Obstacle Collision,28024.44,-1.3,0,1,0
14975,Success,28026.09,-0.061,0,0,1
14976,Obstacle Collision,28028.16,-1.328,0,1,0
14977,Obstacle Collision,28028.59,-1.261,0,1,0
14978,Success,28030.41,-0.072,0,0,1
14979,Success,28031.73,-0.056,0,0,1
14980,Obstacle Collision,28032.66,-1.194,0,1,0
14981,Success,28034.36,-0.056,0,0,1
14982,Success,28037.14,-0.078,0,0,1
14983,Success,28038.14,-0.033,0,0,1
14984,Success,28039.83,-0.05,0,0,1
14985,Success,28041.36,-0.072,0,0,1
14986,Obstacle Collision,28042.02,-2.978,0,1,0
14987,Obstacle Collision,28043.95,-1.231,0,1,0
14988,Obstacle Collision,28048.78,-2.322,0,1,0
14989,Obstacle Collision,28049.4,-1.225,0,1,0
14990,Obstacle Collision,28050.41,-2.077,0,1,0
14991,Success,28052.38,-0.061,0,0,1
14992,Obstacle Collision,28055.13,-1.317,0,1,0
14993,Success,28057.82,-1.778,0,0,1
14994,Success,28060.63,-0.95,0,0,1
14995,Success,28062.12,-0.106,0,0,1
14996,Obstacle Collision,28065.18,-1.461,0,1,0
14997,Success,28067.42,-0.078,0,0,1
14998,Success,28068.57,-0.044,0,0,1
14999,Obstacle Collision,28069.17,-1.267,0,1,0
15000,Obstacle Collision,28073.88,-1.611,0,1,0
15001,Success,28075.44,-0.05,0,0,1
15002,Success,28077.22,-0.067,0,0,1
15003,Success,28078.23,-0.039,0,0,1
15004,Success,28080.12,-0.061,0,0,1
15005,Success,28082.68,-0.933,0,0,1
15006,Obstacle Collision,28084.64,-1.193,0,1,0
15007,Obstacle Collision,28086.8,-6.444,0,1,0
15008,Success,28088.74,-3.478,0,0,1
15009,Success,28090.59,-0.072,0,0,1
15010,Success,28092.06,-0.044,0,0,1
15011,Success,28094.26,-0.089,0,0,1
15012,Success,28095.89,-0.078,0,0,1
15013,Success,28100.84,-0.272,0,0,1
15014,Success,28102.9,-0.083,0,0,1
15015,Obstacle Collision,28104.62,-2.15,0,1,0
15016,Success,28105.63,-0.033,0,0,1
15017,Success,28107.83,-0.067,0,0,1
15018,Success,28110.3,-0.094,0,0,1
15019,Obstacle Collision,28113.03,-1.417,0,1,0
15020,Obstacle Collision,28116.05,-1.062,0,1,0
15021,Success,28117.7,-0.05,0,0,1
15022,Success,28119.27,-0.05,0,0,1
15023,Obstacle Collision,28120.55,-1.339,0,1,0
15024,Obstacle Collision,28122.4,-1.315,0,1,0
15025,Success,28125.23,-0.094,0,0,1
15026,Obstacle Collision,28127.39,-1.322,0,1,0
15027,Obstacle Collision,28129.86,-1.372,0,1,0
15028,Success,28131.55,-0.061,0,0,1
15029,Success,28132.54,-0.044,0,0,1
15030,Success,28134.33,-1.772,0,0,1
15031,Obstacle Collision,28134.99,-1.267,0,1,0
15032,Obstacle Collision,28135.65,-1.193,0,1,0
15033,Success,28137.41,-0.056,0,0,1
15034,Agent Collision,28139.75,-1.778,1,0,0
15035,Success,28142.1,-0.078,0,0,1
15036,Obstacle Collision,28143.68,-1.259,0,1,0
15037,Success,28145.96,-0.944,0,0,1
15038,Success,28148.5,-0.106,0,0,1
15039,Success,28151.51,-0.094,0,0,1
15040,Obstacle Collision,28153.1,-1.322,0,1,0
15041,Success,28156.28,-0.156,0,0,1
15042,Obstacle Collision,28157.99,-1.294,0,1,0
15043,Obstacle Collision,28158.44,-1.261,0,1,0
15044,Success,28159.51,-0.033,0,0,1
15045,Success,28160.86,-0.067,0,0,1
15046,Success,28162.4,-0.05,0,0,1
15047,Success,28163.9,-1.778,0,0,1
15048,Success,28165.88,-0.072,0,0,1
15049,Obstacle Collision,28166.32,-1.261,0,1,0
15050,Success,28167.69,-0.039,0,0,1
15051,Agent Collision,28170.46,-3.472,1,0,0
15052,Success,28171.91,-0.044,0,0,1
15053,Obstacle Collision,28172.34,-1.261,0,1,0
15054,Success,28173.66,-0.061,0,0,1
15055,Obstacle Collision,28174.33,-1.267,0,1,0
15056,Obstacle Collision,28178.51,-1.917,0,1,0
15057,Success,28179.99,-0.056,0,0,1
15058,Success,28181.77,-0.906,0,0,1
15059,Success,28184.37,-0.078,0,0,1
15060,Obstacle Collision,28185.46,-1.039,0,1,0
15061,Success,28186.64,-0.044,0,0,1
15062,Obstacle Collision,28187.62,-2.096,0,1,0
15063,Obstacle Collision,28188.97,-1.283,0,1,0
15064,Obstacle Collision,28190.85,-1.324,0,1,0
15065,Success,28192.57,-0.083,0,0,1
15066,Agent Collision,28193.6,-2.594,1,0,0
15067,Success,28196.68,-0.956,0,0,1
15068,Success,28198.58,-0.1,0,0,1
15069,Success,28201.3,-0.1,0,0,1
15070,Success,28204.07,-0.1,0,0,1
15071,Obstacle Collision,28206.54,-0.88,0,1,0
15072,Obstacle Collision,28207.74,-1.045,0,1,0
15073,Success,28209.51,-0.078,0,0,1
15074,Success,28211.31,-0.061,0,0,1
15075,Success,28212.4,-0.044,0,0,1
15076,Success,28215.31,-0.094,0,0,1
15077,Success,28218.6,-0.111,0,0,1
15078,Obstacle Collision,28219.02,-1.261,0,1,0
15079,Obstacle Collision,28220.04,-1.116,0,1,0
15080,Obstacle Collision,28220.96,-1.112,0,1,0
15081,Obstacle Collision,28223.42,-2.194,0,1,0
15082,Success,28225.91,-0.956,0,0,1
15083,Success,28227.54,-0.056,0,0,1
15084,Success,28228.86,-0.039,0,0,1
15085,Success,28231.5,-0.078,0,0,1
15086,Success,28233.69,-0.078,0,0,1
15087,Success,28235.23,-0.056,0,0,1
15088,Obstacle Collision,28237.55,-0.943,0,1,0
15089,Success,28239.82,-0.1,0,0,1
15090,Obstacle Collision,28242.16,-1.311,0,1,0
15091,Success,28244.55,-0.083,0,0,1
15092,Success,28246.09,-0.067,0,0,1
15093,Success,28248.34,-0.072,0,0,1
15094,Success,28248.93,-0.017,0,0,1
15095,Obstacle Collision,28249.57,-1.267,0,1,0
15096,Obstacle Collision,28251.25,-1.236,0,1,0
15097,Obstacle Collision,28253.78,-1.333,0,1,0
15098,Success,28255.57,-0.072,0,0,1
15099,Success,28257.28,-0.067,0,0,1
15100,Obstacle Collision,28258.85,-1.061,0,1,0
15101,Obstacle Collision,28260.5,-1.3,0,1,0
15102,Obstacle Collision,28262.54,-2.149,0,1,0
15103,Success,28264.33,-0.056,0,0,1
15104,Success,28267.12,-0.1,0,0,1
15105,Success,28269.15,-0.1,0,0,1
15106,Success,28270.37,-0.044,0,0,1
15107,Obstacle Collision,28272.0,-1.211,0,1,0
15108,Obstacle Collision,28272.9,-2.118,0,1,0
15109,Success,28274.43,-0.05,0,0,1
15110,Success,28276.37,-0.083,0,0,1
15111,Obstacle Collision,28279.26,-3.056,0,1,0
15112,Obstacle Collision,28279.7,-2.972,0,1,0
15113,Agent Collision,28280.66,-1.733,1,0,0
15114,Obstacle Collision,28281.34,-1.191,0,1,0
15115,Success,28283.14,-1.789,0,0,1
15116,Obstacle Collision,28283.81,-1.289,0,1,0
15117,Obstacle Collision,28284.65,-1.733,0,1,0
15118,Success,28285.25,-0.022,0,0,1
15119,Success,28287.52,-0.072,0,0,1
15120,Obstacle Collision,28289.1,-1.289,0,1,0
15121,Obstacle Collision,28290.85,-1.211,0,1,0
15122,Obstacle Collision,28291.75,-1.272,0,1,0
15123,Success,28293.23,-0.05,0,0,1
15124,Obstacle Collision,28295.96,-1.422,0,1,0
15125,Obstacle Collision,28297.33,-1.039,0,1,0
15126,Success,28300.24,-0.106,0,0,1
15127,Obstacle Collision,28301.75,-1.171,0,1,0
15128,Agent Collision,28305.11,-8.656,1,0,0
15129,Success,28306.03,-0.033,0,0,1
15130,Obstacle Collision,28308.46,-2.211,0,1,0
15131,Obstacle Collision,28310.23,-1.333,0,1,0
15132,Obstacle Collision,28313.05,-1.4,0,1,0
15133,Success,28315.72,-0.083,0,0,1
15134,Success,28317.44,-0.061,0,0,1
15135,Success,28321.13,-0.956,0,0,1
15136,Success,28324.58,-6.056,0,0,1
15137,Success,28326.73,-1.8,0,0,1
15138,Success,28327.85,-0.033,0,0,1
15139,Success,28329.61,-0.05,0,0,1
15140,Success,28330.97,-0.05,0,0,1
15141,Success,28333.38,-0.106,0,0,1
15142,Success,28336.02,-0.083,0,0,1
15143,Obstacle Collision,28336.7,-1.267,0,1,0
15144,Obstacle Collision,28338.56,-1.228,0,1,0
15145,Success,28340.75,-0.067,0,0,1
15146,Success,28342.61,-0.089,0,0,1
15147,Success,28345.05,-0.1,0,0,1
15148,Success,28347.24,-0.1,0,0,1
15149,Obstacle Collision,28349.88,-2.055,0,1,0
15150,Success,28352.7,-0.089,0,0,1
15151,Obstacle Collision,28354.61,-0.975,0,1,0
15152,Obstacle Collision,28355.76,-1.278,0,1,0
15153,Obstacle Collision,28356.44,-1.267,0,1,0
15154,Obstacle Collision,28357.59,-1.134,0,1,0
15155,Success,28358.84,-0.061,0,0,1
15156,Success,28360.42,-0.072,0,0,1
15157,Success,28362.57,-0.1,0,0,1
15158,Obstacle Collision,28364.51,-3.039,0,1,0
15159,Obstacle Collision,28365.22,-1.733,0,1,0
15160,Obstacle Collision,28366.72,-1.097,0,1,0
15161,Success,28368.97,-0.078,0,0,1
15162,Success,28370.65,-0.906,0,0,1
15163,Obstacle Collision,28371.95,-1.242,0,1,0
15164,Success,28373.08,-0.039,0,0,1
15165,Obstacle Collision,28375.59,-1.322,0,1,0
15166,Obstacle Collision,28377.79,-1.311,0,1,0
15167,Obstacle Collision,28379.72,-1.103,0,1,0
15168,Success,28380.55,-0.022,0,0,1
15169,Obstacle Collision,28385.03,-3.228,0,1,0
15170,Success,28388.21,-0.083,0,0,1
15171,Success,28390.78,-0.106,0,0,1
15172,Obstacle Collision,28391.64,-1.244,0,1,0
15173,Agent Collision,28393.44,-3.506,1,0,0
15174,Obstacle Collision,28395.48,-1.35,0,1,0
15175,Obstacle Collision,28396.41,-1.3,0,1,0
15176,Obstacle Collision,28397.9,-1.289,0,1,0
15177,Success,28399.27,-0.05,0,0,1
15178,Success,28401.9,-0.1,0,0,1
15179,Obstacle Collision,28403.66,-1.3,0,1,0
15180,Success,28406.62,-0.106,0,0,1
15181,Success,28408.4,-1.761,0,0,1
15182,Obstacle Collision,28409.37,-1.076,0,1,0
15183,Success,28412.4,-1.817,0,0,1
15184,Success,28414.15,-0.072,0,0,1
15185,Success,28416.06,-2.644,0,0,1
15186,Obstacle Collision,28418.01,-3.688,0,1,0
15187,Success,28420.13,-0.078,0,0,1
15188,Success,28421.42,-0.039,0,0,1
15189,Obstacle Collision,28422.25,-1.117,0,1,0
15190,Obstacle Collision,28423.99,-1.294,0,1,0
15191,Success,28425.78,-0.056,0,0,1
15192,Obstacle Collision,28426.81,-1.158,0,1,0
15193,Success,28428.11,-0.044,0,0,1
15194,Obstacle Collision,28428.77,-1.267,0,1,0
15195,Success,28431.4,-0.089,0,0,1
15196,Success,28434.05,-0.128,0,0,1
15197,Success,28435.82,-0.072,0,0,1
15198,Success,28437.61,-0.072,0,0,1
15199,Success,28439.53,-0.067,0,0,1
15200,Success,28440.91,-2.606,0,0,1
15201,Success,28443.57,-0.122,0,0,1
15202,Obstacle Collision,28444.9,-1.283,0,1,0
15203,Success,28446.75,-0.061,0,0,1
15204,Success,28450.32,-0.172,0,0,1
15205,Success,28452.46,-0.089,0,0,1
15206,Success,28453.36,-0.028,0,0,1
15207,Success,28454.78,-0.078,0,0,1
15208,Obstacle Collision,28455.59,-1.153,0,1,0
15209,Obstacle Collision,28457.56,-1.022,0,1,0
15210,Success,28459.41,-0.078,0,0,1
15211,Success,28460.32,-0.033,0,0,1
15212,Obstacle Collision,28461.4,-1.322,0,1,0
15213,Obstacle Collision,28462.94,-3.017,0,1,0
15214,Obstacle Collision,28463.84,-1.272,0,1,0
15215,Success,28466.47,-0.106,0,0,1
15216,Success,28468.28,-0.067,0,0,1
15217,Obstacle Collision,28469.63,-1.045,0,1,0
15218,Success,28471.33,-0.067,0,0,1
15219,Success,28475.01,-0.161,0,0,1
15220,Success,28477.27,-0.1,0,0,1
15221,Obstacle Collision,28477.69,-1.261,0,1,0
15222,Timeout,28483.96,-0.6,0,0,0
15223,Success,28484.95,-0.033,0,0,1
15224,Success,28487.61,-0.078,0,0,1
15225,Success,28489.0,-0.044,0,0,1
15226,Obstacle Collision,28491.93,-3.906,0,1,0
15227,Success,28493.33,-0.05,0,0,1
15228,Success,28495.45,-0.072,0,0,1
15229,Success,28497.24,-0.056,0,0,1
15230,Success,28500.54,-0.083,0,0,1
15231,Obstacle Collision,28502.98,-1.314,0,1,0
15232,Success,28503.66,-0.028,0,0,1
15233,Success,28505.14,-0.061,0,0,1
15234,Obstacle Collision,28508.37,-1.344,0,1,0
15235,Obstacle Collision,28511.08,-1.378,0,1,0
15236,Obstacle Collision,28512.68,-1.294,0,1,0
15237,Obstacle Collision,28513.5,-1.189,0,1,0
15238,Success,28514.74,-0.05,0,0,1
15239,Success,28516.19,-0.067,0,0,1
15240,Success,28517.74,-0.044,0,0,1
15241,Success,28520.31,-0.928,0,0,1
15242,Success,28521.51,-0.039,0,0,1
15243,Obstacle Collision,28522.74,-1.076,0,1,0
15244,Success,28524.53,-0.05,0,0,1
15245,Success,28526.01,-0.05,0,0,1
15246,Success,28527.1,-0.039,0,0,1
15247,Obstacle Collision,28528.35,-1.164,0,1,0
15248,Obstacle Collision,28529.45,-1.278,0,1,0
15249,Success,28531.1,-0.078,0,0,1
15250,Success,28532.9,-0.072,0,0,1
15251,Success,28535.02,-0.083,0,0,1
15252,Success,28536.5,-0.067,0,0,1
15253,Success,28537.18,-0.022,0,0,1
15254,Obstacle Collision,28539.05,-1.339,0,1,0
15255,Obstacle Collision,28543.91,-1.578,0,1,0
15256,Success,28546.32,-0.083,0,0,1
15257,Success,28548.24,-1.783,0,0,1
15258,Success,28549.07,-0.028,0,0,1
15259,Success,28550.79,-0.067,0,0,1
15260,Obstacle Collision,28552.0,-1.159,0,1,0
15261,Success,28554.02,-0.061,0,0,1
15262,Agent Collision,28556.2,-1.778,1,0,0
15263,Obstacle Collision,28558.71,-6.422,0,1,0
15264,Obstacle Collision,28560.9,-1.317,0,1,0
15265,Success,28562.62,-0.067,0,0,1
15266,Obstacle Collision,28564.41,-2.172,0,1,0
15267,Obstacle Collision,28565.28,-1.117,0,1,0
15268,Success,28567.17,-0.056,0,0,1
15269,Obstacle Collision,28567.61,-1.261,0,1,0
15270,Success,28569.17,-0.061,0,0,1
15271,Obstacle Collision,28570.53,-1.122,0,1,0
15272,Obstacle Collision,28575.12,-9.472,0,1,0
15273,Obstacle Collision,28576.05,-1.272,0,1,0
15274,Obstacle Collision,28577.87,-1.294,0,1,0
15275,Success,28579.6,-0.061,0,0,1
15276,Timeout,28586.45,-0.6,0,0,0
15277,Success,28589.54,-0.078,0,0,1
15278,Success,28591.81,-0.978,0,0,1
15279,Obstacle Collision,28597.52,-1.778,0,1,0
15280,Success,28598.92,-0.044,0,0,1
15281,Success,28600.32,-0.067,0,0,1
15282,Success,28602.59,-0.117,0,0,1
15283,Success,28604.37,-0.1,0,0,1
15284,Obstacle Collision,28605.03,-1.278,0,1,0
15285,Obstacle Collision,28606.18,-1.158,0,1,0
15286,Success,28609.17,-0.961,0,0,1
15287,Success,28611.57,-0.083,0,0,1
15288,Obstacle Collision,28612.44,-1.231,0,1,0
15289,Obstacle Collision,28613.33,-1.272,0,1,0
15290,Success,28614.77,-0.05,0,0,1
15291,Success,28616.3,-2.611,0,0,1
15292,Success,28617.65,-0.044,0,0,1
15293,Obstacle Collision,28618.33,-1.267,0,1,0
15294,Success,28619.16,-0.033,0,0,1
15295,Success,28621.05,-0.139,0,0,1
15296,Obstacle Collision,28623.28,-1.4,0,1,0
15297,Obstacle Collision,28624.7,-1.289,0,1,0
15298,Success,28627.17,-0.933,0,0,1
15299,Success,28630.35,-0.094,0,0,1
15300,Success,28633.17,-0.106,0,0,1
15301,Obstacle Collision,28634.48,-1.283,0,1,0
15302,Success,28637.9,-0.111,0,0,1
15303,Obstacle Collision,28640.7,-1.356,0,1,0
15304,Success,28642.3,-0.056,0,0,1
15305,Success,28644.58,-0.944,0,0,1
15306,Success,28646.43,-0.056,0,0,1
15307,Obstacle Collision,28648.24,-1.3,0,1,0
15308,Obstacle Collision,28650.37,-3.533,0,1,0
15309,Obstacle Collision,28652.19,-1.322,0,1,0
15310,Obstacle Collision,28652.85,-1.267,0,1,0
15311,Success,28654.16,-0.039,0,0,1
15312,Success,28657.14,-0.094,0,0,1
15313,Success,28658.58,-0.056,0,0,1
15314,Success,28659.48,-0.028,0,0,1
15315,Obstacle Collision,28660.1,-1.152,0,1,0
15316,Success,28661.4,-0.911,0,0,1
15317,Obstacle Collision,28661.83,-1.261,0,1,0
15318,Success,28664.44,-0.078,0,0,1
15319,Obstacle Collision,28664.87,-1.261,0,1,0
15320,Obstacle Collision,28665.84,-0.894,0,1,0
15321,Obstacle Collision,28667.75,-1.695,0,1,0
15322,Success,28669.91,-0.078,0,0,1
15323,Obstacle Collision,28670.74,-1.272,0,1,0
15324,Success,28672.15,-0.056,0,0,1
15325,Obstacle Collision,28676.39,-1.639,0,1,0
15326,Success,28678.27,-0.078,0,0,1
15327,Success,28679.17,-0.028,0,0,1
15328,Success,28681.13,-0.072,0,0,1
15329,Success,28684.28,-0.122,0,0,1
15330,Success,28688.03,-1.011,0,0,1
15331,Success,28689.99,-0.072,0,0,1
15332,Obstacle Collision,28691.2,-1.289,0,1,0
15333,Obstacle Collision,28695.02,-1.544,0,1,0
15334,Obstacle Collision,28698.54,-1.522,0,1,0
15335,Success,28699.87,-0.044,0,0,1
15336,Obstacle Collision,28701.27,-1.115,0,1,0
15337,Success,28703.69,-0.078,0,0,1
15338,Success,28705.72,-0.061,0,0,1
15339,Success,28709.42,-0.239,0,0,1
15340,Success,28711.23,-0.056,0,0,1
15341,Obstacle Collision,28712.3,-1.289,0,1,0
15342,Obstacle Collision,28713.34,-1.225,0,1,0
15343,Obstacle Collision,28714.6,-1.283,0,1,0
15344,Obstacle Collision,28715.04,-1.283,0,1,0
15345,Success,28716.65,-0.044,0,0,1
15346,Obstacle Collision,28719.07,-1.339,0,1,0
15347,Obstacle Collision,28720.33,-1.2,0,1,0
15348,Success,28721.48,-0.044,0,0,1
15349,Success,28723.17,-2.628,0,0,1
15350,Success,28724.83,-0.083,0,0,1
15351,Obstacle Collision,28726.22,-1.283,0,1,0
15352,Success,28728.17,-0.917,0,0,1
15353,Success,28730.99,-0.078,0,0,1
15354,Success,28732.53,-0.044,0,0,1
15355,Obstacle Collision,28733.33,-1.117,0,1,0
15356,Obstacle Collision,28733.77,-1.261,0,1,0
15357,Success,28736.11,-0.083,0,0,1
15358,Obstacle Collision,28737.24,-1.192,0,1,0
15359,Obstacle Collision,28739.08,-1.805,0,1,0
15360,Obstacle Collision,28740.62,-1.273,0,1,0
15361,Success,28742.48,-0.106,0,0,1
15362,Obstacle Collision,28743.79,-1.123,0,1,0
15363,Success,28745.43,-0.078,0,0,1
15364,Obstacle Collision,28746.53,-1.255,0,1,0
15365,Success,28749.52,-0.211,0,0,1
15366,Obstacle Collision,28751.67,-1.406,0,1,0
15367,Obstacle Collision,28753.66,-1.356,0,1,0
15368,Obstacle Collision,28754.98,-1.289,0,1,0
15369,Success,28757.16,-0.094,0,0,1
15370,Success,28758.65,-0.061,0,0,1
15371,Success,28760.85,-0.094,0,0,1
15372,Success,28763.03,-0.067,0,0,1
15373,Success,28765.29,-0.067,0,0,1
15374,Obstacle Collision,28767.07,-1.18,0,1,0
15375,Success,28768.38,-0.05,0,0,1
15376,Obstacle Collision,28770.24,-1.294,0,1,0
15377,Obstacle Collision,28771.89,-2.074,0,1,0
15378,Success,28775.06,-0.128,0,0,1
15379,Obstacle Collision,28776.45,-0.947,0,1,0
15380,Success,28777.9,-0.044,0,0,1
15381,Obstacle Collision,28778.96,-1.195,0,1,0
15382,Success,28780.34,-0.044,0,0,1
15383,Success,28782.67,-1.794,0,0,1
15384,Obstacle Collision,28783.47,-1.278,0,1,0
15385,Success,28785.11,-0.056,0,0,1
15386,Success,28787.44,-0.078,0,0,1
15387,Success,28789.61,-0.089,0,0,1
15388,Success,28791.8,-0.094,0,0,1
15389,Success,28795.22,-0.944,0,0,1
15390,Success,28796.45,-0.039,0,0,1
15391,Obstacle Collision,28798.45,-0.859,0,1,0
15392,Obstacle Collision,28799.84,-1.283,0,1,0
15393,Success,28801.16,-0.067,0,0,1
15394,Success,28802.41,-0.044,0,0,1
15395,Success,28805.22,-0.089,0,0,1
15396,Success,28807.47,-0.072,0,0,1
15397,Success,28809.98,-0.094,0,0,1
15398,Success,28811.89,-0.067,0,0,1
15399,Success,28813.03,-0.05,0,0,1
15400,Success,28814.83,-0.061,0,0,1
15401,Success,28817.97,-0.094,0,0,1
15402,Success,28819.82,-0.05,0,0,1
15403,Success,28822.73,-0.1,0,0,1
15404,Success,28824.9,-0.083,0,0,1
15405,Success,28827.3,-0.078,0,0,1
15406,Obstacle Collision,28827.74,-1.261,0,1,0
15407,Success,28829.77,-0.083,0,0,1
15408,Success,28832.53,-0.111,0,0,1
15409,Success,28833.77,-0.039,0,0,1
15410,Success,28835.5,-0.061,0,0,1
15411,Obstacle Collision,28837.64,-1.306,0,1,0
15412,Success,28840.44,-0.094,0,0,1
15413,Success,28841.53,-0.044,0,0,1
15414,Success,28844.2,-0.094,0,0,1
15415,Agent Collision,28845.34,-2.6,1,0,0
15416,Success,28847.92,-0.078,0,0,1
15417,Success,28850.47,-0.089,0,0,1
15418,Success,28852.93,-0.083,0,0,1
15419,Success,28854.08,-0.039,0,0,1
15420,Obstacle Collision,28855.3,-1.283,0,1,0
15421,Success,28857.21,-0.072,0,0,1
15422,Success,28859.2,-0.061,0,0,1
15423,Obstacle Collision,28860.55,-1.008,0,1,0
15424,Success,28861.84,-0.044,0,0,1
15425,Timeout,28868.84,-0.6,0,0,0
15426,Success,28870.61,-0.067,0,0,1
15427,Obstacle Collision,28871.5,-1.294,0,1,0
15428,Success,28873.51,-0.072,0,0,1
15429,Success,28875.71,-0.167,0,0,1
15430,Success,28879.17,-0.1,0,0,1
15431,Success,28882.07,-0.944,0,0,1
15432,Success,28884.88,-5.244,0,0,1
15433,Success,28886.6,-0.05,0,0,1
15434,Obstacle Collision,28887.27,-2.122,0,1,0
15435,Success,28889.0,-0.061,0,0,1
15436,Obstacle Collision,28890.16,-1.062,0,1,0
15437,Obstacle Collision,28891.2,-1.194,0,1,0
15438,Obstacle Collision,28892.06,-1.272,0,1,0
15439,Success,28895.91,-3.55,0,0,1
15440,Success,28897.3,-0.056,0,0,1
15441,Success,28898.95,-0.078,0,0,1
15442,Obstacle Collision,28900.44,-1.289,0,1,0
15443,Success,28902.16,-0.078,0,0,1
15444,Success,28904.18,-2.622,0,0,1
15445,Success,28907.08,-2.672,0,0,1
15446,Success,28909.14,-0.922,0,0,1
15447,Success,28910.78,-0.05,0,0,1
15448,Obstacle Collision,28912.76,-1.761,0,1,0
15449,Obstacle Collision,28913.6,-1.289,0,1,0
15450,Success,28915.32,-0.05,0,0,1
15451,Obstacle Collision,28917.44,-1.389,0,1,0
15452,Success,28920.64,-0.189,0,0,1
15453,Success,28923.35,-0.083,0,0,1
15454,Success,28926.41,-0.933,0,0,1
15455,Success,28927.41,-0.039,0,0,1
15456,Success,28928.47,-0.039,0,0,1
15457,Obstacle Collision,28930.22,-1.339,0,1,0
15458,Success,28932.12,-0.083,0,0,1
15459,Obstacle Collision,28933.93,-1.294,0,1,0
15460,Success,28935.9,-0.072,0,0,1
15461,Success,28937.45,-0.05,0,0,1
15462,Success,28939.65,-0.078,0,0,1
15463,Success,28942.39,-0.083,0,0,1
15464,Success,28945.32,-0.072,0,0,1
15465,Success,28947.4,-0.061,0,0,1
15466,Success,28948.74,-0.05,0,0,1
15467,Success,28950.22,-1.767,0,0,1
15468,Success,28952.51,-0.072,0,0,1
15469,Obstacle Collision,28955.43,-2.122,0,1,0
15470,Obstacle Collision,28956.55,-1.153,0,1,0
15471,Obstacle Collision,28957.44,-1.278,0,1,0
15472,Success,28958.6,-0.05,0,0,1
15473,Obstacle Collision,28960.16,-0.803,0,1,0
15474,Obstacle Collision,28961.1,-1.278,0,1,0
15475,Success,28962.11,-0.044,0,0,1
15476,Timeout,28968.5,-0.6,0,0,0
15477,Success,28970.07,-0.05,0,0,1
15478,Success,28973.02,-0.139,0,0,1
15479,Obstacle Collision,28974.11,-1.278,0,1,0
15480,Success,28976.17,-0.089,0,0,1
15481,Obstacle Collision,28977.59,-1.269,0,1,0
15482,Success,28979.14,-0.05,0,0,1
15483,Success,28979.98,-0.028,0,0,1
15484,Success,28983.72,-1.828,0,0,1
15485,Obstacle Collision,28988.04,-1.533,0,1,0
15486,Success,28990.08,-0.067,0,0,1
15487,Obstacle Collision,28991.48,-1.3,0,1,0
15488,Obstacle Collision,28993.13,-2.043,0,1,0
15489,Obstacle Collision,28995.18,-1.328,0,1,0
15490,Success,28996.37,-0.033,0,0,1
15491,Obstacle Collision,28997.65,-1.15,0,1,0
15492,Success,28998.9,-0.05,0,0,1
15493,Success,29001.76,-6.111,0,0,1
15494,Obstacle Collision,29002.86,-1.117,0,1,0
15495,Obstacle Collision,29003.62,-1.194,0,1,0
15496,Success,29006.06,-0.117,0,0,1
15497,Success,29006.97,-0.028,0,0,1
15498,Success,29008.83,-0.061,0,0,1
15499,Obstacle Collision,29009.58,-1.189,0,1,0
15500,Success,29011.67,-0.094,0,0,1
15501,Success,29013.63,-0.067,0,0,1
15502,Obstacle Collision,29014.07,-1.261,0,1,0
15503,Success,29016.11,-0.078,0,0,1
15504,Success,29018.48,-0.083,0,0,1
15505,Success,29021.45,-5.178,0,0,1
15506,Success,29023.02,-0.056,0,0,1
15507,Obstacle Collision,29023.74,-1.272,0,1,0
15508,Obstacle Collision,29025.05,-1.197,0,1,0
15509,Obstacle Collision,29026.38,-1.277,0,1,0
15510,Success,29028.94,-0.094,0,0,1
15511,Success,29031.42,-0.061,0,0,1
15512,Success,29034.09,-2.672,0,0,1
15513,Obstacle Collision,29034.52,-1.261,0,1,0
15514,Obstacle Collision,29035.63,-1.283,0,1,0
15515,Obstacle Collision,29037.3,-1.317,0,1,0
15516,Success,29039.27,-0.083,0,0,1
15517,Success,29040.18,-0.033,0,0,1
15518,Success,29041.58,-0.044,0,0,1
15519,Success,29043.4,-0.072,0,0,1
15520,Success,29044.97,-0.061,0,0,1
15521,Obstacle Collision,29046.17,-1.004,0,1,0
15522,Obstacle Collision,29047.05,-1.272,0,1,0
15523,Success,29048.27,-0.039,0,0,1
15524,Success,29049.5,-0.033,0,0,1
15525,Obstacle Collision,29050.52,-1.278,0,1,0
15526,Success,29052.04,-0.061,0,0,1
15527,Obstacle Collision,29054.82,-1.367,0,1,0
15528,Obstacle Collision,29055.73,-2.131,0,1,0
15529,Success,29057.12,-0.044,0,0,1
15530,Success,29057.65,-0.017,0,0,1
15531,Obstacle Collision,29058.32,-1.267,0,1,0
15532,Success,29059.8,-0.061,0,0,1
15533,Obstacle Collision,29062.85,-1.383,0,1,0
15534,Obstacle Collision,29064.52,-1.311,0,1,0
15535,Obstacle Collision,29065.56,-1.3,0,1,0
15536,Success,29066.72,-0.894,0,0,1
15537,Success,29069.48,-0.161,0,0,1
15538,Success,29071.09,-0.061,0,0,1
15539,Success,29072.32,-0.9,0,0,1
15540,Success,29073.64,-0.044,0,0,1
15541,Success,29076.52,-0.078,0,0,1
15542,Obstacle Collision,29080.96,-2.444,0,1,0
15543,Obstacle Collision,29082.86,-2.794,0,1,0
15544,Obstacle Collision,29084.55,-1.294,0,1,0
15545,Success,29086.2,-0.05,0,0,1
15546,Obstacle Collision,29087.83,-5.194,0,1,0
15547,Success,29090.01,-0.072,0,0,1
15548,Success,29091.85,-0.067,0,0,1
15549,Success,29094.22,-1.772,0,0,1
15550,Timeout,29101.12,-2.311,0,0,0
15551,Obstacle Collision,29102.08,-1.294,0,1,0
15552,Success,29104.37,-0.078,0,0,1
15553,Success,29105.77,-0.067,0,0,1
15554,Success,29107.09,-0.044,0,0,1
15555,Success,29108.35,-0.056,0,0,1
15556,Obstacle Collision,29109.84,-1.3,0,1,0
15557,Obstacle Collision,29111.61,-1.994,0,1,0
15558,Success,29112.86,-0.056,0,0,1
15559,Obstacle Collision,29114.24,-1.283,0,1,0
15560,Obstacle Collision,29114.67,-1.261,0,1,0
15561,Obstacle Collision,29116.01,-1.283,0,1,0
15562,Obstacle Collision,29116.52,-1.267,0,1,0
15563,Success,29118.56,-0.072,0,0,1
15564,Obstacle Collision,29120.99,-0.995,0,1,0
15565,Success,29122.46,-0.05,0,0,1
15566,Obstacle Collision,29123.32,-1.231,0,1,0
15567,Success,29124.48,-0.039,0,0,1
15568,Obstacle Collision,29125.56,-1.278,0,1,0
15569,Success,29127.5,-0.072,0,0,1
15570,Obstacle Collision,29128.61,-1.039,0,1,0
15571,Success,29131.58,-0.094,0,0,1
15572,Obstacle Collision,29133.02,-1.3,0,1,0
15573,Obstacle Collision,29135.17,-1.306,0,1,0
15574,Obstacle Collision,29136.28,-1.294,0,1,0
15575,Success,29139.95,-0.117,0,0,1
15576,Obstacle Collision,29141.66,-1.344,0,1,0
15577,Obstacle Collision,29142.33,-1.267,0,1,0
15578,Success,29145.3,-0.1,0,0,1
15579,Obstacle Collision,29147.54,-1.306,0,1,0
15580,Obstacle Collision,29149.85,-1.306,0,1,0
15581,Success,29151.09,-0.039,0,0,1
15582,Success,29153.91,-0.083,0,0,1
15583,Obstacle Collision,29155.36,-1.094,0,1,0
15584,Obstacle Collision,29157.08,-1.009,0,1,0
15585,Success,29159.82,-0.078,0,0,1
15586,Obstacle Collision,29160.92,-1.175,0,1,0
15587,Obstacle Collision,29162.79,-1.103,0,1,0
15588,Success,29166.16,-0.1,0,0,1
15589,Obstacle Collision,29167.26,-1.117,0,1,0
15590,Success,29168.67,-0.072,0,0,1
15591,Obstacle Collision,29169.59,-1.272,0,1,0
15592,Success,29172.33,-0.089,0,0,1
15593,Obstacle Collision,29173.71,-1.294,0,1,0
15594,Obstacle Collision,29178.04,-1.533,0,1,0
15595,Obstacle Collision,29179.16,-1.3,0,1,0
15596,Success,29181.17,-0.061,0,0,1
15597,Success,29183.22,-0.128,0,0,1
15598,Success,29184.7,-0.05,0,0,1
15599,Obstacle Collision,29185.37,-2.978,0,1,0
15600,Success,29187.4,-0.083,0,0,1
15601,Success,29189.74,-0.089,0,0,1
15602,Obstacle Collision,29191.14,-1.283,0,1,0
15603,Success,29193.25,-0.072,0,0,1
15604,Success,29195.93,-0.111,0,0,1
15605,Success,29197.16,-0.039,0,0,1
15606,Success,29198.71,-0.05,0,0,1
15607,Success,29200.26,-0.039,0,0,1
15608,Success,29202.45,-2.628,0,0,1
15609,Success,29205.88,-0.161,0,0,1
15610,Obstacle Collision,29207.04,-1.117,0,1,0
15611,Obstacle Collision,29207.43,-1.261,0,1,0
15612,Obstacle Collision,29208.79,-1.041,0,1,0
15613,Success,29209.8,-0.044,0,0,1
15614,Success,29212.34,-1.822,0,0,1
15615,Obstacle Collision,29214.89,-1.456,0,1,0
15616,Obstacle Collision,29217.74,-1.361,0,1,0
15617,Agent Collision,29220.18,-2.656,1,0,0
15618,Success,29222.55,-0.089,0,0,1
15619,Success,29226.5,-0.117,0,0,1
15620,Success,29228.29,-0.05,0,0,1
15621,Obstacle Collision,29229.68,-1.261,0,1,0
15622,Obstacle Collision,29230.92,-1.17,0,1,0
15623,Success,29233.48,-0.078,0,0,1
15624,Obstacle Collision,29234.39,-1.269,0,1,0
15625,Success,29236.57,-0.128,0,0,1
15626,Obstacle Collision,29238.5,-2.167,0,1,0
15627,Success,29241.05,-0.928,0,0,1
15628,Obstacle Collision,29241.93,-1.247,0,1,0
15629,Obstacle Collision,29242.59,-1.267,0,1,0
15630,Success,29243.49,-0.028,0,0,1
15631,Success,29245.68,-0.111,0,0,1
15632,Obstacle Collision,29247.08,-1.211,0,1,0
15633,Obstacle Collision,29248.12,-1.278,0,1,0
15634,Success,29250.78,-0.083,0,0,1
15635,Success,29253.2,-0.072,0,0,1
15636,Success,29255.42,-0.083,0,0,1
15637,Obstacle Collision,29256.95,-1.211,0,1,0
15638,Success,29258.02,-0.039,0,0,1
15639,Success,29260.46,-0.094,0,0,1
15640,Obstacle Collision,29261.36,-1.231,0,1,0
15641,Obstacle Collision,29262.03,-1.267,0,1,0
15642,Obstacle Collision,29263.61,-1.306,0,1,0
15643,Obstacle Collision,29265.78,-1.411,0,1,0
15644,Obstacle Collision,29268.53,-1.242,0,1,0
15645,Success,29271.18,-0.106,0,0,1
15646,Success,29274.19,-4.372,0,0,1
15647,Obstacle Collision,29275.33,-1.283,0,1,0
15648,Obstacle Collision,29276.37,-1.278,0,1,0
15649,Obstacle Collision,29277.7,-1.283,0,1,0
15650,Obstacle Collision,29278.8,-1.2,0,1,0
15651,Success,29280.91,-0.072,0,0,1
15652,Success,29282.53,-0.044,0,0,1
15653,Obstacle Collision,29282.97,-1.261,0,1,0
15654,Success,29285.75,-0.089,0,0,1
15655,Obstacle Collision,29286.41,-1.267,0,1,0
15656,Success,29287.5,-0.044,0,0,1
15657,Success,29289.74,-0.072,0,0,1
15658,Obstacle Collision,29292.46,-1.328,0,1,0
15659,Obstacle Collision,29294.22,-2.116,0,1,0
15660,Success,29295.46,-0.056,0,0,1
15661,Success,29297.64,-0.078,0,0,1
15662,Obstacle Collision,29299.92,-1.372,0,1,0
15663,Success,29300.92,-0.033,0,0,1
15664,Success,29304.03,-0.944,0,0,1
15665,Success,29305.51,-0.05,0,0,1
15666,Success,29308.52,-0.111,0,0,1
15667,Agent Collision,29310.43,-2.622,1,0,0
15668,Success,29313.25,-0.1,0,0,1
15669,Obstacle Collision,29313.89,-1.267,0,1,0
15670,Success,29317.82,-0.117,0,0,1
15671,Obstacle Collision,29319.57,-0.969,0,1,0
15672,Success,29321.05,-0.067,0,0,1
15673,Obstacle Collision,29322.44,-1.258,0,1,0
15674,Obstacle Collision,29325.11,-9.061,0,1,0
15675,Success,29327.43,-0.072,0,0,1
15676,Success,29329.44,-0.061,0,0,1
15677,Success,29330.19,-0.028,0,0,1
15678,Obstacle Collision,29330.95,-1.272,0,1,0
15679,Obstacle Collision,29331.75,-1.22,0,1,0
15680,Obstacle Collision,29332.42,-2.978,0,1,0
15681,Obstacle Collision,29333.81,-1.283,0,1,0
15682,Success,29336.76,-7.71,0,0,1
15683,Obstacle Collision,29337.35,-1.267,0,1,0
15684,Obstacle Collision,29339.17,-1.311,0,1,0
15685,Success,29341.85,-0.094,0,0,1
15686,Success,29344.23,-0.078,0,0,1
15687,Success,29345.79,-0.056,0,0,1
15688,Success,29350.86,-1.022,0,0,1
15689,Obstacle Collision,29352.14,-1.294,0,1,0
15690,Obstacle Collision,29357.65,-1.617,0,1,0
15691,Obstacle Collision,29358.87,-1.122,0,1,0
15692,Obstacle Collision,29362.03,-1.344,0,1,0
15693,Success,29364.55,-0.078,0,0,1
15694,Success,29366.52,-0.933,0,0,1
15695,Success,29367.76,-0.061,0,0,1
15696,Success,29370.39,-0.078,0,0,1
15697,Obstacle Collision,29373.11,-1.406,0,1,0
15698,Success,29374.35,-0.044,0,0,1
15699,Success,29376.86,-0.106,0,0,1
15700,Obstacle Collision,29377.43,-1.267,0,1,0
15701,Success,29379.46,-0.078,0,0,1
15702,Obstacle Collision,29381.61,-3.878,0,1,0
15703,Success,29383.78,-0.078,0,0,1
15704,Obstacle Collision,29385.57,-1.294,0,1,0
15705,Obstacle Collision,29386.53,-1.294,0,1,0
15706,Success,29387.84,-0.911,0,0,1
15707,Success,29389.47,-0.05,0,0,1
15708,Success,29390.78,-0.039,0,0,1
15709,Obstacle Collision,29391.77,-1.153,0,1,0
15710,Success,29392.95,-0.044,0,0,1
15711,Obstacle Collision,29394.27,-1.283,0,1,0
15712,Success,29396.26,-0.067,0,0,1
15713,Success,29399.52,-0.094,0,0,1
15714,Success,29401.39,-0.061,0,0,1
15715,Obstacle Collision,29402.76,-1.283,0,1,0
15716,Success,29404.56,-0.056,0,0,1
15717,Obstacle Collision,29406.95,-1.317,0,1,0
15718,Obstacle Collision,29407.37,-1.261,0,1,0
15719,Obstacle Collision,29408.76,-1.283,0,1,0
15720,Success,29410.82,-0.089,0,0,1
15721,Success,29411.58,-0.022,0,0,1
15722,Obstacle Collision,29412.71,-1.289,0,1,0
15723,Success,29415.65,-1.817,0,0,1
15724,Success,29416.93,-0.044,0,0,1
15725,Success,29418.76,-0.061,0,0,1
15726,Success,29421.6,-0.106,0,0,1
15727,Success,29423.46,-0.078,0,0,1
15728,Obstacle Collision,29424.82,-1.283,0,1,0
15729,Success,29427.99,-0.117,0,0,1
15730,Success,29429.91,-0.067,0,0,1
15731,Success,29431.62,-0.061,0,0,1
15732,Obstacle Collision,29432.71,-1.236,0,1,0
15733,Obstacle Collision,29434.51,-1.294,0,1,0
15734,Success,29436.76,-0.056,0,0,1
15735,Success,29438.89,-0.106,0,0,1
15736,Obstacle Collision,29440.99,-1.16,0,1,0
15737,Success,29442.76,-0.089,0,0,1
15738,Obstacle Collision,29444.34,-1.012,0,1,0
15739,Obstacle Collision,29445.46,-4.594,0,1,0
15740,Success,29448.2,-1.839,0,0,1
15741,Success,29451.79,-0.206,0,0,1
15742,Obstacle Collision,29452.49,-1.011,0,1,0
15743,Success,29454.84,-0.067,0,0,1
15744,Success,29456.87,-0.067,0,0,1
15745,Obstacle Collision,29458.28,-1.306,0,1,0
15746,Success,29461.23,-0.15,0,0,1
15747,Success,29463.09,-0.067,0,0,1
15748,Success,29464.69,-0.061,0,0,1
15749,Obstacle Collision,29466.62,-1.383,0,1,0
15750,Obstacle Collision,29467.29,-1.267,0,1,0
15751,Obstacle Collision,29468.66,-1.283,0,1,0
15752,Success,29470.32,-0.9,0,0,1
15753,Success,29472.65,-0.95,0,0,1
15754,Success,29475.32,-0.106,0,0,1
15755,Obstacle Collision,29477.19,-2.211,0,1,0
15756,Success,29479.88,-0.094,0,0,1
15757,Success,29481.18,-0.05,0,0,1
15758,Success,29483.38,-0.067,0,0,1
15759,Success,29485.93,-0.072,0,0,1
15760,Success,29487.78,-0.067,0,0,1
15761,Success,29488.83,-0.028,0,0,1
15762,Obstacle Collision,29489.87,-1.268,0,1,0
15763,Success,29491.64,-0.061,0,0,1
15764,Success,29492.7,-0.033,0,0,1
15765,Success,29494.07,-0.05,0,0,1
15766,Success,29496.16,-0.072,0,0,1
15767,Success,29498.1,-0.056,0,0,1
15768,Obstacle Collision,29500.02,-0.931,0,1,0
15769,Success,29501.13,-0.044,0,0,1
15770,Obstacle Collision,29501.99,-1.272,0,1,0
15771,Obstacle Collision,29507.84,-1.739,0,1,0
15772,Success,29509.98,-0.922,0,0,1
15773,Obstacle Collision,29512.26,-1.367,0,1,0
15774,Obstacle Collision,29513.83,-0.897,0,1,0
15775,Obstacle Collision,29515.08,-1.045,0,1,0
15776,Success,29516.33,-0.039,0,0,1
15777,Success,29518.72,-0.117,0,0,1
15778,Success,29521.17,-0.933,0,0,1
15779,Success,29522.87,-0.078,0,0,1
15780,Obstacle Collision,29524.6,-1.328,0,1,0
15781,Obstacle Collision,29525.48,-1.194,0,1,0
15782,Obstacle Collision,29526.38,-1.272,0,1,0
15783,Obstacle Collision,29528.32,-1.281,0,1,0
15784,Obstacle Collision,29530.64,-1.301,0,1,0
15785,Success,29532.62,-0.056,0,0,1
15786,Success,29537.03,-9.561,0,0,1
15787,Success,29539.58,-1.778,0,0,1
15788,Obstacle Collision,29541.15,-1.258,0,1,0
15789,Success,29545.17,-1.861,0,0,1
15790,Success,29546.07,-0.033,0,0,1
15791,Success,29549.19,-1.806,0,0,1
15792,Success,29550.93,-0.05,0,0,1
15793,Success,29553.33,-0.078,0,0,1
15794,Success,29554.77,-0.044,0,0,1
15795,Success,29556.77,-0.072,0,0,1
15796,Success,29559.76,-0.106,0,0,1
15797,Success,29562.45,-0.094,0,0,1
15798,Obstacle Collision,29563.45,-1.204,0,1,0
15799,Obstacle Collision,29565.85,-6.483,0,1,0
15800,Success,29567.94,-0.072,0,0,1
15801,Success,29569.72,-0.067,0,0,1
15802,Obstacle Collision,29573.27,-2.706,0,1,0
15803,Obstacle Collision,29573.93,-1.267,0,1,0
15804,Obstacle Collision,29576.54,-3.094,0,1,0
15805,Obstacle Collision,29578.09,-1.108,0,1,0
15806,Success,29579.87,-0.056,0,0,1
15807,Success,29581.72,-0.061,0,0,1
15808,Success,29582.94,-0.044,0,0,1
15809,Obstacle Collision,29585.84,-1.383,0,1,0
15810,Obstacle Collision,29586.65,-1.189,0,1,0
15811,Success,29587.95,-0.9,0,0,1
15812,Success,29589.51,-0.056,0,0,1
15813,Success,29591.07,-0.067,0,0,1
15814,Obstacle Collision,29593.14,-1.281,0,1,0
15815,Success,29596.2,-0.111,0,0,1
15816,Obstacle Collision,29597.89,-1.221,0,1,0
15817,Obstacle Collision,29598.76,-1.278,0,1,0
15818,Obstacle Collision,29600.36,-0.895,0,1,0
15819,Success,29602.17,-0.089,0,0,1
15820,Obstacle Collision,29603.7,-1.285,0,1,0
15821,Obstacle Collision,29605.75,-1.309,0,1,0
15822,Success,29607.37,-0.056,0,0,1
15823,Success,29609.57,-0.094,0,0,1
15824,Success,29611.91,-0.083,0,0,1
15825,Obstacle Collision,29612.61,-1.157,0,1,0
15826,Success,29615.37,-0.094,0,0,1
15827,Success,29617.4,-0.072,0,0,1
15828,Success,29619.03,-0.05,0,0,1
15829,Obstacle Collision,29620.47,-1.253,0,1,0
15830,Agent Collision,29622.37,-1.761,1,0,0
15831,Success,29623.76,-0.056,0,0,1
15832,Obstacle Collision,29625.12,-1.294,0,1,0
15833,Success,29626.68,-0.078,0,0,1
15834,Obstacle Collision,29628.3,-1.3,0,1,0
15835,Obstacle Collision,29630.72,-1.328,0,1,0
15836,Success,29632.35,-0.067,0,0,1
15837,Success,29635.72,-1.833,0,0,1
15838,Success,29639.53,-0.106,0,0,1
15839,Success,29642.57,-1.822,0,0,1
15840,Obstacle Collision,29644.94,-1.317,0,1,0
15841,Obstacle Collision,29646.94,-1.306,0,1,0
15842,Obstacle Collision,29647.56,-1.225,0,1,0
15843,Agent Collision,29648.59,-2.594,1,0,0
15844,Obstacle Collision,29649.35,-1.272,0,1,0
15845,Success,29651.18,-0.056,0,0,1
15846,Success,29652.78,-0.05,0,0,1
15847,Obstacle Collision,29653.76,-1.234,0,1,0
15848,Obstacle Collision,29654.68,-1.278,0,1,0
15849,Success,29656.56,-0.061,0,0,1
15850,Obstacle Collision,29656.95,-1.261,0,1,0
15851,Success,29659.48,-0.083,0,0,1
15852,Success,29660.95,-0.039,0,0,1
15853,Obstacle Collision,29661.75,-1.231,0,1,0
15854,Obstacle Collision,29663.66,-1.034,0,1,0
15855,Obstacle Collision,29664.87,-1.258,0,1,0
15856,Obstacle Collision,29667.28,-3.022,0,1,0
15857,Success,29668.81,-0.056,0,0,1
15858,Obstacle Collision,29669.48,-1.267,0,1,0
15859,Obstacle Collision,29670.03,-1.225,0,1,0
15860,Obstacle Collision,29671.38,-1.306,0,1,0
15861,Obstacle Collision,29671.82,-1.261,0,1,0
15862,Success,29673.28,-0.05,0,0,1
15863,Obstacle Collision,29675.4,-1.383,0,1,0
15864,Obstacle Collision,29676.07,-1.267,0,1,0
15865,Obstacle Collision,29677.37,-1.283,0,1,0
15866,Obstacle Collision,29677.76,-1.283,0,1,0
15867,Obstacle Collision,29678.58,-0.967,0,1,0
15868,Success,29679.65,-0.039,0,0,1
15869,Success,29683.67,-0.128,0,0,1
15870,Success,29685.81,-0.083,0,0,1
15871,Obstacle Collision,29688.71,-1.444,0,1,0
15872,Obstacle Collision,29690.23,-1.185,0,1,0
15873,Success,29691.96,-0.067,0,0,1
15874,Agent Collision,29693.15,-5.167,1,0,0
15875,Obstacle Collision,29695.22,-1.161,0,1,0
15876,Success,29697.16,-0.061,0,0,1
15877,Obstacle Collision,29698.58,-1.044,0,1,0
15878,Obstacle Collision,29701.25,-1.344,0,1,0
15879,Success,29703.23,-0.944,0,0,1
15880,Obstacle Collision,29704.52,-1.167,0,1,0
15881,Obstacle Collision,29705.43,-1.272,0,1,0
15882,Success,29706.59,-0.039,0,0,1
15883,Success,29708.54,-0.078,0,0,1
15884,Obstacle Collision,29710.58,-1.328,0,1,0
15885,Obstacle Collision,29711.25,-1.267,0,1,0
15886,Success,29713.77,-0.089,0,0,1
15887,Obstacle Collision,29714.72,-1.154,0,1,0
15888,Obstacle Collision,29716.71,-1.185,0,1,0
15889,Obstacle Collision,29718.39,-0.988,0,1,0
15890,Obstacle Collision,29720.34,-4.698,0,1,0
15891,Obstacle Collision,29721.5,-1.117,0,1,0
15892,Success,29722.81,-0.072,0,0,1
15893,Timeout,29731.24,-10.8,0,0,0
15894,Success,29734.3,-5.256,0,0,1
15895,Success,29737.67,-1.022,0,0,1
15896,Success,29738.82,-0.05,0,0,1
15897,Obstacle Collision,29739.48,-1.267,0,1,0
15898,Obstacle Collision,29741.17,-0.967,0,1,0
15899,Success,29743.13,-1.822,0,0,1
15900,Obstacle Collision,29745.12,-1.361,0,1,0
15901,Success,29747.46,-0.083,0,0,1
15902,Obstacle Collision,29748.77,-1.294,0,1,0
15903,Success,29751.02,-0.072,0,0,1
15904,Obstacle Collision,29752.31,-1.283,0,1,0
15905,Success,29755.51,-0.144,0,0,1
15906,Obstacle Collision,29757.34,-1.175,0,1,0
15907,Obstacle Collision,29758.49,-1.294,0,1,0
15908,Obstacle Collision,29759.16,-1.267,0,1,0
15909,Obstacle Collision,29759.59,-1.261,0,1,0
15910,Obstacle Collision,29760.75,-1.11,0,1,0
15911,Success,29761.89,-0.033,0,0,1
15912,Success,29763.43,-0.056,0,0,1
15913,Obstacle Collision,29765.12,-1.294,0,1,0
15914,Success,29768.28,-0.944,0,0,1
15915,Obstacle Collision,29769.17,-1.272,0,1,0
15916,Success,29771.18,-5.217,0,0,1
15917,Obstacle Collision,29774.9,-2.322,0,1,0
15918,Success,29777.46,-0.1,0,0,1
15919,Obstacle Collision,29778.23,-1.189,0,1,0
15920,Obstacle Collision,29778.66,-1.261,0,1,0
15921,Obstacle Collision,29779.74,-1.236,0,1,0
15922,Success,29781.84,-0.089,0,0,1
15923,Success,29784.29,-1.806,0,0,1
15924,Obstacle Collision,29785.86,-1.289,0,1,0
15925,Agent Collision,29788.66,-1.783,1,0,0
15926,Success,29790.47,-0.078,0,0,1
15927,Obstacle Collision,29791.61,-5.556,0,1,0
15928,Obstacle Collision,29792.46,-1.272,0,1,0
15929,Obstacle Collision,29794.36,-0.967,0,1,0
15930,Success,29795.36,-0.039,0,0,1
15931,Success,29796.86,-1.778,0,0,1
15932,Success,29800.52,-0.139,0,0,1
15933,Success,29802.54,-0.072,0,0,1
15934,Success,29803.85,-0.061,0,0,1
15935,Success,29805.64,-0.056,0,0,1
15936,Success,29807.42,-1.772,0,0,1
15937,Success,29808.74,-0.044,0,0,1
15938,Success,29811.1,-0.933,0,0,1
15939,Success,29812.33,-0.05,0,0,1
15940,Obstacle Collision,29814.4,-1.139,0,1,0
15941,Success,29816.75,-1.772,0,0,1
15942,Success,29819.87,-1.8,0,0,1
15943,Success,29822.02,-0.139,0,0,1
15944,Success,29825.89,-0.111,0,0,1
15945,Success,29827.11,-0.056,0,0,1
15946,Success,29828.55,-0.039,0,0,1
15947,Success,29830.4,-1.761,0,0,1
15948,Obstacle Collision,29831.49,-1.278,0,1,0
15949,Success,29832.24,-0.028,0,0,1
15950,Obstacle Collision,29833.92,-1.317,0,1,0
15951,Obstacle Collision,29835.07,-1.228,0,1,0
15952,Success,29837.93,-0.078,0,0,1
15953,Obstacle Collision,29840.84,-2.21,0,1,0
15954,Success,29843.15,-0.072,0,0,1
15955,Success,29844.99,-0.906,0,0,1
15956,Obstacle Collision,29846.77,-1.151,0,1,0
15957,Success,29848.64,-0.067,0,0,1
15958,Success,29851.43,-0.078,0,0,1
15959,Success,29853.78,-0.094,0,0,1
15960,Obstacle Collision,29855.03,-1.283,0,1,0
15961,Obstacle Collision,29859.75,-1.744,0,1,0
15962,Success,29860.35,-0.022,0,0,1
15963,Success,29861.51,-0.044,0,0,1
15964,Obstacle Collision,29862.13,-1.225,0,1,0
15965,Success,29863.61,-0.061,0,0,1
15966,Obstacle Collision,29864.98,-1.322,0,1,0
15967,Success,29866.37,-0.044,0,0,1
15968,Success,29867.83,-0.044,0,0,1
15969,Success,29868.68,-0.033,0,0,1
15970,Obstacle Collision,29869.67,-1.3,0,1,0
15971,Obstacle Collision,29870.34,-1.225,0,1,0
15972,Success,29874.45,-12.872,0,0,1
15973,Success,29876.85,-0.106,0,0,1
15974,Success,29878.89,-0.072,0,0,1
15975,Success,29881.17,-0.083,0,0,1
15976,Success,29883.44,-0.083,0,0,1
15977,Success,29884.52,-0.039,0,0,1
15978,Success,29886.26,-0.061,0,0,1
15979,Success,29887.9,-0.061,0,0,1
15980,Success,29889.48,-1.794,0,0,1
15981,Success,29890.48,-0.044,0,0,1
15982,Obstacle Collision,29892.61,-0.964,0,1,0
15983,Obstacle Collision,29894.71,-1.121,0,1,0
15984,Obstacle Collision,29896.53,-1.311,0,1,0
15985,Success,29897.6,-0.039,0,0,1
15986,Success,29899.28,-1.767,0,0,1
15987,Obstacle Collision,29902.2,-3.083,0,1,0
15988,Success,29904.29,-0.067,0,0,1
15989,Obstacle Collision,29906.74,-2.976,0,1,0
15990,Success,29908.91,-1.794,0,0,1
15991,Success,29911.09,-0.083,0,0,1
15992,Success,29913.66,-0.078,0,0,1
15993,Success,29914.96,-0.05,0,0,1
15994,Success,29918.46,-0.1,0,0,1
15995,Obstacle Collision,29920.37,-1.144,0,1,0
15996,Obstacle Collision,29921.7,-1.283,0,1,0
15997,Success,29923.0,-0.039,0,0,1
15998,Success,29926.03,-0.094,0,0,1
15999,Success,29926.86,-0.033,0,0,1
16000,Success,29928.33,-1.761,0,0,1
16001,Success,29929.57,-0.056,0,0,1
16002,Success,29932.81,-1.0,0,0,1
16003,Obstacle Collision,29936.99,-1.567,0,1,0
16004,Obstacle Collision,29938.62,-1.294,0,1,0
16005,Obstacle Collision,29940.65,-5.183,0,1,0
16006,Success,29943.11,-0.122,0,0,1
16007,Success,29944.91,-0.067,0,0,1
16008,Obstacle Collision,29945.95,-4.306,0,1,0
16009,Success,29947.65,-0.044,0,0,1
16010,Obstacle Collision,29949.19,-1.206,0,1,0
16011,Success,29950.51,-0.056,0,0,1
16012,Success,29953.59,-0.1,0,0,1
16013,Obstacle Collision,29955.25,-1.306,0,1,0
16014,Success,29956.8,-0.067,0,0,1
16015,Success,29958.38,-0.056,0,0,1
16016,Success,29961.47,-0.1,0,0,1
16017,Success,29964.93,-0.094,0,0,1
16018,Obstacle Collision,29967.03,-2.628,0,1,0
16019,Obstacle Collision,29968.37,-1.003,0,1,0
16020,Success,29969.47,-0.044,0,0,1
16021,Success,29971.21,-0.061,0,0,1
16022,Success,29974.13,-0.083,0,0,1
16023,Success,29977.16,-0.089,0,0,1
16024,Obstacle Collision,29977.77,-1.225,0,1,0
16025,Obstacle Collision,29979.4,-1.003,0,1,0
16026,Success,29981.37,-0.072,0,0,1
16027,Obstacle Collision,29982.27,-1.272,0,1,0
16028,Obstacle Collision,29983.61,-1.079,0,1,0
16029,Success,29984.77,-0.044,0,0,1
16030,Success,29988.39,-0.122,0,0,1
16031,Success,29990.46,-0.094,0,0,1
16032,Obstacle Collision,29992.1,-1.18,0,1,0
16033,Obstacle Collision,29994.7,-4.778,0,1,0
16034,Success,29997.13,-0.078,0,0,1
16035,Timeout,30004.53,-0.6,0,0,0
16036,Success,30006.86,-0.078,0,0,1
16037,Obstacle Collision,30008.69,-1.328,0,1,0
16038,Obstacle Collision,30011.16,-1.166,0,1,0
16039,Success,30013.03,-0.067,0,0,1
16040,Obstacle Collision,30013.9,-1.051,0,1,0
16041,Success,30015.45,-0.05,0,0,1
16042,Success,30017.13,-0.056,0,0,1
16043,Obstacle Collision,30018.08,-0.973,0,1,0
16044,Success,30019.49,-0.056,0,0,1
16045,Success,30021.58,-0.072,0,0,1
16046,Success,30025.88,-3.606,0,0,1
16047,Obstacle Collision,30027.48,-1.289,0,1,0
16048,Success,30029.55,-0.917,0,0,1
16049,Obstacle Collision,30030.67,-1.278,0,1,0
16050,Success,30032.45,-0.061,0,0,1
16051,Success,30035.03,-0.094,0,0,1
16052,Obstacle Collision,30036.35,-0.93,0,1,0
16053,Success,30038.07,-2.639,0,0,1
16054,Success,30041.2,-0.122,0,0,1
16055,Success,30043.66,-0.072,0,0,1
16056,Obstacle Collision,30045.89,-1.026,0,1,0
16057,Success,30047.42,-0.1,0,0,1
16058,Success,30050.88,-0.117,0,0,1
16059,Obstacle Collision,30053.92,-1.328,0,1,0
16060,Success,30057.95,-1.822,0,0,1
16061,Success,30060.18,-0.117,0,0,1
16062,Success,30061.94,-0.056,0,0,1
16063,Obstacle Collision,30063.05,-1.283,0,1,0
16064,Success,30064.73,-0.044,0,0,1
16065,Obstacle Collision,30065.6,-1.153,0,1,0
16066,Success,30066.8,-0.039,0,0,1
16067,Success,30068.53,-0.05,0,0,1
16068,Success,30070.81,-0.083,0,0,1
16069,Success,30072.7,-0.056,0,0,1
16070,Success,30075.2,-0.078,0,0,1
16071,Success,30076.69,-0.044,0,0,1
16072,Success,30077.86,-0.044,0,0,1
16073,Obstacle Collision,30079.79,-1.3,0,1,0
16074,Success,30081.53,-0.072,0,0,1
16075,Success,30083.6,-0.089,0,0,1
16076,Success,30085.73,-0.922,0,0,1
16077,Success,30087.37,-0.067,0,0,1
16078,Obstacle Collision,30087.99,-1.226,0,1,0
16079,Success,30090.9,-0.106,0,0,1
16080,Success,30092.89,-0.094,0,0,1
16081,Obstacle Collision,30094.02,-1.3,0,1,0
16082,Obstacle Collision,30096.21,-1.306,0,1,0
16083,Success,30097.29,-0.033,0,0,1
16084,Obstacle Collision,30098.44,-1.283,0,1,0
16085,Agent Collision,30101.45,-2.678,1,0,0
16086,Obstacle Collision,30102.52,-1.154,0,1,0
16087,Obstacle Collision,30103.63,-1.197,0,1,0
16088,Success,30107.14,-0.106,0,0,1
16089,Obstacle Collision,30107.77,-1.267,0,1,0
16090,Obstacle Collision,30110.53,-1.072,0,1,0
16091,Obstacle Collision,30111.58,-1.158,0,1,0
16092,Obstacle Collision,30113.44,-0.908,0,1,0
16093,Timeout,30121.38,-1.456,0,0,0
16094,Obstacle Collision,30122.87,-1.3,0,1,0
16095,Obstacle Collision,30125.39,-1.378,0,1,0
16096,Obstacle Collision,30127.15,-1.306,0,1,0
16097,Success,30128.47,-0.061,0,0,1
16098,Obstacle Collision,30129.66,-0.93,0,1,0
16099,Obstacle Collision,30131.47,-1.322,0,1,0
16100,Obstacle Collision,30132.38,-1.272,0,1,0
16101,Success,30134.09,-0.072,0,0,1
16102,Obstacle Collision,30134.76,-1.267,0,1,0
16103,Success,30136.88,-0.072,0,0,1
16104,Obstacle Collision,30137.52,-1.262,0,1,0
16105,Success,30140.11,-0.089,0,0,1
16106,Success,30142.87,-0.133,0,0,1
16107,Obstacle Collision,30145.32,-1.367,0,1,0
16108,Success,30148.39,-1.017,0,0,1
16109,Success,30150.63,-0.122,0,0,1
16110,Obstacle Collision,30152.01,-1.145,0,1,0
16111,Obstacle Collision,30152.92,-1.189,0,1,0
16112,Success,30155.19,-0.061,0,0,1
16113,Agent Collision,30156.05,-4.306,1,0,0
16114,Obstacle Collision,30157.26,-1.019,0,1,0
16115,Obstacle Collision,30161.49,-8.294,0,1,0
16116,Agent Collision,30163.38,-3.483,1,0,0
16117,Obstacle Collision,30165.85,-1.35,0,1,0
16118,Obstacle Collision,30167.56,-0.92,0,1,0
16119,Success,30170.11,-0.072,0,0,1
16120,Success,30172.54,-0.094,0,0,1
16121,Success,30174.16,-0.078,0,0,1
16122,Success,30176.51,-0.067,0,0,1
16123,Success,30179.25,-1.8,0,0,1
16124,Success,30182.22,-0.078,0,0,1
16125,Success,30183.13,-0.028,0,0,1
16126,Success,30185.38,-0.078,0,0,1
16127,Success,30187.88,-0.089,0,0,1
16128,Success,30189.43,-0.056,0,0,1
16129,Success,30192.2,-3.494,0,0,1
16130,Success,30194.04,-0.061,0,0,1
16131,Obstacle Collision,30195.19,-1.278,0,1,0
16132,Success,30197.38,-0.944,0,0,1
16133,Success,30200.01,-0.106,0,0,1
16134,Obstacle Collision,30201.43,-1.225,0,1,0
16135,Success,30203.81,-0.094,0,0,1
16136,Obstacle Collision,30205.89,-2.156,0,1,0
16137,Success,30207.91,-0.072,0,0,1
16138,Success,30209.15,-0.05,0,0,1
16139,Obstacle Collision,30211.51,-4.695,0,1,0
16140,Success,30213.76,-0.056,0,0,1
16141,Success,30215.94,-0.094,0,0,1
16142,Success,30216.62,-0.022,0,0,1
16143,Obstacle Collision,30218.22,-1.289,0,1,0
16144,Success,30219.22,-0.033,0,0,1
16145,Obstacle Collision,30221.17,-1.165,0,1,0
16146,Success,30224.18,-0.1,0,0,1
16147,Obstacle Collision,30225.6,-1.081,0,1,0
16148,Obstacle Collision,30226.27,-1.267,0,1,0
16149,Obstacle Collision,30227.41,-1.278,0,1,0
16150,Obstacle Collision,30227.85,-1.261,0,1,0
16151,Obstacle Collision,30228.5,-1.267,0,1,0
16152,Success,30230.37,-1.767,0,0,1
16153,Success,30232.07,-0.05,0,0,1
16154,Obstacle Collision,30233.05,-0.967,0,1,0
16155,Success,30234.77,-0.083,0,0,1
16156,Success,30236.91,-0.089,0,0,1
16157,Success,30239.56,-0.089,0,0,1
16158,Success,30242.56,-3.511,0,0,1
16159,Obstacle Collision,30243.41,-1.271,0,1,0
16160,Success,30246.05,-0.083,0,0,1
16161,Success,30248.3,-0.078,0,0,1
16162,Success,30251.27,-0.939,0,0,1
16163,Obstacle Collision,30253.41,-1.317,0,1,0
16164,Success,30254.01,-0.017,0,0,1
16165,Obstacle Collision,30255.3,-1.356,0,1,0
16166,Success,30256.14,-0.028,0,0,1
16167,Obstacle Collision,30257.24,-1.276,0,1,0
16168,Success,30259.02,-0.067,0,0,1
16169,Success,30261.13,-0.989,0,0,1
16170,Obstacle Collision,30262.59,-1.084,0,1,0
16171,Obstacle Collision,30264.74,-1.367,0,1,0
16172,Obstacle Collision,30265.98,-1.289,0,1,0
16173,Success,30267.15,-0.044,0,0,1
16174,Agent Collision,30271.8,-2.833,1,0,0
16175,Obstacle Collision,30272.79,-1.251,0,1,0
16176,Success,30274.78,-0.05,0,0,1
16177,Obstacle Collision,30275.36,-1.267,0,1,0
16178,Obstacle Collision,30276.71,-1.283,0,1,0
16179,Obstacle Collision,30279.66,-1.4,0,1,0
16180,Success,30281.53,-0.928,0,0,1
16181,Success,30285.03,-0.989,0,0,1
16182,Obstacle Collision,30290.69,-1.728,0,1,0
16183,Success,30292.9,-0.067,0,0,1
16184,Obstacle Collision,30295.79,-1.322,0,1,0
16185,Success,30298.45,-0.089,0,0,1
16186,Success,30300.16,-0.056,0,0,1
16187,Obstacle Collision,30301.06,-1.231,0,1,0
16188,Obstacle Collision,30302.58,-1.213,0,1,0
16189,Success,30303.5,-0.044,0,0,1
16190,Success,30305.43,-1.806,0,0,1
16191,Obstacle Collision,30307.59,-1.322,0,1,0
16192,Success,30308.84,-2.606,0,0,1
16193,Obstacle Collision,30310.42,-1.251,0,1,0
16194,Success,30312.23,-0.05,0,0,1
16195,Obstacle Collision,30313.12,-1.272,0,1,0
16196,Success,30314.78,-0.067,0,0,1
16197,Obstacle Collision,30316.14,-1.289,0,1,0
16198,Success,30317.7,-0.061,0,0,1
16199,Success,30321.21,-0.117,0,0,1
16200,Success,30323.36,-0.089,0,0,1
16201,Success,30324.61,-0.056,0,0,1
16202,Success,30326.11,-0.061,0,0,1
16203,Success,30327.04,-0.033,0,0,1
16204,Success,30328.31,-0.061,0,0,1
16205,Obstacle Collision,30334.59,-7.678,0,1,0
16206,Obstacle Collision,30335.55,-1.236,0,1,0
16207,Obstacle Collision,30336.88,-1.083,0,1,0
16208,Success,30339.23,-0.089,0,0,1
16209,Obstacle Collision,30339.66,-1.261,0,1,0
16210,Success,30343.25,-1.811,0,0,1
16211,Obstacle Collision,30344.43,-1.283,0,1,0
16212,Success,30347.09,-0.078,0,0,1
16213,Success,30348.49,-0.906,0,0,1
16214,Obstacle Collision,30350.29,-1.294,0,1,0
16215,Success,30351.44,-0.889,0,0,1
16216,Obstacle Collision,30352.32,-1.272,0,1,0
16217,Success,30353.54,-0.9,0,0,1
16218,Success,30356.34,-0.1,0,0,1
16219,Obstacle Collision,30359.18,-1.233,0,1,0
16220,Obstacle Collision,30359.62,-1.261,0,1,0
16221,Obstacle Collision,30361.18,-1.018,0,1,0
16222,Obstacle Collision,30362.46,-1.289,0,1,0
16223,Success,30365.09,-0.094,0,0,1
16224,Obstacle Collision,30366.28,-1.294,0,1,0
16225,Obstacle Collision,30368.98,-1.372,0,1,0
16226,Success,30370.92,-0.05,0,0,1
16227,Success,30372.5,-0.061,0,0,1
16228,Obstacle Collision,30374.0,-1.061,0,1,0
16229,Success,30376.33,-0.078,0,0,1
16230,Obstacle Collision,30377.96,-1.271,0,1,0
16231,Obstacle Collision,30379.25,-0.967,0,1,0
16232,Obstacle Collision,30380.73,-1.081,0,1,0
16233,Success,30383.42,-0.144,0,0,1
16234,Obstacle Collision,30386.42,-1.378,0,1,0
16235,Obstacle Collision,30388.46,-2.189,0,1,0
16236,Success,30390.74,-0.072,0,0,1
16237,Success,30392.3,-0.056,0,0,1
16238,Obstacle Collision,30394.62,-1.31,0,1,0
16239,Success,30396.33,-0.061,0,0,1
16240,Success,30397.95,-0.911,0,0,1
16241,Success,30399.79,-0.072,0,0,1
16242,Obstacle Collision,30400.87,-1.278,0,1,0
16243,Obstacle Collision,30401.89,-1.117,0,1,0
16244,Success,30403.79,-0.056,0,0,1
16245,Obstacle Collision,30408.09,-1.594,0,1,0
16246,Success,30410.91,-5.25,0,0,1
16247,Obstacle Collision,30414.37,-4.422,0,1,0
16248,Success,30417.14,-0.106,0,0,1
16249,Success,30418.37,-0.044,0,0,1
16250,Success,30420.15,-0.067,0,0,1
16251,Obstacle Collision,30421.76,-1.103,0,1,0
16252,Success,30422.35,-0.022,0,0,1
16253,Success,30424.2,-0.078,0,0,1
16254,Obstacle Collision,30427.2,-3.539,0,1,0
16255,Obstacle Collision,30428.27,-1.194,0,1,0
16256,Success,30430.37,-0.089,0,0,1
16257,Obstacle Collision,30431.18,-1.189,0,1,0
16258,Success,30433.13,-0.072,0,0,1
16259,Obstacle Collision,30435.63,-1.378,0,1,0
16260,Success,30436.87,-0.05,0,0,1
16261,Obstacle Collision,30439.24,-1.956,0,1,0
16262,Obstacle Collision,30440.14,-1.247,0,1,0
16263,Obstacle Collision,30441.08,-1.278,0,1,0
16264,Success,30442.76,-0.067,0,0,1
16265,Success,30444.46,-0.061,0,0,1
16266,Success,30447.33,-0.094,0,0,1
16267,Obstacle Collision,30448.0,-1.267,0,1,0
16268,Success,30451.08,-0.111,0,0,1
16269,Success,30454.11,-0.178,0,0,1
16270,Success,30455.67,-0.056,0,0,1
16271,Success,30457.46,-0.061,0,0,1
16272,Success,30458.84,-0.044,0,0,1
16273,Success,30460.4,-0.078,0,0,1
16274,Obstacle Collision,30461.52,-1.278,0,1,0
16275,Obstacle Collision,30463.39,-1.192,0,1,0
16276,Obstacle Collision,30466.89,-1.428,0,1,0
16277,Success,30470.56,-1.844,0,0,1
16278,Obstacle Collision,30472.66,-1.128,0,1,0
16279,Success,30474.13,-0.039,0,0,1
16280,Obstacle Collision,30474.97,-1.271,0,1,0
16281,Success,30476.2,-0.039,0,0,1
16282,Success,30477.9,-0.061,0,0,1
16283,Success,30480.32,-1.822,0,0,1
16284,Success,30484.01,-2.667,0,0,1
16285,Success,30486.81,-0.128,0,0,1
16286,Success,30488.2,-0.044,0,0,1
16287,Success,30489.81,-0.044,0,0,1
16288,Obstacle Collision,30490.47,-1.267,0,1,0
16289,Obstacle Collision,30492.68,-1.328,0,1,0
16290,Obstacle Collision,30498.07,-1.561,0,1,0
16291,Success,30501.06,-0.094,0,0,1
16292,Obstacle Collision,30501.94,-1.272,0,1,0
16293,Success,30504.76,-0.944,0,0,1
16294,Obstacle Collision,30506.46,-1.294,0,1,0
16295,Success,30508.25,-0.061,0,0,1
16296,Success,30510.45,-0.139,0,0,1
16297,Success,30511.83,-0.05,0,0,1
16298,Success,30513.53,-0.917,0,0,1
16299,Success,30515.61,-0.067,0,0,1
16300,Obstacle Collision,30517.17,-1.289,0,1,0
16301,Obstacle Collision,30519.71,-1.328,0,1,0
16302,Success,30521.4,-0.078,0,0,1
16303,Success,30522.22,-0.028,0,0,1
16304,Obstacle Collision,30522.87,-1.158,0,1,0
16305,Success,30524.58,-0.083,0,0,1
16306,Obstacle Collision,30526.19,-1.158,0,1,0
16307,Success,30530.02,-0.144,0,0,1
16308,Success,30531.72,-0.067,0,0,1
16309,Obstacle Collision,30532.39,-1.267,0,1,0
16310,Success,30533.39,-0.044,0,0,1
16311,Obstacle Collision,30535.16,-1.3,0,1,0
16312,Success,30537.12,-0.1,0,0,1
16313,Obstacle Collision,30538.09,-1.283,0,1,0
16314,Success,30539.57,-0.056,0,0,1
16315,Obstacle Collision,30541.74,-3.017,0,1,0
16316,Obstacle Collision,30543.28,-1.202,0,1,0
16317,Success,30544.84,-0.078,0,0,1
16318,Success,30547.32,-0.1,0,0,1
16319,Success,30548.95,-3.489,0,0,1
16320,Obstacle Collision,30550.52,-1.167,0,1,0
16321,Success,30552.8,-0.094,0,0,1
16322,Obstacle Collision,30558.62,-4.471,0,1,0
16323,Obstacle Collision,30560.44,-1.322,0,1,0
16324,Success,30564.51,-0.972,0,0,1
16325,Success,30566.83,-0.089,0,0,1
16326,Success,30569.36,-0.072,0,0,1
16327,Obstacle Collision,30570.38,-1.153,0,1,0
16328,Success,30572.66,-0.072,0,0,1
16329,Success,30575.44,-0.083,0,0,1
16330,Success,30576.99,-0.05,0,0,1
16331,Success,30578.93,-0.056,0,0,1
16332,Obstacle Collision,30581.3,-1.308,0,1,0
16333,Success,30582.83,-0.056,0,0,1
16334,Success,30584.21,-0.061,0,0,1
16335,Obstacle Collision,30585.38,-1.289,0,1,0
16336,Success,30587.29,-0.083,0,0,1
16337,Obstacle Collision,30588.8,-6.415,0,1,0
16338,Obstacle Collision,30590.21,-1.294,0,1,0
16339,Obstacle Collision,30591.97,-1.292,0,1,0
16340,Success,30595.33,-0.083,0,0,1
16341,Success,30597.76,-0.089,0,0,1
16342,Obstacle Collision,30598.84,-1.278,0,1,0
16343,Obstacle Collision,30601.19,-1.472,0,1,0
16344,Success,30602.98,-0.078,0,0,1
16345,Success,30604.56,-0.056,0,0,1
16346,Success,30607.89,-0.117,0,0,1
16347,Obstacle Collision,30608.32,-1.261,0,1,0
16348,Success,30610.28,-0.05,0,0,1
16349,Obstacle Collision,30612.22,-1.3,0,1,0
16350,Success,30614.44,-0.156,0,0,1
16351,Obstacle Collision,30615.3,-1.272,0,1,0
16352,Obstacle Collision,30617.21,-1.193,0,1,0
16353,Success,30618.14,-0.033,0,0,1
16354,Success,30620.54,-4.356,0,0,1
16355,Obstacle Collision,30622.5,-1.3,0,1,0
16356,Obstacle Collision,30623.17,-1.267,0,1,0
16357,Success,30627.01,-0.239,0,0,1
16358,Success,30627.85,-0.028,0,0,1
16359,Obstacle Collision,30629.82,-1.3,0,1,0
16360,Success,30631.24,-0.067,0,0,1
16361,Success,30634.02,-0.944,0,0,1
16362,Success,30636.68,-0.089,0,0,1
16363,Obstacle Collision,30637.73,-1.278,0,1,0
16364,Success,30638.71,-0.033,0,0,1
16365,Obstacle Collision,30639.54,-1.272,0,1,0
16366,Success,30641.26,-0.061,0,0,1
16367,Obstacle Collision,30644.05,-2.644,0,1,0
16368,Success,30646.48,-0.083,0,0,1
16369,Success,30647.88,-0.056,0,0,1
16370,Obstacle Collision,30649.04,-1.249,0,1,0
16371,Success,30651.38,-0.122,0,0,1
16372,Obstacle Collision,30653.55,-1.321,0,1,0
16373,Success,30656.28,-0.078,0,0,1
16374,Success,30657.19,-0.033,0,0,1
16375,Success,30658.59,-0.072,0,0,1
16376,Obstacle Collision,30660.59,-1.186,0,1,0
16377,Success,30661.97,-0.039,0,0,1
16378,Success,30663.96,-0.061,0,0,1
16379,Success,30665.03,-0.044,0,0,1
16380,Agent Collision,30665.81,-0.878,1,0,0
16381,Obstacle Collision,30671.88,-1.833,0,1,0
16382,Obstacle Collision,30673.62,-1.306,0,1,0
16383,Obstacle Collision,30675.73,-1.333,0,1,0
16384,Success,30678.62,-0.078,0,0,1
16385,Success,30680.25,-0.056,0,0,1
16386,Success,30683.63,-0.972,0,0,1
16387,Success,30684.7,-0.033,0,0,1
16388,Success,30686.4,-0.05,0,0,1
16389,Success,30688.48,-0.95,0,0,1
16390,Obstacle Collision,30691.15,-1.328,0,1,0
16391,Success,30694.4,-0.95,0,0,1
16392,Obstacle Collision,30697.88,-1.394,0,1,0
16393,Success,30699.79,-0.917,0,0,1
16394,Success,30702.4,-0.122,0,0,1
16395,Obstacle Collision,30702.84,-1.261,0,1,0
16396,Success,30703.9,-0.056,0,0,1
16397,Success,30706.66,-0.094,0,0,1
16398,Obstacle Collision,30707.83,-1.3,0,1,0
16399,Success,30709.91,-0.922,0,0,1
16400,Obstacle Collision,30711.28,-1.098,0,1,0
16401,Obstacle Collision,30713.65,-1.029,0,1,0
16402,Success,30715.21,-0.05,0,0,1
16403,Success,30716.59,-0.056,0,0,1
16404,Obstacle Collision,30717.86,-1.283,0,1,0
16405,Success,30719.18,-0.078,0,0,1
16406,Obstacle Collision,30720.25,-1.224,0,1,0
16407,Obstacle Collision,30721.86,-1.038,0,1,0
16408,Obstacle Collision,30723.03,-1.283,0,1,0
16409,Success,30724.49,-0.061,0,0,1
16410,Success,30725.56,-0.039,0,0,1
16411,Success,30727.84,-0.089,0,0,1
16412,Success,30729.69,-0.056,0,0,1
16413,Obstacle Collision,30731.76,-3.478,0,1,0
16414,Success,30732.61,-0.028,0,0,1
16415,Success,30733.76,-0.039,0,0,1
16416,Agent Collision,30735.09,-0.889,1,0,0
16417,Obstacle Collision,30735.96,-1.272,0,1,0
16418,Success,30738.76,-0.967,0,0,1
16419,Success,30740.32,-0.067,0,0,1
16420,Obstacle Collision,30740.97,-1.234,0,1,0
16421,Obstacle Collision,30742.12,-2.133,0,1,0
16422,Obstacle Collision,30743.52,-1.003,0,1,0
16423,Success,30746.25,-0.072,0,0,1
16424,Success,30748.12,-0.067,0,0,1
16425,Obstacle Collision,30749.68,-1.361,0,1,0
16426,Success,30751.02,-2.639,0,0,1
16427,Success,30752.74,-0.072,0,0,1
16428,Success,30754.98,-1.783,0,0,1
16429,Obstacle Collision,30757.09,-1.306,0,1,0
16430,Success,30759.31,-0.089,0,0,1
16431,Success,30760.71,-0.061,0,0,1
16432,Success,30762.27,-0.061,0,0,1
16433,Obstacle Collision,30764.51,-1.311,0,1,0
16434,Success,30767.63,-0.167,0,0,1
16435,Obstacle Collision,30768.94,-1.206,0,1,0
16436,Obstacle Collision,30775.19,-1.806,0,1,0
16437,Success,30778.03,-1.806,0,0,1
16438,Obstacle Collision,30778.47,-1.261,0,1,0
16439,Success,30780.93,-0.956,0,0,1
16440,Obstacle Collision,30782.3,-1.039,0,1,0
16441,Success,30784.23,-0.072,0,0,1
16442,Success,30786.64,-0.939,0,0,1
16443,Success,30787.96,-0.056,0,0,1
16444,Success,30789.61,-0.072,0,0,1
16445,Success,30791.46,-0.061,0,0,1
16446,Obstacle Collision,30792.45,-1.294,0,1,0
16447,Agent Collision,30794.96,-5.227,1,0,0
16448,Obstacle Collision,30796.41,-1.092,0,1,0
16449,Success,30799.49,-0.217,0,0,1
16450,Success,30800.56,-0.039,0,0,1
16451,Obstacle Collision,30801.23,-1.267,0,1,0
16452,Success,30803.07,-0.072,0,0,1
16453,Success,30805.17,-0.083,0,0,1
16454,Success,30807.19,-0.067,0,0,1
16455,Success,30809.37,-0.083,0,0,1
16456,Success,30810.36,-0.033,0,0,1
16457,Success,30811.44,-0.039,0,0,1
16458,Success,30813.94,-0.111,0,0,1
16459,Success,30818.26,-10.3,0,0,1
16460,Obstacle Collision,30819.65,-1.249,0,1,0
16461,Success,30820.72,-0.039,0,0,1
16462,Success,30822.45,-0.05,0,0,1
16463,Success,30824.7,-0.072,0,0,1
16464,Success,30828.57,-0.172,0,0,1
16465,Obstacle Collision,30829.64,-1.254,0,1,0
16466,Success,30831.44,-0.061,0,0,1
16467,Success,30834.19,-0.089,0,0,1
16468,Success,30835.96,-0.061,0,0,1
16469,Success,30837.91,-0.072,0,0,1
16470,Success,30840.01,-0.056,0,0,1
16471,Success,30841.47,-0.067,0,0,1
16472,Obstacle Collision,30843.31,-1.311,0,1,0
16473,Obstacle Collision,30844.84,-1.294,0,1,0
16474,Success,30845.86,-0.039,0,0,1
16475,Obstacle Collision,30848.94,-9.106,0,1,0
16476,Obstacle Collision,30850.22,-1.158,0,1,0
16477,Obstacle Collision,30850.75,-1.225,0,1,0
16478,Obstacle Collision,30853.39,-1.106,0,1,0
16479,Obstacle Collision,30855.76,-1.406,0,1,0
16480,Obstacle Collision,30857.39,-1.322,0,1,0
16481,Obstacle Collision,30858.06,-1.267,0,1,0
16482,Obstacle Collision,30859.81,-2.177,0,1,0
16483,Agent Collision,30860.62,-3.444,1,0,0
16484,Success,30861.96,-0.044,0,0,1
16485,Obstacle Collision,30862.65,-1.267,0,1,0
16486,Obstacle Collision,30863.73,-1.278,0,1,0
16487,Obstacle Collision,30865.12,-1.283,0,1,0
16488,Obstacle Collision,30865.79,-1.267,0,1,0
16489,Success,30867.39,-0.044,0,0,1
16490,Obstacle Collision,30867.74,-1.261,0,1,0
16491,Success,30869.68,-0.072,0,0,1
16492,Obstacle Collision,30870.51,-1.193,0,1,0
16493,Obstacle Collision,30871.58,-1.278,0,1,0
16494,Obstacle Collision,30874.28,-1.417,0,1,0
16495,Obstacle Collision,30874.93,-1.189,0,1,0
16496,Obstacle Collision,30876.55,-2.144,0,1,0
16497,Obstacle Collision,30878.17,-1.286,0,1,0
16498,Obstacle Collision,30880.69,-1.225,0,1,0
16499,Obstacle Collision,30881.56,-1.003,0,1,0
16500,Success,30883.22,-0.922,0,0,1
16501,Obstacle Collision,30884.97,-1.339,0,1,0
16502,Obstacle Collision,30886.97,-2.183,0,1,0
16503,Obstacle Collision,30887.65,-1.267,0,1,0
16504,Success,30889.69,-0.061,0,0,1
16505,Success,30890.77,-0.05,0,0,1
16506,Success,30892.76,-0.078,0,0,1
16507,Obstacle Collision,30894.31,-1.289,0,1,0
16508,Obstacle Collision,30895.99,-1.306,0,1,0
16509,Obstacle Collision,30898.35,-1.295,0,1,0
16510,Obstacle Collision,30899.14,-1.272,0,1,0
16511,Timeout,30905.95,-0.6,0,0,0
16512,Obstacle Collision,30906.96,-1.158,0,1,0
16513,Success,30908.9,-0.072,0,0,1
16514,Obstacle Collision,30910.56,-1.3,0,1,0
16515,Obstacle Collision,30913.53,-1.322,0,1,0
16516,Obstacle Collision,30914.96,-1.294,0,1,0
16517,Obstacle Collision,30916.51,-1.17,0,1,0
16518,Success,30917.83,-0.05,0,0,1
16519,Obstacle Collision,30919.19,-1.259,0,1,0
16520,Obstacle Collision,30920.6,-1.305,0,1,0
16521,Agent Collision,30922.82,-7.761,1,0,0
16522,Obstacle Collision,30923.68,-1.153,0,1,0
16523,Obstacle Collision,30925.33,-0.971,0,1,0
16524,Obstacle Collision,30927.03,-1.3,0,1,0
16525,Success,30930.31,-2.656,0,0,1
16526,Success,30932.17,-0.083,0,0,1
16527,Obstacle Collision,30933.98,-1.311,0,1,0
16528,Obstacle Collision,30936.01,-2.156,0,1,0
16529,Obstacle Collision,30937.26,-1.25,0,1,0
16530,Obstacle Collision,30938.77,-1.195,0,1,0
16531,Obstacle Collision,30939.44,-1.267,0,1,0
16532,Success,30941.78,-0.128,0,0,1
16533,Obstacle Collision,30943.62,-1.197,0,1,0
16534,Success,30945.7,-0.078,0,0,1
16535,Success,30947.63,-0.928,0,0,1
16536,Obstacle Collision,30949.61,-1.3,0,1,0
16537,Success,30950.98,-0.039,0,0,1
16538,Success,30953.94,-0.111,0,0,1
16539,Success,30955.51,-0.078,0,0,1
16540,Obstacle Collision,30957.66,-1.361,0,1,0
16541,Success,30959.94,-2.633,0,0,1
16542,Success,30961.14,-0.05,0,0,1
16543,Obstacle Collision,30962.39,-1.283,0,1,0
16544,Success,30964.08,-0.044,0,0,1
16545,Obstacle Collision,30964.85,-1.258,0,1,0
16546,Obstacle Collision,30966.32,-1.294,0,1,0
16547,Success,30968.72,-0.078,0,0,1
16548,Obstacle Collision,30970.68,-1.072,0,1,0
16549,Obstacle Collision,30971.11,-1.261,0,1,0
16550,Success,30974.71,-0.144,0,0,1
16551,Success,30976.26,-0.05,0,0,1
16552,Obstacle Collision,30979.59,-1.444,0,1,0
16553,Obstacle Collision,30981.08,-1.678,0,1,0
16554,Success,30982.24,-0.05,0,0,1
16555,Success,30984.48,-0.067,0,0,1
16556,Obstacle Collision,30987.35,-1.367,0,1,0
16557,Success,30988.24,-3.461,0,0,1
16558,Success,30992.14,-0.156,0,0,1
16559,Success,30994.33,-0.094,0,0,1
16560,Agent Collision,30996.65,-6.072,1,0,0
16561,Success,30997.78,-0.033,0,0,1
16562,Success,30999.73,-0.083,0,0,1
16563,Success,31001.04,-0.044,0,0,1
16564,Obstacle Collision,31004.36,-3.067,0,1,0
16565,Obstacle Collision,31006.3,-1.306,0,1,0
16566,Success,31008.3,-0.067,0,0,1
16567,Success,31013.02,-0.139,0,0,1
16568,Agent Collision,31016.25,-1.844,1,0,0
16569,Success,31018.71,-0.967,0,0,1
16570,Obstacle Collision,31019.38,-1.267,0,1,0
16571,Obstacle Collision,31020.87,-1.289,0,1,0
16572,Obstacle Collision,31024.53,-1.45,0,1,0
16573,Obstacle Collision,31027.1,-1.378,0,1,0
16574,Obstacle Collision,31032.94,-1.789,0,1,0
16575,Success,31034.78,-0.061,0,0,1
16576,Success,31036.31,-0.05,0,0,1
16577,Obstacle Collision,31037.19,-1.272,0,1,0
16578,Obstacle Collision,31037.58,-1.261,0,1,0
16579,Obstacle Collision,31041.01,-1.422,0,1,0
16580,Success,31043.87,-0.106,0,0,1
16581,Success,31045.36,-0.061,0,0,1
16582,Success,31046.98,-0.05,0,0,1
16583,Success,31049.63,-1.806,0,0,1
16584,Obstacle Collision,31050.31,-1.267,0,1,0
16585,Success,31052.91,-0.111,0,0,1
16586,Success,31054.78,-0.072,0,0,1
16587,Success,31057.39,-0.089,0,0,1
16588,Obstacle Collision,31060.32,-1.389,0,1,0
16589,Success,31062.51,-0.083,0,0,1
16590,Obstacle Collision,31063.65,-4.7,0,1,0
16591,Success,31065.37,-0.056,0,0,1
16592,Obstacle Collision,31066.92,-1.289,0,1,0
16593,Success,31070.2,-0.194,0,0,1
16594,Obstacle Collision,31071.65,-1.317,0,1,0
16595,Success,31073.54,-0.072,0,0,1
16596,Obstacle Collision,31076.47,-1.394,0,1,0
16597,Obstacle Collision,31079.41,-1.439,0,1,0
16598,Obstacle Collision,31080.89,-1.187,0,1,0
16599,Obstacle Collision,31082.86,-1.322,0,1,0
16600,Success,31083.54,-0.028,0,0,1
16601,Success,31084.84,-0.05,0,0,1
16602,Obstacle Collision,31086.12,-1.242,0,1,0
16603,Obstacle Collision,31086.79,-1.225,0,1,0
16604,Success,31089.85,-0.094,0,0,1
16605,Success,31092.18,-0.083,0,0,1
16606,Obstacle Collision,31093.88,-1.3,0,1,0
16607,Obstacle Collision,31095.29,-1.289,0,1,0
16608,Obstacle Collision,31098.54,-1.394,0,1,0
16609,Obstacle Collision,31099.42,-1.264,0,1,0
16610,Agent Collision,31102.52,-0.933,1,0,0
16611,Success,31105.3,-0.95,0,0,1
16612,Obstacle Collision,31105.97,-1.267,0,1,0
16613,Obstacle Collision,31108.2,-1.311,0,1,0
16614,Success,31109.7,-0.072,0,0,1
16615,Success,31112.38,-0.956,0,0,1
16616,Obstacle Collision,31115.19,-1.794,0,1,0
16617,Obstacle Collision,31116.98,-4.699,0,1,0
16618,Obstacle Collision,31118.06,-1.278,0,1,0
16619,Success,31119.85,-0.061,0,0,1
16620,Success,31121.47,-0.061,0,0,1
16621,Success,31123.8,-0.078,0,0,1
16622,Success,31125.12,-0.05,0,0,1
16623,Success,31127.25,-0.083,0,0,1
16624,Success,31129.6,-0.089,0,0,1
16625,Obstacle Collision,31130.51,-1.272,0,1,0
16626,Obstacle Collision,31131.56,-1.283,0,1,0
16627,Agent Collision,31135.51,-6.961,1,0,0
16628,Success,31136.28,-0.022,0,0,1
16629,Obstacle Collision,31137.2,-2.983,0,1,0
16630,Success,31138.75,-0.9,0,0,1
16631,Success,31141.17,-0.061,0,0,1
16632,Obstacle Collision,31143.85,-1.361,0,1,0
16633,Obstacle Collision,31146.03,-2.622,0,1,0
16634,Obstacle Collision,31147.36,-1.283,0,1,0
16635,Success,31149.49,-2.622,0,0,1
16636,Obstacle Collision,31151.73,-1.311,0,1,0
16637,Success,31152.65,-0.033,0,0,1
16638,Obstacle Collision,31154.33,-1.192,0,1,0
16639,Obstacle Collision,31155.77,-1.026,0,1,0
16640,Success,31157.57,-0.072,0,0,1
16641,Obstacle Collision,31159.94,-1.289,0,1,0
16642,Success,31162.17,-0.067,0,0,1
16643,Obstacle Collision,31163.3,-1.117,0,1,0
16644,Success,31166.54,-3.522,0,0,1
16645,Success,31168.96,-0.094,0,0,1
16646,Obstacle Collision,31170.07,-1.075,0,1,0
16647,Obstacle Collision,31172.41,-3.033,0,1,0
16648,Obstacle Collision,31174.88,-1.35,0,1,0
16649,Obstacle Collision,31176.59,-1.328,0,1,0
16650,Obstacle Collision,31178.3,-1.098,0,1,0
16651,Success,31179.39,-0.044,0,0,1
16652,Success,31181.49,-0.061,0,0,1
16653,Obstacle Collision,31183.75,-0.911,0,1,0
16654,Success,31185.43,-0.061,0,0,1
16655,Success,31186.9,-0.072,0,0,1
16656,Success,31188.96,-0.083,0,0,1
16657,Obstacle Collision,31190.75,-1.294,0,1,0
16658,Obstacle Collision,31194.84,-1.533,0,1,0
16659,Success,31196.52,-0.056,0,0,1
16660,Success,31201.21,-0.228,0,0,1
16661,Obstacle Collision,31202.2,-1.153,0,1,0
16662,Obstacle Collision,31203.03,-1.195,0,1,0
16663,Success,31205.19,-0.083,0,0,1
16664,Obstacle Collision,31206.55,-1.283,0,1,0
16665,Success,31209.64,-1.894,0,0,1
16666,Obstacle Collision,31210.23,-1.225,0,1,0
16667,Success,31211.77,-0.067,0,0,1
16668,Obstacle Collision,31212.55,-1.272,0,1,0
16669,Obstacle Collision,31213.75,-1.098,0,1,0
16670,Success,31215.52,-0.056,0,0,1
16671,Success,31217.38,-1.794,0,0,1
16672,Success,31218.38,-0.05,0,0,1
16673,Success,31219.9,-0.05,0,0,1
16674,Obstacle Collision,31221.19,-1.081,0,1,0
16675,Success,31223.18,-0.067,0,0,1
16676,Obstacle Collision,31225.46,-1.322,0,1,0
16677,Obstacle Collision,31226.32,-1.267,0,1,0
16678,Obstacle Collision,31228.76,-1.322,0,1,0
16679,Success,31230.73,-1.767,0,0,1
16680,Obstacle Collision,31231.63,-1.231,0,1,0
16681,Success,31234.14,-0.161,0,0,1
16682,Success,31235.79,-0.906,0,0,1
16683,Obstacle Collision,31236.66,-1.272,0,1,0
16684,Obstacle Collision,31237.11,-1.22,0,1,0
16685,Success,31238.42,-0.039,0,0,1
16686,Success,31241.43,-0.1,0,0,1
16687,Obstacle Collision,31244.16,-1.378,0,1,0
16688,Success,31245.39,-0.033,0,0,1
16689,Success,31246.69,-0.044,0,0,1
16690,Success,31247.99,-0.044,0,0,1
16691,Success,31249.37,-0.044,0,0,1
16692,Obstacle Collision,31250.67,-1.246,0,1,0
16693,Obstacle Collision,31251.53,-4.571,0,1,0
16694,Success,31254.0,-0.967,0,0,1
16695,Success,31255.08,-0.044,0,0,1
16696,Obstacle Collision,31256.35,-1.289,0,1,0
16697,Agent Collision,31258.62,-3.494,1,0,0
16698,Obstacle Collision,31259.29,-1.267,0,1,0
16699,Obstacle Collision,31262.76,-9.106,0,1,0
16700,Success,31264.23,-0.056,0,0,1
16701,Obstacle Collision,31266.14,-1.383,0,1,0
16702,Success,31267.31,-0.039,0,0,1
16703,Obstacle Collision,31269.06,-1.317,0,1,0
16704,Success,31270.83,-0.061,0,0,1
16705,Success,31273.49,-9.389,0,0,1
16706,Obstacle Collision,31274.92,-1.289,0,1,0
16707,Obstacle Collision,31276.2,-0.979,0,1,0
16708,Success,31278.72,-0.094,0,0,1
16709,Success,31280.96,-0.067,0,0,1
16710,Success,31282.91,-0.056,0,0,1
16711,Obstacle Collision,31284.64,-1.294,0,1,0
16712,Success,31286.04,-0.044,0,0,1
16713,Success,31287.77,-0.083,0,0,1
16714,Obstacle Collision,31289.08,-1.289,0,1,0
16715,Success,31290.72,-0.05,0,0,1
16716,Success,31294.14,-0.167,0,0,1
16717,Obstacle Collision,31295.29,-1.283,0,1,0
16718,Success,31297.02,-0.05,0,0,1
16719,Obstacle Collision,31298.63,-2.15,0,1,0
16720,Success,31300.68,-0.067,0,0,1
16721,Success,31302.68,-2.633,0,0,1
16722,Agent Collision,31304.0,-3.472,1,0,0
16723,Success,31305.25,-0.05,0,0,1
16724,Success,31306.58,-0.061,0,0,1
16725,Success,31309.18,-0.139,0,0,1
16726,Obstacle Collision,31310.31,-1.27,0,1,0
16727,Obstacle Collision,31311.13,-1.242,0,1,0
16728,Success,31312.37,-0.056,0,0,1
16729,Success,31315.45,-2.689,0,0,1
16730,Obstacle Collision,31317.2,-1.108,0,1,0
16731,Success,31318.82,-0.056,0,0,1
16732,Obstacle Collision,31319.93,-2.144,0,1,0
16733,Success,31321.42,-0.056,0,0,1
16734,Obstacle Collision,31322.08,-1.267,0,1,0
16735,Obstacle Collision,31322.75,-1.267,0,1,0
16736,Obstacle Collision,31325.03,-1.311,0,1,0
16737,Success,31326.4,-0.039,0,0,1
16738,Success,31328.34,-0.1,0,0,1
16739,Success,31330.05,-0.067,0,0,1
16740,Obstacle Collision,31331.01,-1.278,0,1,0
16741,Success,31333.54,-0.122,0,0,1
16742,Success,31335.58,-0.1,0,0,1
16743,Success,31337.09,-0.044,0,0,1
16744,Obstacle Collision,31338.28,-1.294,0,1,0
16745,Obstacle Collision,31339.06,-1.272,0,1,0
16746,Obstacle Collision,31342.05,-1.4,0,1,0
16747,Obstacle Collision,31342.84,-1.193,0,1,0
16748,Success,31345.61,-0.106,0,0,1
16749,Obstacle Collision,31347.81,-1.288,0,1,0
16750,Success,31349.41,-0.061,0,0,1
16751,Obstacle Collision,31349.84,-2.117,0,1,0
16752,Obstacle Collision,31352.84,-1.344,0,1,0
16753,Success,31356.26,-2.75,0,0,1
16754,Success,31357.95,-0.061,0,0,1
16755,Success,31359.19,-0.039,0,0,1
16756,Success,31360.88,-0.111,0,0,1
16757,Obstacle Collision,31363.6,-1.4,0,1,0
16758,Obstacle Collision,31365.85,-2.189,0,1,0
16759,Obstacle Collision,31367.42,-1.253,0,1,0
16760,Obstacle Collision,31369.56,-2.161,0,1,0
16761,Success,31371.9,-0.928,0,0,1
16762,Success,31375.93,-1.844,0,0,1
16763,Obstacle Collision,31377.05,-1.278,0,1,0
16764,Success,31378.51,-0.061,0,0,1
16765,Obstacle Collision,31381.5,-1.417,0,1,0
16766,Success,31383.26,-0.061,0,0,1
16767,Obstacle Collision,31385.48,-2.91,0,1,0
16768,Obstacle Collision,31386.46,-1.075,0,1,0
16769,Success,31388.41,-0.083,0,0,1
16770,Obstacle Collision,31390.17,-1.27,0,1,0
16771,Obstacle Collision,31391.8,-1.289,0,1,0
16772,Success,31394.31,-0.089,0,0,1
16773,Obstacle Collision,31396.54,-5.606,0,1,0
16774,Obstacle Collision,31397.99,-1.273,0,1,0
16775,Success,31400.47,-0.072,0,0,1
16776,Obstacle Collision,31401.14,-1.278,0,1,0
16777,Obstacle Collision,31402.54,-1.215,0,1,0
16778,Success,31403.61,-0.033,0,0,1
16779,Success,31405.56,-0.067,0,0,1
16780,Obstacle Collision,31408.05,-1.393,0,1,0
16781,Obstacle Collision,31409.07,-1.158,0,1,0
16782,Success,31411.74,-0.939,0,0,1
16783,Success,31414.85,-2.689,0,0,1
16784,Obstacle Collision,31416.11,-1.283,0,1,0
16785,Obstacle Collision,31418.29,-1.296,0,1,0
16786,Success,31420.29,-0.067,0,0,1
16787,Obstacle Collision,31420.66,-1.261,0,1,0
16788,Success,31422.27,-0.061,0,0,1
16789,Success,31424.08,-0.056,0,0,1
16790,Obstacle Collision,31425.22,-1.289,0,1,0
16791,Obstacle Collision,31425.64,-1.283,0,1,0
16792,Obstacle Collision,31428.67,-0.935,0,1,0
16793,Success,31430.53,-0.067,0,0,1
16794,Success,31433.11,-0.117,0,0,1
16795,Obstacle Collision,31434.77,-0.974,0,1,0
16796,Obstacle Collision,31437.29,-1.292,0,1,0
16797,Success,31438.28,-0.044,0,0,1
16798,Success,31439.43,-0.05,0,0,1
16799,Success,31441.15,-0.089,0,0,1
16800,Success,31443.18,-0.067,0,0,1
16801,Obstacle Collision,31444.66,-1.289,0,1,0
16802,Success,31447.0,-0.089,0,0,1
16803,Obstacle Collision,31448.83,-1.133,0,1,0
16804,Success,31451.58,-0.089,0,0,1
16805,Success,31453.19,-0.061,0,0,1
16806,Success,31455.07,-0.072,0,0,1
16807,Success,31457.92,-0.106,0,0,1
16808,Obstacle Collision,31458.79,-1.111,0,1,0
16809,Success,31461.04,-0.094,0,0,1
16810,Success,31463.13,-0.083,0,0,1
16811,Success,31464.91,-0.922,0,0,1
16812,Obstacle Collision,31466.67,-0.851,0,1,0
16813,Success,31468.21,-0.056,0,0,1
16814,Success,31470.61,-1.789,0,0,1
16815,Obstacle Collision,31471.04,-1.261,0,1,0
16816,Agent Collision,31472.41,-0.864,1,0,0
16817,Success,31474.48,-0.922,0,0,1
16818,Success,31477.66,-0.1,0,0,1
16819,Success,31478.79,-0.039,0,0,1
16820,Success,31481.89,-0.094,0,0,1
16821,Success,31483.35,-0.05,0,0,1
16822,Obstacle Collision,31484.76,-1.085,0,1,0
16823,Success,31486.68,-0.056,0,0,1
16824,Obstacle Collision,31488.33,-1.294,0,1,0
16825,Obstacle Collision,31489.52,-1.283,0,1,0
16826,Success,31491.57,-0.056,0,0,1
16827,Obstacle Collision,31492.01,-1.261,0,1,0
16828,Obstacle Collision,31495.43,-1.528,0,1,0
16829,Success,31496.82,-0.067,0,0,1
16830,Success,31499.06,-0.067,0,0,1
16831,Success,31500.84,-0.061,0,0,1
16832,Success,31502.05,-0.039,0,0,1
16833,Success,31503.89,-0.056,0,0,1
16834,Success,31505.58,-0.056,0,0,1
16835,Success,31507.05,-0.044,0,0,1
16836,Success,31509.12,-0.061,0,0,1
16837,Obstacle Collision,31509.95,-1.245,0,1,0
16838,Obstacle Collision,31512.16,-1.283,0,1,0
16839,Success,31514.39,-0.972,0,0,1
16840,Success,31516.41,-0.078,0,0,1
16841,Success,31518.06,-0.061,0,0,1
16842,Success,31519.49,-0.056,0,0,1
16843,Obstacle Collision,31521.05,-1.206,0,1,0
16844,Success,31522.76,-0.061,0,0,1
16845,Success,31523.92,-0.039,0,0,1
16846,Success,31525.41,-0.056,0,0,1
16847,Success,31526.57,-0.044,0,0,1
16848,Agent Collision,31527.63,-2.594,1,0,0
16849,Success,31530.19,-0.067,0,0,1
16850,Success,31531.93,-0.078,0,0,1
16851,Obstacle Collision,31534.22,-1.029,0,1,0
16852,Obstacle Collision,31536.72,-1.311,0,1,0
16853,Obstacle Collision,31537.86,-1.278,0,1,0
16854,Success,31540.1,-0.072,0,0,1
16855,Obstacle Collision,31541.36,-1.247,0,1,0
16856,Obstacle Collision,31541.79,-1.261,0,1,0
16857,Obstacle Collision,31542.2,-1.261,0,1,0
16858,Success,31544.58,-0.106,0,0,1
16859,Obstacle Collision,31545.92,-1.283,0,1,0
16860,Obstacle Collision,31547.86,-1.761,0,1,0
16861,Success,31549.66,-0.067,0,0,1
16862,Obstacle Collision,31552.13,-2.926,0,1,0
16863,Obstacle Collision,31552.57,-1.261,0,1,0
16864,Success,31554.37,-0.072,0,0,1
16865,Success,31556.74,-0.094,0,0,1
16866,Success,31558.06,-0.056,0,0,1
16867,Obstacle Collision,31559.08,-1.081,0,1,0
16868,Success,31562.03,-0.078,0,0,1
16869,Obstacle Collision,31564.11,-1.157,0,1,0
16870,Success,31565.33,-0.039,0,0,1
16871,Obstacle Collision,31565.95,-1.225,0,1,0
16872,Success,31568.03,-0.056,0,0,1
16873,Obstacle Collision,31569.85,-1.159,0,1,0
16874,Success,31571.64,-0.061,0,0,1
16875,Obstacle Collision,31572.43,-0.967,0,1,0
16876,Success,31574.13,-0.072,0,0,1
16877,Success,31576.78,-0.094,0,0,1
16878,Obstacle Collision,31577.96,-1.098,0,1,0
16879,Obstacle Collision,31578.79,-1.272,0,1,0
16880,Obstacle Collision,31580.04,-0.93,0,1,0
16881,Success,31581.69,-0.056,0,0,1
16882,Success,31583.61,-0.072,0,0,1
16883,Obstacle Collision,31584.7,-1.283,0,1,0
16884,Success,31586.17,-0.056,0,0,1
16885,Obstacle Collision,31587.14,-1.153,0,1,0
16886,Obstacle Collision,31589.49,-1.328,0,1,0
16887,Obstacle Collision,31591.0,-1.201,0,1,0
16888,Obstacle Collision,31592.26,-1.289,0,1,0
16889,Agent Collision,31593.88,-0.9,1,0,0
16890,Success,31596.08,-0.094,0,0,1
16891,Success,31598.35,-0.083,0,0,1
16892,Success,31600.82,-0.128,0,0,1
16893,Obstacle Collision,31601.46,-1.267,0,1,0
16894,Success,31602.48,-0.028,0,0,1
16895,Success,31604.41,-0.067,0,0,1
16896,Success,31607.14,-0.939,0,0,1
16897,Obstacle Collision,31609.16,-1.306,0,1,0
16898,Obstacle Collision,31610.59,-2.564,0,1,0
16899,Obstacle Collision,31612.16,-2.206,0,1,0
16900,Obstacle Collision,31613.54,-1.294,0,1,0
16901,Success,31615.98,-0.078,0,0,1
16902,Success,31619.27,-1.833,0,0,1
16903,Obstacle Collision,31621.02,-1.321,0,1,0
16904,Obstacle Collision,31623.3,-1.322,0,1,0
16905,Success,31626.53,-6.1,0,0,1
16906,Obstacle Collision,31627.65,-1.283,0,1,0
16907,Success,31628.97,-0.061,0,0,1
16908,Obstacle Collision,31629.51,-1.267,0,1,0
16909,Obstacle Collision,31630.66,-1.294,0,1,0
16910,Success,31634.25,-0.15,0,0,1
16911,Success,31635.56,-0.05,0,0,1
16912,Success,31637.65,-0.089,0,0,1
16913,Obstacle Collision,31638.85,-1.004,0,1,0
16914,Success,31641.0,-0.067,0,0,1
16915,Obstacle Collision,31642.05,-1.278,0,1,0
16916,Success,31643.67,-0.056,0,0,1
16917,Obstacle Collision,31645.38,-1.097,0,1,0
16918,Obstacle Collision,31646.07,-1.267,0,1,0
16919,Obstacle Collision,31648.3,-1.317,0,1,0
16920,Success,31651.29,-0.939,0,0,1
16921,Success,31653.46,-0.072,0,0,1
16922,Obstacle Collision,31654.3,-1.189,0,1,0
16923,Obstacle Collision,31655.94,-1.217,0,1,0
16924,Obstacle Collision,31656.37,-1.261,0,1,0
16925,Success,31656.97,-0.017,0,0,1
16926,Success,31658.37,-0.061,0,0,1
16927,Success,31660.21,-0.917,0,0,1
16928,Obstacle Collision,31662.42,-1.333,0,1,0
16929,Success,31664.87,-1.817,0,0,1
16930,Obstacle Collision,31666.83,-1.174,0,1,0
16931,Success,31669.6,-0.083,0,0,1
16932,Success,31671.0,-0.05,0,0,1
16933,Obstacle Collision,31672.24,-1.271,0,1,0
16934,Obstacle Collision,31674.61,-3.036,0,1,0
16935,Success,31677.64,-0.111,0,0,1
16936,Obstacle Collision,31678.86,-1.159,0,1,0
16937,Obstacle Collision,31681.27,-1.361,0,1,0
16938,Success,31682.75,-0.061,0,0,1
16939,Success,31685.08,-1.789,0,0,1
16940,Obstacle Collision,31685.75,-1.267,0,1,0
16941,Success,31687.95,-0.094,0,0,1
16942,Success,31689.86,-0.067,0,0,1
16943,Success,31692.44,-0.072,0,0,1
16944,Obstacle Collision,31694.65,-1.361,0,1,0
16945,Success,31696.25,-0.056,0,0,1
16946,Success,31697.88,-0.044,0,0,1
16947,Success,31699.25,-0.056,0,0,1
16948,Success,31702.26,-0.083,0,0,1
16949,Obstacle Collision,31703.28,-1.278,0,1,0
16950,Obstacle Collision,31704.09,-1.112,0,1,0
16951,Success,31706.03,-0.067,0,0,1
16952,Success,31707.93,-0.056,0,0,1
16953,Obstacle Collision,31708.96,-1.195,0,1,0
16954,Obstacle Collision,31709.8,-1.189,0,1,0
16955,Success,31712.47,-0.089,0,0,1
16956,Success,31714.89,-0.083,0,0,1
16957,Obstacle Collision,31717.31,-3.044,0,1,0
16958,Success,31719.09,-0.067,0,0,1
16959,Obstacle Collision,31719.9,-1.153,0,1,0
16960,Obstacle Collision,31722.47,-1.394,0,1,0
16961,Success,31724.64,-0.089,0,0,1
16962,Success,31726.2,-0.078,0,0,1
16963,Success,31728.31,-0.922,0,0,1
16964,Obstacle Collision,31728.89,-1.267,0,1,0
16965,Success,31731.0,-0.067,0,0,1
16966,Success,31732.86,-0.072,0,0,1
16967,Success,31734.92,-0.122,0,0,1
16968,Obstacle Collision,31735.95,-1.242,0,1,0
16969,Success,31738.34,-0.111,0,0,1
16970,Obstacle Collision,31739.22,-1.272,0,1,0
16971,Success,31741.29,-0.067,0,0,1
16972,Success,31742.9,-0.056,0,0,1
16973,Success,31744.28,-0.067,0,0,1
16974,Success,31746.39,-0.072,0,0,1
16975,Success,31747.69,-0.044,0,0,1
16976,Obstacle Collision,31749.5,-1.311,0,1,0
16977,Obstacle Collision,31750.41,-1.272,0,1,0
16978,Success,31755.09,-0.311,0,0,1
16979,Success,31756.97,-0.061,0,0,1
16980,Obstacle Collision,31760.17,-1.163,0,1,0
16981,Obstacle Collision,31761.59,-1.18,0,1,0
16982,Obstacle Collision,31762.71,-1.283,0,1,0
16983,Success,31763.96,-0.05,0,0,1
16984,Agent Collision,31765.83,-0.906,1,0,0
16985,Obstacle Collision,31766.96,-1.263,0,1,0
16986,Success,31768.7,-0.067,0,0,1
16987,Success,31770.01,-0.044,0,0,1
16988,Success,31771.38,-0.039,0,0,1
16989,Agent Collision,31774.23,-5.211,1,0,0
16990,Obstacle Collision,31777.81,-1.378,0,1,0
16991,Success,31779.86,-0.094,0,0,1
16992,Obstacle Collision,31781.93,-1.19,0,1,0
16993,Obstacle Collision,31784.63,-2.2,0,1,0
16994,Success,31786.21,-0.083,0,0,1
16995,Obstacle Collision,31788.02,-1.126,0,1,0
16996,Success,31791.12,-1.0,0,0,1
16997,Success,31792.74,-0.056,0,0,1
16998,Obstacle Collision,31793.65,-1.294,0,1,0
16999,Success,31795.73,-5.194,0,0,1
17000,Success,31798.08,-0.117,0,0,1
17001,Success,31800.42,-0.089,0,0,1
17002,Success,31803.55,-0.111,0,0,1
17003,Success,31806.24,-0.083,0,0,1
17004,Obstacle Collision,31808.08,-1.253,0,1,0
17005,Obstacle Collision,31809.0,-1.272,0,1,0
17006,Obstacle Collision,31811.82,-1.356,0,1,0
17007,Success,31813.69,-0.067,0,0,1
17008,Success,31815.07,-0.05,0,0,1
17009,Obstacle Collision,31817.1,-0.821,0,1,0
17010,Obstacle Collision,31819.0,-1.322,0,1,0
17011,Obstacle Collision,31821.19,-1.372,0,1,0
17012,Obstacle Collision,31821.63,-1.261,0,1,0
17013,Success,31822.95,-0.05,0,0,1
17014,Obstacle Collision,31823.4,-1.261,0,1,0
17015,Obstacle Collision,31823.83,-1.261,0,1,0
17016,Success,31825.91,-0.1,0,0,1
17017,Success,31828.08,-0.056,0,0,1
17018,Success,31829.49,-1.761,0,0,1
17019,Success,31831.6,-0.078,0,0,1
17020,Obstacle Collision,31832.66,-1.2,0,1,0
17021,Obstacle Collision,31834.02,-1.242,0,1,0
17022,Success,31836.65,-0.083,0,0,1
17023,Obstacle Collision,31839.09,-1.444,0,1,0
17024,Obstacle Collision,31840.24,-1.278,0,1,0
17025,Obstacle Collision,31841.52,-1.311,0,1,0
17026,Success,31843.71,-0.067,0,0,1
17027,Obstacle Collision,31845.86,-1.333,0,1,0
17028,Success,31847.34,-0.061,0,0,1
17029,Success,31849.82,-0.106,0,0,1
17030,Obstacle Collision,31854.36,-1.611,0,1,0
17031,Success,31856.92,-0.078,0,0,1
17032,Success,31858.48,-0.067,0,0,1
17033,Obstacle Collision,31862.24,-1.333,0,1,0
17034,Success,31863.09,-0.028,0,0,1
17035,Obstacle Collision,31864.45,-1.289,0,1,0
17036,Success,31865.22,-0.022,0,0,1
17037,Success,31867.84,-0.1,0,0,1
17038,Success,31869.78,-0.944,0,0,1
17039,Obstacle Collision,31871.37,-1.011,0,1,0
17040,Obstacle Collision,31873.01,-1.045,0,1,0
17041,Success,31876.6,-0.128,0,0,1
17042,Success,31878.02,-0.078,0,0,1
17043,Success,31880.19,-0.078,0,0,1
17044,Obstacle Collision,31880.96,-1.272,0,1,0
17045,Obstacle Collision,31882.59,-1.132,0,1,0
17046,Success,31884.05,-0.056,0,0,1
17047,Success,31886.41,-0.072,0,0,1
17048,Obstacle Collision,31888.92,-0.927,0,1,0
17049,Obstacle Collision,31890.63,-1.294,0,1,0
17050,Success,31894.76,-0.233,0,0,1
17051,Obstacle Collision,31895.19,-1.261,0,1,0
17052,Obstacle Collision,31896.07,-1.739,0,1,0
17053,Success,31897.72,-0.072,0,0,1
17054,Success,31900.19,-4.35,0,0,1
17055,Agent Collision,31901.6,-0.894,1,0,0
17056,Success,31903.53,-0.067,0,0,1
17057,Success,31904.43,-0.033,0,0,1
17058,Success,31907.14,-0.078,0,0,1
17059,Success,31909.17,-0.072,0,0,1
17060,Success,31910.32,-0.039,0,0,1
17061,Success,31912.06,-0.083,0,0,1
17062,Success,31914.81,-0.111,0,0,1
17063,Success,31916.22,-0.067,0,0,1
17064,Success,31917.98,-0.083,0,0,1
17065,Success,31919.21,-0.044,0,0,1
17066,Obstacle Collision,31921.61,-1.328,0,1,0
17067,Obstacle Collision,31923.47,-1.317,0,1,0
17068,Success,31925.26,-0.067,0,0,1
17069,Obstacle Collision,31926.25,-1.153,0,1,0
17070,Success,31927.34,-0.044,0,0,1
17071,Success,31929.34,-0.067,0,0,1
17072,Success,31931.36,-0.067,0,0,1
17073,Success,31932.5,-0.033,0,0,1
17074,Obstacle Collision,31933.52,-1.194,0,1,0
17075,Success,31936.41,-0.133,0,0,1
17076,Success,31938.52,-0.111,0,0,1
17077,Success,31941.65,-0.956,0,0,1
17078,Obstacle Collision,31943.02,-1.283,0,1,0
17079,Success,31943.86,-0.028,0,0,1
17080,Success,31946.34,-0.95,0,0,1
17081,Success,31947.4,-0.033,0,0,1
17082,Obstacle Collision,31948.76,-1.209,0,1,0
17083,Obstacle Collision,31951.49,-1.35,0,1,0
17084,Success,31953.87,-0.078,0,0,1
17085,Obstacle Collision,31954.41,-1.267,0,1,0
17086,Success,31956.11,-0.078,0,0,1
17087,Obstacle Collision,31957.27,-1.117,0,1,0
17088,Success,31959.37,-0.106,0,0,1
17089,Success,31960.99,-0.067,0,0,1
17090,Success,31961.9,-0.033,0,0,1
17091,Obstacle Collision,31962.85,-1.202,0,1,0
17092,Obstacle Collision,31965.85,-1.4,0,1,0
17093,Obstacle Collision,31969.21,-1.494,0,1,0
17094,Obstacle Collision,31973.26,-1.533,0,1,0
17095,Success,31975.02,-0.05,0,0,1
17096,Obstacle Collision,31977.09,-1.279,0,1,0
17097,Success,31979.04,-0.078,0,0,1
17098,Success,31981.29,-0.089,0,0,1
17099,Success,31982.76,-0.056,0,0,1
17100,Obstacle Collision,31984.07,-1.011,0,1,0
17101,Obstacle Collision,31985.27,-0.813,0,1,0
17102,Obstacle Collision,31986.29,-1.278,0,1,0
17103,Success,31989.48,-0.178,0,0,1
17104,Success,31990.87,-0.039,0,0,1
17105,Success,31992.5,-0.044,0,0,1
17106,Obstacle Collision,31994.61,-0.894,0,1,0
17107,Success,31996.71,-0.089,0,0,1
17108,Obstacle Collision,32001.57,-1.572,0,1,0
17109,Obstacle Collision,32002.85,-1.053,0,1,0
17110,Success,32005.38,-0.122,0,0,1
17111,Obstacle Collision,32007.2,-0.952,0,1,0
17112,Success,32007.97,-0.028,0,0,1
17113,Success,32012.13,-2.706,0,0,1
17114,Success,32013.54,-0.05,0,0,1
17115,Success,32015.12,-0.072,0,0,1
17116,Success,32016.84,-0.061,0,0,1
17117,Obstacle Collision,32018.7,-1.067,0,1,0
17118,Obstacle Collision,32019.49,-1.272,0,1,0
17119,Success,32021.24,-0.083,0,0,1
17120,Success,32023.79,-0.128,0,0,1
17121,Obstacle Collision,32025.77,-1.267,0,1,0
17122,Success,32026.77,-0.039,0,0,1
17123,Obstacle Collision,32028.58,-1.361,0,1,0
17124,Success,32030.26,-0.044,0,0,1
17125,Obstacle Collision,32030.85,-1.225,0,1,0
17126,Obstacle Collision,32031.3,-1.225,0,1,0
17127,Success,32032.89,-0.05,0,0,1
17128,Success,32035.65,-0.1,0,0,1
17129,Success,32037.12,-0.056,0,0,1
17130,Obstacle Collision,32038.2,-1.289,0,1,0
17131,Success,32040.66,-0.106,0,0,1
17132,Obstacle Collision,32041.91,-1.283,0,1,0
17133,Obstacle Collision,32043.01,-1.278,0,1,0
17134,Obstacle Collision,32044.38,-1.283,0,1,0
17135,Success,32046.49,-0.061,0,0,1
17136,Success,32049.16,-0.1,0,0,1
17137,Obstacle Collision,32050.56,-1.056,0,1,0
17138,Success,32052.47,-0.094,0,0,1
17139,Success,32054.09,-2.622,0,0,1
17140,Obstacle Collision,32055.46,-1.254,0,1,0
17141,Success,32058.55,-0.106,0,0,1
17142,Success,32059.23,-0.028,0,0,1
17143,Obstacle Collision,32060.15,-1.272,0,1,0
17144,Success,32062.87,-0.094,0,0,1
17145,Obstacle Collision,32064.35,-1.306,0,1,0
17146,Obstacle Collision,32065.61,-1.046,0,1,0
17147,Success,32067.74,-0.067,0,0,1
17148,Agent Collision,32070.38,-3.494,1,0,0
17149,Success,32072.0,-0.056,0,0,1
17150,Success,32073.87,-0.089,0,0,1
17151,Success,32075.02,-0.039,0,0,1
17152,Obstacle Collision,32075.8,-1.147,0,1,0
17153,Obstacle Collision,32077.01,-1.158,0,1,0
17154,Success,32079.27,-0.067,0,0,1
17155,Success,32080.89,-0.056,0,0,1
17156,Obstacle Collision,32082.46,-1.294,0,1,0
17157,Obstacle Collision,32083.97,-1.056,0,1,0
17158,Obstacle Collision,32085.51,-1.294,0,1,0
17159,Obstacle Collision,32086.93,-1.165,0,1,0
17160,Success,32088.01,-0.033,0,0,1
17161,Success,32090.92,-0.106,0,0,1
17162,Obstacle Collision,32094.29,-2.261,0,1,0
17163,Success,32097.22,-0.089,0,0,1
17164,Obstacle Collision,32097.62,-1.261,0,1,0
17165,Obstacle Collision,32098.28,-1.267,0,1,0
17166,Success,32099.61,-0.067,0,0,1
17167,Obstacle Collision,32102.42,-1.461,0,1,0
17168,Success,32103.89,-0.05,0,0,1
17169,Success,32105.81,-0.061,0,0,1
17170,Success,32107.35,-0.044,0,0,1
17171,Success,32109.61,-0.078,0,0,1
17172,Success,32110.99,-0.044,0,0,1
17173,Success,32111.75,-0.028,0,0,1
17174,Success,32112.82,-0.039,0,0,1
17175,Success,32115.47,-2.65,0,0,1
17176,Success,32116.39,-0.033,0,0,1
17177,Obstacle Collision,32116.82,-1.261,0,1,0
17178,Success,32118.29,-0.05,0,0,1
17179,Success,32120.73,-0.072,0,0,1
17180,Success,32123.3,-0.067,0,0,1
17181,Success,32124.76,-0.05,0,0,1
17182,Success,32126.56,-0.067,0,0,1
17183,Obstacle Collision,32129.2,-1.361,0,1,0
17184,Success,32131.24,-0.078,0,0,1
17185,Success,32132.86,-1.756,0,0,1
17186,Obstacle Collision,32133.76,-1.272,0,1,0
17187,Obstacle Collision,32136.96,-1.328,0,1,0
17188,Success,32140.01,-0.094,0,0,1
17189,Success,32143.37,-0.106,0,0,1
17190,Agent Collision,32145.67,-3.478,1,0,0
17191,Success,32147.13,-0.061,0,0,1
17192,Success,32149.98,-1.8,0,0,1
17193,Obstacle Collision,32153.03,-1.367,0,1,0
17194,Success,32155.39,-0.156,0,0,1
17195,Agent Collision,32157.3,-3.472,1,0,0
17196,Success,32158.38,-0.039,0,0,1
17197,Success,32160.59,-0.1,0,0,1
17198,Success,32161.67,-0.033,0,0,1
17199,Success,32164.57,-1.794,0,0,1
17200,Success,32166.66,-0.944,0,0,1
17201,Success,32168.53,-0.072,0,0,1
17202,Obstacle Collision,32170.31,-1.3,0,1,0
17203,Obstacle Collision,32171.84,-1.122,0,1,0
17204,Success,32174.93,-0.089,0,0,1
17205,Agent Collision,32176.87,-3.478,1,0,0
17206,Obstacle Collision,32178.08,-2.056,0,1,0
17207,Success,32179.3,-0.033,0,0,1
17208,Success,32181.92,-0.1,0,0,1
17209,Obstacle Collision,32182.82,-1.231,0,1,0
17210,Obstacle Collision,32189.16,-1.85,0,1,0
17211,Agent Collision,32191.42,-1.794,1,0,0
17212,Success,32193.68,-0.1,0,0,1
17213,Success,32196.56,-3.517,0,0,1
17214,Success,32199.01,-0.089,0,0,1
17215,Agent Collision,32200.97,-3.472,1,0,0
17216,Obstacle Collision,32202.21,-1.278,0,1,0
17217,Success,32203.12,-0.028,0,0,1
17218,Success,32205.77,-0.939,0,0,1
17219,Obstacle Collision,32206.8,-1.075,0,1,0
17220,Success,32208.66,-0.05,0,0,1
17221,Success,32211.11,-0.111,0,0,1
17222,Obstacle Collision,32212.38,-1.283,0,1,0
17223,Success,32214.32,-0.067,0,0,1
17224,Success,32217.13,-5.228,0,0,1
17225,Obstacle Collision,32220.21,-1.211,0,1,0
17226,Success,32222.56,-0.083,0,0,1
17227,Success,32224.27,-0.072,0,0,1
17228,Obstacle Collision,32225.84,-1.311,0,1,0
17229,Success,32227.72,-0.061,0,0,1
17230,Success,32229.94,-0.106,0,0,1
17231,Success,32233.89,-4.422,0,0,1
17232,Success,32235.59,-0.056,0,0,1
17233,Obstacle Collision,32237.46,-1.294,0,1,0
17234,Success,32238.3,-0.033,0,0,1
17235,Success,32239.47,-0.056,0,0,1
17236,Obstacle Collision,32240.71,-0.967,0,1,0
17237,Obstacle Collision,32241.61,-6.25,0,1,0
17238,Success,32242.53,-0.033,0,0,1
17239,Obstacle Collision,32243.41,-1.258,0,1,0
17240,Success,32245.42,-0.056,0,0,1
17241,Obstacle Collision,32246.11,-1.267,0,1,0
17242,Success,32247.41,-0.033,0,0,1
17243,Success,32250.09,-0.1,0,0,1
17244,Success,32251.57,-0.05,0,0,1
17245,Obstacle Collision,32253.24,-0.994,0,1,0
17246,Success,32254.97,-0.061,0,0,1
17247,Success,32256.2,-0.05,0,0,1
17248,Obstacle Collision,32257.07,-1.272,0,1,0
17249,Obstacle Collision,32259.4,-1.361,0,1,0
17250,Success,32260.95,-0.067,0,0,1
17251,Success,32262.72,-0.056,0,0,1
17252,Success,32263.62,-0.028,0,0,1
17253,Success,32266.27,-0.972,0,0,1
17254,Success,32268.05,-0.917,0,0,1
17255,Success,32269.29,-0.039,0,0,1
17256,Success,32271.24,-0.072,0,0,1
17257,Success,32273.54,-0.094,0,0,1
17258,Obstacle Collision,32274.22,-1.289,0,1,0
17259,Obstacle Collision,32275.12,-1.272,0,1,0
17260,Success,32277.46,-0.083,0,0,1
17261,Obstacle Collision,32278.49,-1.278,0,1,0
17262,Obstacle Collision,32279.74,-1.311,0,1,0
17263,Obstacle Collision,32280.57,-1.081,0,1,0
17264,Success,32281.79,-0.056,0,0,1
17265,Obstacle Collision,32283.63,-0.936,0,1,0
17266,Success,32286.06,-0.133,0,0,1
17267,Success,32287.51,-0.056,0,0,1
17268,Obstacle Collision,32290.17,-1.778,0,1,0
17269,Obstacle Collision,32291.01,-1.272,0,1,0
17270,Success,32293.39,-0.1,0,0,1
17271,Success,32295.6,-0.089,0,0,1
17272,Success,32297.4,-0.061,0,0,1
17273,Success,32298.63,-0.039,0,0,1
17274,Obstacle Collision,32303.17,-1.556,0,1,0
17275,Success,32304.55,-0.039,0,0,1
17276,Obstacle Collision,32306.4,-3.072,0,1,0
17277,Success,32309.93,-0.161,0,0,1
17278,Success,32310.7,-0.028,0,0,1
17279,Obstacle Collision,32311.87,-1.283,0,1,0
17280,Success,32314.5,-0.072,0,0,1
17281,Success,32315.49,-0.033,0,0,1
17282,Success,32318.0,-0.939,0,0,1
17283,Obstacle Collision,32319.34,-1.283,0,1,0
17284,Success,32321.03,-0.911,0,0,1
17285,Success,32324.56,-0.117,0,0,1
17286,Obstacle Collision,32325.17,-1.225,0,1,0
17287,Obstacle Collision,32326.8,-1.226,0,1,0
17288,Success,32328.59,-0.072,0,0,1
17289,Success,32330.67,-6.933,0,0,1
17290,Agent Collision,32332.47,-1.778,1,0,0
17291,Success,32334.51,-0.067,0,0,1
17292,Obstacle Collision,32335.79,-1.311,0,1,0
17293,Obstacle Collision,32337.33,-1.289,0,1,0
17294,Obstacle Collision,32338.42,-1.25,0,1,0
17295,Obstacle Collision,32338.96,-1.187,0,1,0
17296,Obstacle Collision,32340.02,-1.289,0,1,0
17297,Success,32342.65,-0.106,0,0,1
17298,Obstacle Collision,32343.62,-1.283,0,1,0
17299,Obstacle Collision,32345.01,-1.045,0,1,0
17300,Success,32346.79,-0.056,0,0,1
17301,Success,32349.29,-0.083,0,0,1
17302,Success,32352.28,-0.128,0,0,1
17303,Success,32353.78,-0.078,0,0,1
17304,Success,32354.84,-0.039,0,0,1
17305,Obstacle Collision,32357.64,-1.8,0,1,0
17306,Success,32359.57,-0.111,0,0,1
17307,Success,32362.49,-3.517,0,0,1
17308,Success,32364.75,-0.089,0,0,1
17309,Success,32367.4,-0.083,0,0,1
17310,Agent Collision,32370.47,-2.778,1,0,0
17311,Success,32371.8,-0.061,0,0,1
17312,Obstacle Collision,32372.64,-1.733,0,1,0
17313,Success,32374.75,-0.072,0,0,1
17314,Success,32375.75,-0.039,0,0,1
17315,Success,32377.52,-0.061,0,0,1
17316,Obstacle Collision,32377.97,-2.117,0,1,0
17317,Success,32379.19,-0.033,0,0,1
17318,Success,32380.72,-0.05,0,0,1
17319,Obstacle Collision,32382.66,-1.311,0,1,0
17320,Obstacle Collision,32384.97,-1.304,0,1,0
17321,Success,32386.84,-0.061,0,0,1
17322,Obstacle Collision,32389.84,-2.217,0,1,0
17323,Obstacle Collision,32391.02,-1.283,0,1,0
17324,Success,32392.26,-0.044,0,0,1
17325,Obstacle Collision,32393.28,-2.133,0,1,0
17326,Success,32395.22,-0.067,0,0,1
17327,Success,32397.01,-0.067,0,0,1
17328,Success,32397.94,-0.033,0,0,1
17329,Success,32399.98,-0.078,0,0,1
17330,Success,32401.8,-0.089,0,0,1
17331,Success,32405.24,-0.133,0,0,1
17332,Obstacle Collision,32407.26,-1.196,0,1,0
17333,Success,32408.67,-0.039,0,0,1
17334,Agent Collision,32411.48,-2.667,1,0,0
17335,Success,32413.82,-2.644,0,0,1
17336,Obstacle Collision,32414.76,-1.278,0,1,0
17337,Obstacle Collision,32415.88,-1.25,0,1,0
17338,Obstacle Collision,32416.47,-1.225,0,1,0
17339,Success,32418.47,-0.156,0,0,1
17340,Success,32421.65,-10.265,0,0,1
17341,Obstacle Collision,32423.01,-1.08,0,1,0
17342,Obstacle Collision,32423.76,-1.272,0,1,0
17343,Obstacle Collision,32424.9,-1.045,0,1,0
17344,Obstacle Collision,32425.57,-1.267,0,1,0
17345,Success,32427.86,-0.072,0,0,1
17346,Obstacle Collision,32429.49,-1.275,0,1,0
17347,Success,32431.34,-0.939,0,0,1
17348,Success,32432.89,-0.05,0,0,1
17349,Obstacle Collision,32433.88,-1.003,0,1,0
17350,Success,32435.51,-0.056,0,0,1
17351,Obstacle Collision,32437.44,-1.322,0,1,0
17352,Success,32441.78,-1.033,0,0,1
17353,Success,32444.3,-2.672,0,0,1
17354,Obstacle Collision,32445.34,-1.237,0,1,0
17355,Success,32446.83,-0.044,0,0,1
17356,Success,32450.08,-0.117,0,0,1
17357,Success,32451.16,-0.05,0,0,1
17358,Success,32453.51,-0.072,0,0,1
17359,Success,32456.43,-0.944,0,0,1
17360,Success,32457.99,-0.05,0,0,1
17361,Success,32460.09,-0.072,0,0,1
17362,Success,32462.2,-0.083,0,0,1
17363,Success,32464.37,-0.078,0,0,1
17364,Success,32466.0,-0.078,0,0,1
17365,Success,32469.24,-0.956,0,0,1
17366,Success,32470.89,-0.072,0,0,1
17367,Success,32472.51,-0.078,0,0,1
17368,Success,32474.16,-0.061,0,0,1
17369,Obstacle Collision,32474.85,-1.267,0,1,0
17370,Success,32476.24,-0.044,0,0,1
17371,Success,32477.47,-0.044,0,0,1
17372,Obstacle Collision,32479.32,-1.055,0,1,0
17373,Obstacle Collision,32481.23,-1.35,0,1,0
17374,Obstacle Collision,32482.77,-1.322,0,1,0
17375,Obstacle Collision,32483.6,-1.189,0,1,0
17376,Obstacle Collision,32484.89,-1.206,0,1,0
17377,Success,32486.43,-0.061,0,0,1
17378,Success,32487.98,-0.072,0,0,1
17379,Obstacle Collision,32489.19,-1.283,0,1,0
17380,Success,32491.74,-0.083,0,0,1
17381,Success,32493.74,-1.794,0,0,1
17382,Obstacle Collision,32494.79,-1.24,0,1,0
17383,Obstacle Collision,32495.54,-1.272,0,1,0
17384,Obstacle Collision,32497.74,-1.311,0,1,0
17385,Success,32499.06,-0.05,0,0,1
17386,Success,32501.86,-0.1,0,0,1
17387,Agent Collision,32505.06,-3.533,1,0,0
17388,Obstacle Collision,32506.94,-1.328,0,1,0
17389,Success,32508.33,-0.067,0,0,1
17390,Success,32509.35,-0.044,0,0,1
17391,Success,32512.28,-0.939,0,0,1
17392,Timeout,32518.48,-0.6,0,0,0
17393,Obstacle Collision,32520.4,-1.322,0,1,0
17394,Success,32523.01,-0.078,0,0,1
17395,Success,32524.72,-0.083,0,0,1
17396,Obstacle Collision,32525.87,-1.289,0,1,0
17397,Success,32527.33,-0.044,0,0,1
17398,Success,32528.8,-1.767,0,0,1
17399,Success,32531.78,-0.089,0,0,1
17400,Success,32534.36,-0.111,0,0,1
17401,Success,32535.36,-3.467,0,0,1
17402,Obstacle Collision,32538.38,-1.356,0,1,0
17403,Success,32539.84,-0.056,0,0,1
17404,Success,32541.08,-0.044,0,0,1
17405,Obstacle Collision,32543.91,-1.333,0,1,0
17406,Success,32547.39,-2.689,0,0,1
17407,Success,32550.15,-0.078,0,0,1
17408,Obstacle Collision,32551.92,-1.306,0,1,0
17409,Obstacle Collision,32552.6,-1.267,0,1,0
17410,Success,32554.15,-0.056,0,0,1
17411,Success,32556.14,-0.1,0,0,1
17412,Success,32558.88,-0.078,0,0,1
17413,Success,32561.78,-0.078,0,0,1
17414,Success,32563.18,-0.05,0,0,1
17415,Obstacle Collision,32566.65,-1.833,0,1,0
17416,Success,32568.35,-0.061,0,0,1
17417,Obstacle Collision,32568.79,-1.261,0,1,0
17418,Success,32570.51,-0.078,0,0,1
17419,Success,32572.38,-0.056,0,0,1
17420,Timeout,32579.44,-0.6,0,0,0
17421,Success,32582.1,-0.089,0,0,1
17422,Obstacle Collision,32583.78,-0.969,0,1,0
17423,Obstacle Collision,32584.62,-1.269,0,1,0
17424,Obstacle Collision,32585.53,-1.272,0,1,0
17425,Success,32587.0,-0.061,0,0,1
17426,Obstacle Collision,32589.12,-1.333,0,1,0
17427,Success,32591.94,-0.128,0,0,1
17428,Success,32592.92,-0.033,0,0,1
17429,Success,32595.37,-0.089,0,0,1
17430,Success,32598.02,-0.067,0,0,1
17431,Success,32599.74,-0.056,0,0,1
17432,Success,32601.89,-0.061,0,0,1
17433,Obstacle Collision,32603.48,-1.306,0,1,0
17434,Obstacle Collision,32603.89,-1.261,0,1,0
17435,Success,32605.22,-0.061,0,0,1
17436,Success,32609.64,-0.122,0,0,1
17437,Success,32611.12,-0.056,0,0,1
17438,Obstacle Collision,32611.57,-1.261,0,1,0
17439,Success,32613.83,-0.072,0,0,1
17440,Obstacle Collision,32616.35,-1.45,0,1,0
17441,Success,32619.18,-0.089,0,0,1
17442,Obstacle Collision,32623.08,-1.454,0,1,0
17443,Obstacle Collision,32624.02,-1.942,0,1,0
17444,Success,32625.5,-0.044,0,0,1
17445,Success,32627.56,-0.111,0,0,1
17446,Success,32629.83,-0.928,0,0,1
17447,Success,32631.75,-0.083,0,0,1
17448,Success,32633.31,-0.044,0,0,1
17449,Success,32635.56,-0.061,0,0,1
17450,Success,32637.99,-0.089,0,0,1
17451,Success,32639.94,-0.911,0,0,1
17452,Agent Collision,32642.4,-1.789,1,0,0
17453,Success,32643.48,-0.039,0,0,1
17454,Success,32646.35,-0.083,0,0,1
17455,Obstacle Collision,32646.79,-1.261,0,1,0
17456,Obstacle Collision,32649.06,-2.766,0,1,0
17457,Obstacle Collision,32650.61,-1.258,0,1,0
17458,Obstacle Collision,32655.41,-1.567,0,1,0
17459,Success,32658.17,-0.928,0,0,1
17460,Obstacle Collision,32659.7,-1.294,0,1,0
17461,Obstacle Collision,32660.97,-1.9,0,1,0
17462,Success,32664.48,-3.489,0,0,1
17463,Obstacle Collision,32666.29,-1.306,0,1,0
17464,Obstacle Collision,32668.39,-5.631,0,1,0
17465,Obstacle Collision,32670.68,-1.311,0,1,0
17466,Obstacle Collision,32672.29,-1.05,0,1,0
17467,Success,32674.43,-0.1,0,0,1
17468,Obstacle Collision,32675.41,-1.117,0,1,0
17469,Obstacle Collision,32676.63,-1.117,0,1,0
17470,Success,32680.0,-0.094,0,0,1
17471,Success,32683.09,-0.106,0,0,1
17472,Obstacle Collision,32684.17,-1.117,0,1,0
17473,Obstacle Collision,32685.49,-1.283,0,1,0
17474,Success,32689.31,-1.017,0,0,1
17475,Success,32691.51,-0.083,0,0,1
17476,Obstacle Collision,32693.88,-1.328,0,1,0
17477,Success,32696.39,-0.117,0,0,1
17478,Obstacle Collision,32700.27,-3.064,0,1,0
17479,Success,32701.64,-0.05,0,0,1
17480,Obstacle Collision,32703.39,-1.294,0,1,0
17481,Obstacle Collision,32704.29,-1.278,0,1,0
17482,Obstacle Collision,32705.97,-1.133,0,1,0
17483,Success,32708.36,-0.106,0,0,1
17484,Success,32709.77,-0.061,0,0,1
17485,Success,32710.92,-0.039,0,0,1
17486,Success,32712.49,-0.078,0,0,1
17487,Obstacle Collision,32713.89,-1.283,0,1,0
17488,Success,32715.93,-0.133,0,0,1
17489,Success,32718.3,-0.078,0,0,1
17490,Success,32719.75,-0.061,0,0,1
17491,Success,32721.38,-0.05,0,0,1
17492,Success,32723.68,-0.078,0,0,1
17493,Obstacle Collision,32725.65,-1.828,0,1,0
17494,Success,32728.06,-0.1,0,0,1
17495,Success,32728.88,-0.028,0,0,1
17496,Success,32730.67,-0.1,0,0,1
17497,Obstacle Collision,32731.91,-1.086,0,1,0
17498,Success,32733.62,-0.056,0,0,1
17499,Obstacle Collision,32735.96,-3.71,0,1,0
17500,Success,32738.38,-0.122,0,0,1
17501,Success,32741.76,-0.178,0,0,1
17502,Success,32743.84,-0.056,0,0,1
17503,Obstacle Collision,32745.62,-1.339,0,1,0
17504,Success,32747.49,-0.917,0,0,1
17505,Success,32749.22,-0.1,0,0,1
17506,Success,32750.14,-0.033,0,0,1
17507,Success,32752.28,-0.1,0,0,1
17508,Success,32754.76,-0.111,0,0,1
17509,Success,32756.39,-0.061,0,0,1
17510,Obstacle Collision,32757.72,-1.283,0,1,0
17511,Obstacle Collision,32758.89,-0.973,0,1,0
17512,Obstacle Collision,32760.34,-1.206,0,1,0
17513,Success,32762.83,-1.8,0,0,1
17514,Success,32764.45,-0.061,0,0,1
17515,Success,32766.62,-0.072,0,0,1
17516,Obstacle Collision,32770.58,-1.406,0,1,0
17517,Obstacle Collision,32771.77,-1.283,0,1,0
17518,Success,32773.62,-3.478,0,0,1
17519,Success,32776.13,-0.078,0,0,1
17520,Success,32778.54,-0.933,0,0,1
17521,Obstacle Collision,32779.28,-2.044,0,1,0
17522,Success,32780.75,-0.044,0,0,1
17523,Obstacle Collision,32781.95,-1.12,0,1,0
17524,Obstacle Collision,32782.68,-1.151,0,1,0
17525,Obstacle Collision,32783.95,-1.281,0,1,0
17526,Obstacle Collision,32787.28,-1.361,0,1,0
17527,Success,32790.11,-0.128,0,0,1
17528,Success,32792.36,-0.094,0,0,1
17529,Obstacle Collision,32793.53,-1.085,0,1,0
17530,Obstacle Collision,32796.03,-2.644,0,1,0
17531,Obstacle Collision,32796.71,-1.267,0,1,0
17532,Success,32798.97,-0.089,0,0,1
17533,Success,32800.83,-0.061,0,0,1
17534,Success,32802.68,-0.083,0,0,1
17535,Success,32804.46,-0.061,0,0,1
17536,Obstacle Collision,32806.04,-1.269,0,1,0
17537,Success,32807.12,-0.033,0,0,1
17538,Success,32808.91,-0.056,0,0,1
17539,Obstacle Collision,32810.67,-1.025,0,1,0
17540,Success,32812.69,-1.789,0,0,1
17541,Success,32814.61,-0.061,0,0,1
17542,Obstacle Collision,32816.39,-1.4,0,1,0
17543,Success,32817.47,-0.889,0,0,1
17544,Success,32818.69,-0.039,0,0,1
17545,Success,32821.87,-1.8,0,0,1
17546,Timeout,32829.55,-0.6,0,0,0
17547,Success,32831.03,-0.072,0,0,1
17548,Success,32833.14,-0.072,0,0,1
17549,Success,32835.71,-0.1,0,0,1
17550,Success,32838.08,-0.083,0,0,1
17551,Success,32841.02,-0.183,0,0,1
17552,Success,32842.54,-0.039,0,0,1
17553,Obstacle Collision,32844.12,-1.199,0,1,0
17554,Obstacle Collision,32846.13,-1.306,0,1,0
17555,Obstacle Collision,32847.45,-1.289,0,1,0
17556,Success,32849.54,-0.1,0,0,1
17557,Success,32851.73,-0.911,0,0,1
17558,Success,32853.5,-0.05,0,0,1
17559,Success,32855.59,-0.078,0,0,1
17560,Obstacle Collision,32859.21,-1.461,0,1,0
17561,Success,32861.87,-0.1,0,0,1
17562,Success,32864.53,-0.083,0,0,1
17563,Success,32866.97,-0.094,0,0,1
17564,Obstacle Collision,32868.21,-1.289,0,1,0
17565,Obstacle Collision,32870.67,-3.022,0,1,0
17566,Success,32874.09,-0.094,0,0,1
17567,Obstacle Collision,32875.98,-1.361,0,1,0
17568,Success,32878.35,-0.111,0,0,1
17569,Success,32880.3,-0.061,0,0,1
17570,Success,32882.41,-0.083,0,0,1
17571,Obstacle Collision,32883.04,-1.267,0,1,0
17572,Success,32884.12,-0.044,0,0,1
17573,Success,32886.14,-0.067,0,0,1
17574,Obstacle Collision,32887.49,-1.289,0,1,0
17575,Success,32888.91,-0.067,0,0,1
17576,Success,32890.76,-0.05,0,0,1
17577,Success,32891.68,-0.039,0,0,1
17578,Success,32893.07,-0.044,0,0,1
17579,Success,32896.53,-0.094,0,0,1
17580,Success,32899.29,-2.644,0,0,1
17581,Success,32901.16,-0.078,0,0,1
17582,Obstacle Collision,32901.6,-2.972,0,1,0
17583,Obstacle Collision,32902.23,-1.267,0,1,0
17584,Obstacle Collision,32903.89,-1.128,0,1,0
17585,Agent Collision,32905.74,-2.633,1,0,0
17586,Agent Collision,32907.21,-3.478,1,0,0
17587,Success,32908.91,-0.044,0,0,1
17588,Obstacle Collision,32910.83,-1.103,0,1,0
17589,Agent Collision,32912.95,-2.644,1,0,0
17590,Obstacle Collision,32915.04,-0.9,0,1,0
17591,Success,32915.88,-0.022,0,0,1
17592,Success,32917.66,-0.061,0,0,1
17593,Timeout,32923.62,-0.6,0,0,0
17594,Success,32925.11,-0.061,0,0,1
17595,Success,32927.55,-0.128,0,0,1
17596,Success,32929.75,-0.078,0,0,1
17597,Success,32932.0,-0.061,0,0,1
17598,Obstacle Collision,32932.96,-1.128,0,1,0
17599,Obstacle Collision,32936.67,-1.45,0,1,0
17600,Obstacle Collision,32938.34,-2.167,0,1,0
17601,Obstacle Collision,32939.71,-1.081,0,1,0
17602,Obstacle Collision,32942.02,-1.322,0,1,0
17603,Success,32944.52,-0.072,0,0,1
17604,Success,32947.39,-0.089,0,0,1
17605,Success,32950.02,-0.089,0,0,1
17606,Success,32951.18,-0.039,0,0,1
17607,Success,32952.41,-0.044,0,0,1
17608,Obstacle Collision,32953.52,-1.278,0,1,0
17609,Success,32955.08,-0.078,0,0,1
17610,Obstacle Collision,32956.28,-1.082,0,1,0
17611,Obstacle Collision,32958.43,-1.229,0,1,0
17612,Obstacle Collision,32959.29,-1.196,0,1,0
17613,Obstacle Collision,32959.99,-1.15,0,1,0
17614,Success,32961.4,-0.061,0,0,1
17615,Obstacle Collision,32966.37,-1.633,0,1,0
17616,Success,32967.71,-0.05,0,0,1
17617,Success,32970.1,-0.111,0,0,1
17618,Obstacle Collision,32970.94,-1.272,0,1,0
17619,Obstacle Collision,32972.88,-1.311,0,1,0
17620,Obstacle Collision,32973.57,-1.267,0,1,0
17621,Obstacle Collision,32974.51,-1.039,0,1,0
17622,Agent Collision,32975.82,-2.606,1,0,0
17623,Success,32976.82,-0.033,0,0,1
17624,Obstacle Collision,32978.19,-0.75,0,1,0
17625,Success,32980.76,-0.172,0,0,1
17626,Obstacle Collision,32982.19,-1.289,0,1,0
17627,Obstacle Collision,32983.11,-1.272,0,1,0
17628,Obstacle Collision,32986.82,-1.456,0,1,0
17629,Success,32989.35,-0.1,0,0,1
17630,Success,32990.43,-0.039,0,0,1
17631,Obstacle Collision,32991.28,-1.272,0,1,0
17632,Obstacle Collision,32993.13,-1.294,0,1,0
17633,Success,32994.76,-0.05,0,0,1
17634,Success,32995.99,-0.056,0,0,1
17635,Success,32997.23,-0.056,0,0,1
17636,Success,32999.24,-0.117,0,0,1
17637,Obstacle Collision,33001.8,-1.433,0,1,0
17638,Success,33003.85,-0.1,0,0,1
17639,Success,33006.82,-0.089,0,0,1
17640,Success,33008.29,-0.072,0,0,1
17641,Success,33009.91,-0.056,0,0,1
17642,Success,33012.45,-0.939,0,0,1
17643,Success,33015.76,-1.806,0,0,1
17644,Success,33017.77,-0.917,0,0,1
17645,Obstacle Collision,33024.18,-1.644,0,1,0
17646,Success,33027.33,-0.089,0,0,1
17647,Success,33028.93,-0.067,0,0,1
17648,Success,33030.48,-0.05,0,0,1
17649,Obstacle Collision,33031.37,-2.086,0,1,0
17650,Success,33032.99,-0.05,0,0,1
17651,Success,33034.22,-0.044,0,0,1
17652,Obstacle Collision,33035.62,-1.283,0,1,0
17653,Success,33037.66,-0.933,0,0,1
17654,Success,33039.69,-0.117,0,0,1
17655,Success,33041.63,-0.061,0,0,1
17656,Success,33043.87,-0.056,0,0,1
17657,Success,33046.75,-0.1,0,0,1
17658,Success,33047.9,-0.039,0,0,1
17659,Success,33050.02,-0.106,0,0,1
17660,Success,33052.72,-0.144,0,0,1
17661,Success,33053.91,-0.039,0,0,1
17662,Obstacle Collision,33055.21,-1.283,0,1,0
17663,Success,33057.8,-0.094,0,0,1
17664,Obstacle Collision,33059.24,-1.194,0,1,0
17665,Success,33061.19,-0.911,0,0,1
17666,Obstacle Collision,33062.73,-1.289,0,1,0
17667,Success,33064.68,-0.089,0,0,1
17668,Obstacle Collision,33065.31,-1.267,0,1,0
17669,Obstacle Collision,33067.28,-1.175,0,1,0
17670,Obstacle Collision,33068.37,-1.278,0,1,0
17671,Success,33070.24,-0.094,0,0,1
17672,Success,33072.58,-1.778,0,0,1
17673,Success,33075.64,-0.172,0,0,1
17674,Success,33078.98,-0.95,0,0,1
17675,Obstacle Collision,33079.41,-1.261,0,1,0
17676,Success,33081.12,-0.056,0,0,1
17677,Success,33082.27,-1.75,0,0,1
17678,Success,33083.68,-0.05,0,0,1
17679,Success,33085.65,-0.128,0,0,1
17680,Success,33088.0,-0.089,0,0,1
17681,Success,33089.16,-0.039,0,0,1
17682,Success,33090.55,-0.056,0,0,1
17683,Success,33092.03,-0.072,0,0,1
17684,Success,33095.28,-0.217,0,0,1
17685,Success,33099.92,-0.267,0,0,1
17686,Success,33101.9,-2.661,0,0,1
17687,Obstacle Collision,33103.2,-1.007,0,1,0
17688,Success,33104.99,-0.1,0,0,1
17689,Success,33106.63,-0.061,0,0,1
17690,Obstacle Collision,33109.54,-1.433,0,1,0
17691,Obstacle Collision,33111.52,-1.322,0,1,0
17692,Success,33114.17,-0.083,0,0,1
17693,Success,33115.69,-0.039,0,0,1
17694,Obstacle Collision,33117.6,-1.178,0,1,0
17695,Success,33118.83,-0.044,0,0,1
17696,Success,33121.86,-0.972,0,0,1
17697,Success,33123.1,-0.044,0,0,1
17698,Success,33125.67,-0.094,0,0,1
17699,Success,33127.3,-0.072,0,0,1
17700,Success,33129.98,-0.106,0,0,1
17701,Obstacle Collision,33131.08,-1.278,0,1,0
17702,Success,33133.76,-0.172,0,0,1
17703,Obstacle Collision,33134.89,-1.044,0,1,0
17704,Success,33136.27,-0.056,0,0,1
17705,Obstacle Collision,33138.04,-0.967,0,1,0
17706,Success,33141.41,-0.117,0,0,1
17707,Success,33143.91,-1.789,0,0,1
17708,Success,33146.28,-0.089,0,0,1
17709,Obstacle Collision,33148.57,-1.149,0,1,0
17710,Obstacle Collision,33150.01,-1.044,0,1,0
17711,Success,33152.11,-0.094,0,0,1
17712,Success,33153.42,-2.617,0,0,1
17713,Obstacle Collision,33154.1,-1.289,0,1,0
17714,Obstacle Collision,33155.42,-1.281,0,1,0
17715,Success,33158.33,-0.122,0,0,1
17716,Success,33159.8,-0.067,0,0,1
17717,Success,33162.35,-0.928,0,0,1
17718,Success,33164.51,-0.094,0,0,1
17719,Success,33166.98,-0.083,0,0,1
17720,Success,33171.54,-0.189,0,0,1
17721,Success,33173.72,-0.094,0,0,1
17722,Success,33175.53,-0.078,0,0,1
17723,Success,33178.02,-0.089,0,0,1
17724,Success,33179.48,-0.05,0,0,1
17725,Obstacle Collision,33180.35,-1.153,0,1,0
17726,Success,33181.97,-0.05,0,0,1
17727,Success,33183.54,-0.083,0,0,1
17728,Obstacle Collision,33183.98,-1.261,0,1,0
17729,Obstacle Collision,33184.65,-1.267,0,1,0
17730,Obstacle Collision,33186.65,-1.306,0,1,0
17731,Success,33187.57,-0.028,0,0,1
17732,Success,33189.45,-0.067,0,0,1
17733,Obstacle Collision,33191.0,-1.189,0,1,0
17734,Success,33191.93,-0.033,0,0,1
17735,Obstacle Collision,33192.84,-2.989,0,1,0
17736,Obstacle Collision,33196.24,-1.439,0,1,0
17737,Success,33198.44,-0.083,0,0,1
17738,Obstacle Collision,33200.19,-1.333,0,1,0
17739,Success,33201.57,-0.039,0,0,1
17740,Obstacle Collision,33202.44,-1.272,0,1,0
17741,Obstacle Collision,33203.44,-1.075,0,1,0
17742,Success,33207.29,-0.122,0,0,1
17743,Success,33208.2,-0.033,0,0,1
17744,Success,33210.61,-0.078,0,0,1
17745,Obstacle Collision,33212.02,-0.858,0,1,0
17746,Success,33213.89,-0.072,0,0,1
17747,Success,33216.39,-0.072,0,0,1
17748,Success,33219.54,-0.1,0,0,1
17749,Obstacle Collision,33220.7,-1.278,0,1,0
17750,Success,33222.05,-0.061,0,0,1
17751,Success,33224.88,-0.083,0,0,1
17752,Obstacle Collision,33226.33,-0.974,0,1,0
17753,Success,33229.09,-0.133,0,0,1
17754,Success,33230.4,-0.906,0,0,1
17755,Obstacle Collision,33231.68,-1.294,0,1,0
17756,Success,33234.51,-1.006,0,0,1
17757,Success,33237.73,-0.139,0,0,1
17758,Success,33240.02,-0.072,0,0,1
17759,Success,33241.56,-0.061,0,0,1
17760,Obstacle Collision,33242.43,-3.006,0,1,0
17761,Success,33244.77,-0.078,0,0,1
17762,Obstacle Collision,33246.37,-0.978,0,1,0
17763,Success,33249.36,-0.933,0,0,1
17764,Success,33251.86,-2.639,0,0,1
17765,Obstacle Collision,33253.89,-1.3,0,1,0
17766,Success,33255.92,-0.072,0,0,1
17767,Success,33258.14,-0.933,0,0,1
17768,Success,33260.55,-0.078,0,0,1
17769,Agent Collision,33261.58,-5.167,1,0,0
17770,Obstacle Collision,33262.54,-1.205,0,1,0
17771,Success,33263.77,-0.05,0,0,1
17772,Success,33266.47,-0.167,0,0,1
17773,Obstacle Collision,33268.76,-1.174,0,1,0
17774,Obstacle Collision,33270.14,-1.026,0,1,0
17775,Obstacle Collision,33271.43,-1.761,0,1,0
17776,Success,33272.9,-0.056,0,0,1
17777,Obstacle Collision,33274.18,-1.283,0,1,0
17778,Obstacle Collision,33281.32,-1.833,0,1,0
17779,Obstacle Collision,33282.37,-1.278,0,1,0
17780,Obstacle Collision,33283.04,-1.267,0,1,0
17781,Obstacle Collision,33284.01,-1.115,0,1,0
17782,Obstacle Collision,33286.25,-1.02,0,1,0
17783,Timeout,33293.27,-0.6,0,0,0
17784,Obstacle Collision,33294.49,-1.283,0,1,0
17785,Obstacle Collision,33297.87,-1.5,0,1,0
17786,Success,33301.92,-0.2,0,0,1
17787,Success,33303.24,-0.05,0,0,1
17788,Success,33303.91,-0.022,0,0,1
17789,Obstacle Collision,33305.38,-1.289,0,1,0
17790,Obstacle Collision,33306.78,-1.3,0,1,0
17791,Obstacle Collision,33307.9,-1.278,0,1,0
17792,Success,33310.71,-0.967,0,0,1
17793,Success,33311.54,-0.022,0,0,1
17794,Success,33314.13,-0.106,0,0,1
17795,Success,33315.44,-0.056,0,0,1
17796,Success,33317.36,-0.078,0,0,1
17797,Success,33319.87,-0.089,0,0,1
17798,Obstacle Collision,33321.47,-1.18,0,1,0
17799,Success,33323.44,-0.072,0,0,1
17800,Success,33324.7,-0.044,0,0,1
17801,Obstacle Collision,33325.5,-1.272,0,1,0
17802,Success,33327.14,-0.05,0,0,1
17803,Success,33328.79,-3.478,0,0,1
17804,Obstacle Collision,33332.78,-1.556,0,1,0
17805,Success,33334.14,-0.061,0,0,1
17806,Success,33335.8,-0.056,0,0,1
17807,Obstacle Collision,33341.64,-1.728,0,1,0
17808,Agent Collision,33344.55,-2.65,1,0,0
17809,Obstacle Collision,33349.59,-2.4,0,1,0
17810,Success,33351.98,-0.128,0,0,1
17811,Success,33354.88,-0.189,0,0,1
17812,Success,33358.14,-0.083,0,0,1
17813,Obstacle Collision,33359.71,-1.217,0,1,0
17814,Obstacle Collision,33360.9,-1.283,0,1,0
17815,Obstacle Collision,33362.51,-1.3,0,1,0
17816,Success,33366.99,-9.32,0,0,1
17817,Obstacle Collision,33369.48,-1.317,0,1,0
17818,Obstacle Collision,33369.91,-1.261,0,1,0
17819,Success,33370.43,-0.017,0,0,1
17820,Obstacle Collision,33375.64,-1.444,0,1,0
17821,Obstacle Collision,33376.85,-1.283,0,1,0
17822,Success,33379.36,-1.806,0,0,1
17823,Obstacle Collision,33380.89,-1.761,0,1,0
17824,Success,33382.15,-0.061,0,0,1
17825,Obstacle Collision,33384.08,-1.3,0,1,0
17826,Success,33387.43,-0.956,0,0,1
17827,Success,33388.92,-0.05,0,0,1
17828,Obstacle Collision,33391.25,-1.322,0,1,0
17829,Success,33393.19,-0.056,0,0,1
17830,Success,33394.1,-0.028,0,0,1
17831,Obstacle Collision,33394.54,-1.261,0,1,0
17832,Success,33395.7,-0.05,0,0,1
17833,Success,33396.92,-0.039,0,0,1
17834,Obstacle Collision,33397.6,-1.267,0,1,0
17835,Success,33400.2,-0.111,0,0,1
17836,Success,33402.86,-0.106,0,0,1
17837,Obstacle Collision,33404.44,-1.044,0,1,0
17838,Obstacle Collision,33407.67,-1.511,0,1,0
17839,Success,33409.55,-0.061,0,0,1
17840,Obstacle Collision,33410.47,-1.117,0,1,0
17841,Success,33411.69,-0.889,0,0,1
17842,Obstacle Collision,33412.12,-1.261,0,1,0
17843,Obstacle Collision,33413.47,-2.139,0,1,0
17844,Success,33415.61,-0.061,0,0,1
17845,Success,33419.86,-0.144,0,0,1
17846,Agent Collision,33422.06,-1.772,1,0,0
17847,Obstacle Collision,33423.14,-1.278,0,1,0
17848,Success,33425.37,-0.928,0,0,1
17849,Success,33426.85,-0.05,0,0,1
17850,Success,33430.03,-0.1,0,0,1
17851,Success,33433.03,-3.522,0,0,1
17852,Obstacle Collision,33433.95,-2.983,0,1,0
17853,Success,33436.94,-0.117,0,0,1
17854,Success,33437.95,-0.033,0,0,1
17855,Obstacle Collision,33440.69,-1.317,0,1,0
17856,Success,33442.89,-0.061,0,0,1
17857,Success,33444.39,-0.056,0,0,1
17858,Obstacle Collision,33445.47,-1.194,0,1,0
17859,Success,33446.99,-0.05,0,0,1
17860,Timeout,33453.58,-0.6,0,0,0
17861,Success,33455.13,-0.05,0,0,1
17862,Success,33456.6,-0.072,0,0,1
17863,Success,33459.5,-0.083,0,0,1
17864,Success,33461.22,-0.05,0,0,1
17865,Obstacle Collision,33461.92,-1.12,0,1,0
17866,Success,33463.78,-0.067,0,0,1
17867,Success,33466.63,-4.367,0,0,1
17868,Obstacle Collision,33467.06,-1.261,0,1,0
17869,Success,33469.09,-0.067,0,0,1
17870,Obstacle Collision,33471.09,-1.328,0,1,0
17871,Obstacle Collision,33471.73,-1.267,0,1,0
17872,Success,33473.93,-0.089,0,0,1
17873,Success,33476.3,-0.094,0,0,1
17874,Success,33478.05,-0.067,0,0,1
17875,Obstacle Collision,33479.45,-1.283,0,1,0
17876,Success,33480.68,-0.039,0,0,1
17877,Obstacle Collision,33482.06,-1.289,0,1,0
17878,Success,33484.38,-0.067,0,0,1
17879,Success,33486.0,-0.061,0,0,1
17880,Success,33487.15,-0.044,0,0,1
17881,Success,33489.64,-0.094,0,0,1
17882,Obstacle Collision,33490.54,-1.244,0,1,0
17883,Obstacle Collision,33490.98,-1.261,0,1,0
17884,Success,33492.29,-0.039,0,0,1
17885,Success,33493.87,-0.117,0,0,1
17886,Obstacle Collision,33496.27,-1.333,0,1,0
17887,Success,33498.41,-0.067,0,0,1
17888,Success,33499.4,-0.039,0,0,1
17889,Success,33501.09,-0.05,0,0,1
17890,Obstacle Collision,33502.47,-1.048,0,1,0
17891,Agent Collision,33503.76,-1.744,1,0,0
17892,Success,33505.17,-0.061,0,0,1
17893,Success,33506.56,-0.044,0,0,1
17894,Success,33508.44,-0.083,0,0,1
17895,Obstacle Collision,33510.48,-1.311,0,1,0
17896,Success,33512.33,-0.061,0,0,1
17897,Success,33514.92,-0.933,0,0,1
17898,Success,33516.79,-0.067,0,0,1
17899,Obstacle Collision,33517.91,-1.201,0,1,0
17900,Obstacle Collision,33519.78,-0.979,0,1,0
17901,Obstacle Collision,33520.82,-0.95,0,1,0
17902,Success,33522.81,-0.083,0,0,1
17903,Success,33523.67,-0.039,0,0,1
17904,Success,33525.88,-0.933,0,0,1
17905,Success,33527.84,-0.089,0,0,1
17906,Success,33530.51,-3.511,0,0,1
17907,Obstacle Collision,33531.76,-2.994,0,1,0
17908,Obstacle Collision,33532.19,-1.261,0,1,0
17909,Success,33533.72,-0.056,0,0,1
17910,Obstacle Collision,33534.82,-1.283,0,1,0
17911,Success,33536.67,-0.072,0,0,1
17912,Success,33538.53,-0.1,0,0,1
17913,Success,33541.21,-0.089,0,0,1
17914,Obstacle Collision,33543.33,-1.328,0,1,0
17915,Obstacle Collision,33545.86,-2.2,0,1,0
17916,Obstacle Collision,33547.45,-1.196,0,1,0
17917,Success,33549.24,-0.056,0,0,1
17918,Obstacle Collision,33550.13,-1.272,0,1,0
17919,Success,33552.17,-0.056,0,0,1
17920,Obstacle Collision,33553.48,-1.289,0,1,0
17921,Obstacle Collision,33554.14,-1.267,0,1,0
17922,Obstacle Collision,33556.53,-1.4,0,1,0
17923,Success,33558.0,-0.061,0,0,1
17924,Success,33560.19,-0.094,0,0,1
17925,Success,33561.55,-0.039,0,0,1
17926,Success,33564.39,-0.956,0,0,1
17927,Success,33565.92,-0.05,0,0,1
17928,Obstacle Collision,33567.19,-1.283,0,1,0
17929,Success,33568.64,-0.067,0,0,1
17930,Obstacle Collision,33570.12,-0.931,0,1,0
17931,Success,33572.28,-0.067,0,0,1
17932,Success,33573.03,-0.028,0,0,1
17933,Success,33575.82,-0.083,0,0,1
17934,Obstacle Collision,33576.6,-1.194,0,1,0
17935,Success,33577.35,-0.028,0,0,1
17936,Success,33579.85,-0.094,0,0,1
17937,Obstacle Collision,33582.11,-1.422,0,1,0
17938,Obstacle Collision,33583.15,-1.229,0,1,0
17939,Obstacle Collision,33585.59,-3.797,0,1,0
17940,Obstacle Collision,33588.81,-1.411,0,1,0
17941,Success,33590.3,-0.056,0,0,1
17942,Success,33592.86,-0.078,0,0,1
17943,Success,33594.16,-0.056,0,0,1
17944,Success,33596.87,-0.117,0,0,1
17945,Success,33598.42,-0.906,0,0,1
17946,Success,33599.89,-0.056,0,0,1
17947,Success,33603.2,-4.378,0,0,1
17948,Success,33604.83,-0.067,0,0,1
17949,Success,33605.59,-0.022,0,0,1
17950,Success,33607.69,-0.067,0,0,1
17951,Success,33608.84,-0.039,0,0,1
17952,Obstacle Collision,33609.92,-1.278,0,1,0
17953,Success,33611.56,-0.056,0,0,1
17954,Obstacle Collision,33613.02,-1.259,0,1,0
17955,Obstacle Collision,33613.43,-1.261,0,1,0
17956,Obstacle Collision,33613.81,-1.261,0,1,0
17957,Obstacle Collision,33615.52,-1.3,0,1,0
17958,Success,33618.19,-0.111,0,0,1
17959,Success,33620.46,-0.089,0,0,1
17960,Success,33622.57,-0.072,0,0,1
17961,Obstacle Collision,33623.7,-1.247,0,1,0
17962,Obstacle Collision,33624.66,-1.229,0,1,0
17963,Success,33627.1,-0.106,0,0,1
17964,Success,33629.9,-0.106,0,0,1
17965,Success,33630.88,-0.05,0,0,1
17966,Obstacle Collision,33633.76,-1.456,0,1,0
17967,Success,33636.0,-0.061,0,0,1
17968,Obstacle Collision,33638.59,-1.328,0,1,0
17969,Success,33639.83,-0.044,0,0,1
17970,Obstacle Collision,33640.91,-1.278,0,1,0
17971,Obstacle Collision,33642.11,-1.206,0,1,0
17972,Success,33644.7,-0.094,0,0,1
17973,Obstacle Collision,33645.66,-1.278,0,1,0
17974,Obstacle Collision,33648.4,-1.328,0,1,0
17975,Obstacle Collision,33650.23,-2.15,0,1,0
17976,Obstacle Collision,33651.77,-1.306,0,1,0
17977,Success,33652.85,-0.039,0,0,1
17978,Success,33653.61,-0.028,0,0,1
17979,Success,33656.09,-3.489,0,0,1
17980,Success,33658.18,-0.094,0,0,1
17981,Success,33659.9,-0.061,0,0,1
17982,Obstacle Collision,33661.09,-0.87,0,1,0
17983,Success,33664.2,-0.094,0,0,1
17984,Obstacle Collision,33666.21,-4.739,0,1,0
17985,Obstacle Collision,33667.1,-1.278,0,1,0
17986,Success,33669.28,-0.117,0,0,1
17987,Obstacle Collision,33669.95,-1.267,0,1,0
17988,Obstacle Collision,33670.62,-1.267,0,1,0
17989,Success,33673.24,-0.067,0,0,1
17990,Success,33677.06,-0.133,0,0,1
17991,Obstacle Collision,33678.2,-1.283,0,1,0
17992,Success,33680.95,-1.794,0,0,1
17993,Obstacle Collision,33681.63,-1.267,0,1,0
17994,Success,33683.73,-0.922,0,0,1
17995,Success,33686.32,-1.811,0,0,1
17996,Success,33688.33,-0.056,0,0,1
17997,Obstacle Collision,33690.44,-1.301,0,1,0
17998,Success,33691.91,-0.061,0,0,1
17999,Success,33693.38,-0.05,0,0,1
18000,Obstacle Collision,33693.82,-1.283,0,1,0
18001,Obstacle Collision,33696.95,-1.456,0,1,0
18002,Success,33698.5,-0.05,0,0,1
18003,Success,33700.41,-0.056,0,0,1
18004,Obstacle Collision,33702.77,-1.367,0,1,0
18005,Success,33704.55,-0.061,0,0,1
18006,Obstacle Collision,33710.56,-1.739,0,1,0
18007,Success,33713.39,-0.1,0,0,1
18008,Success,33717.29,-0.156,0,0,1
18009,Success,33718.52,-0.061,0,0,1
18010,Success,33720.41,-0.089,0,0,1
18011,Obstacle Collision,33722.32,-1.306,0,1,0
18012,Success,33723.86,-1.778,0,0,1
18013,Success,33726.71,-0.089,0,0,1
18014,Success,33728.61,-0.928,0,0,1
18015,Obstacle Collision,33729.66,-2.133,0,1,0
18016,Success,33732.33,-0.183,0,0,1
18017,Success,33735.32,-0.083,0,0,1
18018,Success,33736.06,-0.028,0,0,1
18019,Obstacle Collision,33738.67,-1.04,0,1,0
18020,Success,33741.04,-0.106,0,0,1
18021,Success,33742.7,-0.95,0,0,1
18022,Success,33746.12,-1.828,0,0,1
18023,Success,33748.58,-0.072,0,0,1
18024,Obstacle Collision,33750.17,-1.17,0,1,0
18025,Success,33751.09,-0.039,0,0,1
18026,Success,33752.31,-0.044,0,0,1
18027,Obstacle Collision,33753.42,-1.211,0,1,0
18028,Success,33754.17,-0.022,0,0,1
18029,Obstacle Collision,33755.94,-3.467,0,1,0
18030,Success,33757.58,-0.067,0,0,1
18031,Success,33759.73,-0.078,0,0,1
18032,Obstacle Collision,33760.44,-1.272,0,1,0
18033,Obstacle Collision,33762.66,-1.306,0,1,0
18034,Success,33763.89,-0.039,0,0,1
18035,Success,33765.38,-0.05,0,0,1
18036,Success,33767.72,-0.078,0,0,1
18037,Success,33771.0,-0.1,0,0,1
18038,Obstacle Collision,33771.63,-2.583,0,1,0
18039,Success,33773.9,-0.072,0,0,1
18040,Obstacle Collision,33775.09,-1.16,0,1,0
18041,Obstacle Collision,33775.99,-2.594,0,1,0
18042,Success,33777.63,-0.078,0,0,1
18043,Success,33778.86,-0.056,0,0,1
18044,Obstacle Collision,33780.42,-1.389,0,1,0
18045,Success,33782.79,-0.094,0,0,1
18046,Success,33785.45,-0.078,0,0,1
18047,Success,33787.93,-0.067,0,0,1
18048,Obstacle Collision,33788.5,-1.225,0,1,0
18049,Obstacle Collision,33790.2,-3.006,0,1,0
18050,Obstacle Collision,33792.77,-1.333,0,1,0
18051,Success,33794.98,-0.139,0,0,1
18052,Success,33797.13,-0.917,0,0,1
18053,Success,33799.07,-0.083,0,0,1
18054,Obstacle Collision,33800.63,-1.289,0,1,0
18055,Obstacle Collision,33801.53,-1.272,0,1,0
18056,Success,33802.2,-0.022,0,0,1
18057,Obstacle Collision,33803.31,-4.306,0,1,0
18058,Obstacle Collision,33804.89,-1.136,0,1,0
18059,Obstacle Collision,33806.28,-1.283,0,1,0
18060,Obstacle Collision,33807.19,-1.147,0,1,0
18061,Success,33809.18,-0.106,0,0,1
18062,Success,33811.24,-0.944,0,0,1
18063,Obstacle Collision,33812.26,-1.153,0,1,0
18064,Success,33813.58,-0.039,0,0,1
18065,Obstacle Collision,33814.37,-1.265,0,1,0
18066,Success,33815.61,-0.039,0,0,1
18067,Obstacle Collision,33818.06,-1.383,0,1,0
18068,Success,33819.87,-0.072,0,0,1
18069,Obstacle Collision,33821.33,-1.009,0,1,0
18070,Success,33823.84,-0.106,0,0,1
18071,Success,33826.97,-2.689,0,0,1
18072,Success,33828.61,-0.078,0,0,1
18073,Obstacle Collision,33829.89,-1.283,0,1,0
18074,Success,33831.34,-2.617,0,0,1
18075,Success,33833.75,-0.939,0,0,1
18076,Success,33836.38,-0.089,0,0,1
18077,Success,33838.22,-0.061,0,0,1
18078,Obstacle Collision,33838.9,-1.267,0,1,0
18079,Success,33840.74,-2.622,0,0,1
18080,Success,33842.72,-0.072,0,0,1
18081,Success,33843.62,-0.028,0,0,1
18082,Success,33844.45,-0.028,0,0,1
18083,Success,33846.79,-0.1,0,0,1
18084,Obstacle Collision,33847.64,-1.231,0,1,0
18085,Obstacle Collision,33849.26,-1.289,0,1,0
18086,Obstacle Collision,33850.09,-1.189,0,1,0
18087,Success,33851.25,-0.039,0,0,1
18088,Obstacle Collision,33852.18,-1.153,0,1,0
18089,Obstacle Collision,33852.84,-2.122,0,1,0
18090,Success,33854.06,-0.044,0,0,1
18091,Success,33856.2,-0.067,0,0,1
18092,Obstacle Collision,33858.52,-1.303,0,1,0
18093,Obstacle Collision,33860.43,-1.182,0,1,0
18094,Obstacle Collision,33862.15,-1.262,0,1,0
18095,Success,33863.86,-0.05,0,0,1
18096,Agent Collision,33865.77,-6.917,1,0,0
18097,Success,33867.65,-0.95,0,0,1
18098,Success,33870.3,-0.083,0,0,1
18099,Obstacle Collision,33871.37,-1.278,0,1,0
18100,Success,33873.23,-0.056,0,0,1
18101,Obstacle Collision,33874.1,-1.272,0,1,0
18102,Obstacle Collision,33876.01,-1.3,0,1,0
18103,Obstacle Collision,33876.45,-2.972,0,1,0
18104,Agent Collision,33880.1,-4.354,1,0,0
18105,Success,33883.76,-3.55,0,0,1
18106,Success,33886.7,-0.1,0,0,1
18107,Obstacle Collision,33888.52,-1.294,0,1,0
18108,Success,33890.61,-0.067,0,0,1
18109,Obstacle Collision,33892.04,-1.019,0,1,0
18110,Obstacle Collision,33892.47,-1.261,0,1,0
18111,Obstacle Collision,33894.38,-1.13,0,1,0
18112,Success,33896.2,-0.067,0,0,1
18113,Obstacle Collision,33898.8,-1.361,0,1,0
18114,Success,33899.71,-0.028,0,0,1
18115,Obstacle Collision,33902.21,-1.311,0,1,0
18116,Success,33906.26,-0.144,0,0,1
18117,Success,33907.39,-0.033,0,0,1
18118,Obstacle Collision,33910.4,-1.411,0,1,0
18119,Success,33912.78,-0.917,0,0,1
18120,Obstacle Collision,33920.58,-1.85,0,1,0
18121,Obstacle Collision,33921.92,-1.118,0,1,0
18122,Obstacle Collision,33923.48,-1.254,0,1,0
18123,Obstacle Collision,33924.65,-1.278,0,1,0
18124,Success,33926.7,-0.072,0,0,1
18125,Obstacle Collision,33927.3,-1.267,0,1,0
18126,Success,33930.15,-0.183,0,0,1
18127,Success,33932.18,-0.089,0,0,1
18128,Success,33933.18,-0.044,0,0,1
18129,Success,33935.04,-0.083,0,0,1
18130,Obstacle Collision,33935.97,-1.283,0,1,0
18131,Obstacle Collision,33941.45,-1.728,0,1,0
18132,Success,33944.52,-4.383,0,0,1
18133,Success,33946.92,-0.083,0,0,1
18134,Success,33949.25,-0.078,0,0,1
18135,Success,33950.55,-0.044,0,0,1
18136,Obstacle Collision,33951.69,-1.075,0,1,0
18137,Success,33954.41,-0.106,0,0,1
18138,Agent Collision,33956.98,-0.933,1,0,0
18139,Obstacle Collision,33957.85,-1.272,0,1,0
18140,Obstacle Collision,33960.83,-1.289,0,1,0
18141,Obstacle Collision,33963.77,-1.389,0,1,0
18142,Success,33965.66,-0.083,0,0,1
18143,Success,33967.99,-0.094,0,0,1
18144,Success,33970.34,-0.089,0,0,1
18145,Success,33972.67,-0.089,0,0,1
18146,Success,33974.91,-0.089,0,0,1
18147,Success,33976.46,-0.067,0,0,1
18148,Success,33978.63,-0.083,0,0,1
18149,Obstacle Collision,33979.54,-1.272,0,1,0
18150,Success,33981.16,-0.05,0,0,1
18151,Success,33982.73,-0.067,0,0,1
18152,Success,33985.55,-0.078,0,0,1
18153,Obstacle Collision,33988.04,-5.457,0,1,0
18154,Agent Collision,33989.43,-3.461,1,0,0
18155,Obstacle Collision,33993.96,-4.4,0,1,0
18156,Obstacle Collision,33997.64,-2.239,0,1,0
18157,Obstacle Collision,33998.97,-1.102,0,1,0
18158,Obstacle Collision,33999.64,-2.122,0,1,0
18159,Success,34004.8,-1.178,0,0,1
18160,Success,34005.48,-0.022,0,0,1
18161,Obstacle Collision,34006.35,-1.272,0,1,0
18162,Success,34008.61,-0.111,0,0,1
18163,Success,34009.76,-0.033,0,0,1
18164,Obstacle Collision,34010.78,-1.278,0,1,0
18165,Obstacle Collision,34011.95,-1.283,0,1,0
18166,Obstacle Collision,34012.84,-1.272,0,1,0
18167,Success,34016.31,-0.139,0,0,1
18168,Success,34018.44,-0.067,0,0,1
18169,Obstacle Collision,34019.59,-1.294,0,1,0
18170,Success,34022.93,-0.233,0,0,1
18171,Success,34024.88,-0.083,0,0,1
18172,Success,34027.64,-0.128,0,0,1
18173,Obstacle Collision,34028.2,-1.267,0,1,0
18174,Success,34030.58,-0.083,0,0,1
18175,Obstacle Collision,34031.7,-1.283,0,1,0
18176,Obstacle Collision,34033.61,-1.217,0,1,0
18177,Success,34035.24,-0.061,0,0,1
18178,Success,34036.41,-0.033,0,0,1
18179,Success,34038.21,-0.061,0,0,1
18180,Obstacle Collision,34039.4,-0.967,0,1,0
18181,Obstacle Collision,34041.29,-1.306,0,1,0
18182,Obstacle Collision,34046.53,-1.689,0,1,0
18183,Success,34049.07,-0.144,0,0,1
18184,Success,34051.01,-0.067,0,0,1
18185,Success,34052.64,-0.078,0,0,1
18186,Success,34054.39,-0.061,0,0,1
18187,Success,34056.81,-0.094,0,0,1
18188,Success,34058.88,-0.067,0,0,1
18189,Success,34062.12,-0.956,0,0,1
18190,Success,34063.37,-0.039,0,0,1
18191,Obstacle Collision,34064.03,-1.728,0,1,0
18192,Obstacle Collision,34065.94,-4.722,0,1,0
18193,Success,34067.98,-0.1,0,0,1
18194,Success,34069.94,-0.072,0,0,1
18195,Obstacle Collision,34071.62,-1.311,0,1,0
18196,Success,34072.79,-0.044,0,0,1
18197,Obstacle Collision,34073.6,-1.272,0,1,0
18198,Success,34075.33,-0.072,0,0,1
18199,Success,34078.23,-0.933,0,0,1
18200,Success,34080.66,-0.078,0,0,1
18201,Success,34082.95,-0.089,0,0,1
18202,Success,34084.38,-0.083,0,0,1
18203,Timeout,34092.78,-0.6,0,0,0
18204,Success,34094.54,-0.056,0,0,1
18205,Obstacle Collision,34096.81,-1.356,0,1,0
18206,Success,34100.32,-3.398,0,0,1
18207,Success,34102.49,-1.783,0,0,1
18208,Success,34104.68,-0.072,0,0,1
18209,Obstacle Collision,34106.27,-1.044,0,1,0
18210,Obstacle Collision,34108.41,-1.317,0,1,0
18211,Success,34111.0,-0.128,0,0,1
18212,Success,34112.21,-0.039,0,0,1
18213,Obstacle Collision,34114.18,-1.3,0,1,0
18214,Success,34117.17,-0.111,0,0,1
18215,Obstacle Collision,34117.86,-1.267,0,1,0
18216,Obstacle Collision,34119.52,-1.296,0,1,0
18217,Obstacle Collision,34122.02,-1.35,0,1,0
18218,Obstacle Collision,34124.7,-1.406,0,1,0
18219,Obstacle Collision,34127.93,-1.817,0,1,0
18220,Obstacle Collision,34129.63,-1.265,0,1,0
18221,Success,34131.01,-0.056,0,0,1
18222,Success,34132.58,-0.072,0,0,1
18223,Success,34134.34,-0.061,0,0,1
18224,Obstacle Collision,34136.54,-1.181,0,1,0
18225,Success,34138.26,-0.061,0,0,1
18226,Success,34139.33,-0.039,0,0,1
18227,Obstacle Collision,34140.49,-1.289,0,1,0
18228,Success,34144.37,-0.183,0,0,1
18229,Obstacle Collision,34145.21,-3.798,0,1,0
18230,Success,34147.74,-0.083,0,0,1
18231,Timeout,34154.96,-0.6,0,0,0
18232,Success,34156.52,-0.072,0,0,1
18233,Success,34159.15,-0.1,0,0,1
18234,Success,34160.65,-0.061,0,0,1
18235,Success,34162.85,-0.072,0,0,1
18236,Success,34164.62,-1.8,0,0,1
18237,Obstacle Collision,34166.13,-1.322,0,1,0
18238,Obstacle Collision,34167.09,-1.283,0,1,0
18239,Obstacle Collision,34167.98,-1.075,0,1,0
18240,Obstacle Collision,34169.14,-1.169,0,1,0
18241,Obstacle Collision,34173.14,-1.517,0,1,0
18242,Success,34175.09,-0.067,0,0,1
18243,Success,34177.29,-0.083,0,0,1
18244,Success,34179.16,-0.067,0,0,1
18245,Success,34181.86,-0.111,0,0,1
18246,Obstacle Collision,34182.74,-1.231,0,1,0
18247,Success,34185.22,-0.106,0,0,1
18248,Success,34189.0,-0.978,0,0,1
18249,Success,34190.95,-0.067,0,0,1
18250,Success,34192.49,-0.05,0,0,1
18251,Success,34193.49,-0.033,0,0,1
18252,Obstacle Collision,34195.44,-2.161,0,1,0
18253,Success,34197.39,-0.056,0,0,1
18254,Success,34200.07,-0.1,0,0,1
18255,Obstacle Collision,34202.5,-1.339,0,1,0
18256,Success,34203.83,-0.056,0,0,1
18257,Obstacle Collision,34204.98,-1.278,0,1,0
18258,Success,34207.03,-0.089,0,0,1
18259,Success,34209.85,-0.1,0,0,1
18260,Success,34212.06,-0.078,0,0,1
18261,Success,34213.35,-0.044,0,0,1
18262,Obstacle Collision,34215.22,-4.525,0,1,0
18263,Success,34217.52,-0.078,0,0,1
18264,Timeout,34223.79,-0.6,0,0,0
18265,Obstacle Collision,34224.85,-1.278,0,1,0
18266,Obstacle Collision,34225.75,-1.236,0,1,0
18267,Obstacle Collision,34227.19,-1.317,0,1,0
18268,Success,34228.64,-0.05,0,0,1
18269,Obstacle Collision,34230.47,-2.114,0,1,0
18270,Obstacle Collision,34232.8,-1.306,0,1,0
18271,Success,34235.5,-0.978,0,0,1
18272,Obstacle Collision,34237.34,-1.294,0,1,0
18273,Success,34238.75,-0.044,0,0,1
18274,Obstacle Collision,34239.8,-1.164,0,1,0
18275,Success,34241.97,-0.944,0,0,1
18276,Obstacle Collision,34243.99,-1.139,0,1,0
18277,Success,34246.36,-0.083,0,0,1
18278,Obstacle Collision,34247.27,-1.733,0,1,0
18279,Success,34249.34,-0.939,0,0,1
18280,Success,34251.39,-0.061,0,0,1
18281,Obstacle Collision,34253.03,-1.311,0,1,0
18282,Success,34255.54,-0.067,0,0,1
18283,Success,34257.26,-0.072,0,0,1
18284,Obstacle Collision,34259.18,-1.311,0,1,0
18285,Success,34260.17,-0.028,0,0,1
18286,Success,34261.73,-0.056,0,0,1
18287,Obstacle Collision,34262.95,-1.283,0,1,0
18288,Success,34265.15,-0.1,0,0,1
18289,Success,34269.66,-6.189,0,0,1
18290,Agent Collision,34272.06,-1.789,1,0,0
18291,Success,34273.78,-0.067,0,0,1
18292,Success,34275.82,-0.067,0,0,1
18293,Success,34277.65,-0.061,0,0,1
18294,Success,34279.87,-0.094,0,0,1
18295,Success,34281.31,-0.05,0,0,1
18296,Obstacle Collision,34283.58,-1.367,0,1,0
18297,Obstacle Collision,34284.84,-1.283,0,1,0
18298,Success,34287.68,-1.861,0,0,1
18299,Success,34288.62,-0.044,0,0,1
18300,Obstacle Collision,34290.8,-0.947,0,1,0
18301,Obstacle Collision,34292.16,-2.606,0,1,0
18302,Obstacle Collision,34293.54,-2.139,0,1,0
18303,Success,34296.16,-2.65,0,0,1
18304,Success,34297.79,-0.072,0,0,1
18305,Success,34299.79,-0.083,0,0,1
18306,Success,34301.63,-0.089,0,0,1
18307,Success,34304.07,-0.078,0,0,1
18308,Success,34308.27,-0.25,0,0,1
18309,Obstacle Collision,34309.3,-1.278,0,1,0
18310,Success,34314.66,-2.794,0,0,1
18311,Obstacle Collision,34315.49,-1.272,0,1,0
18312,Success,34319.93,-0.178,0,0,1
18313,Success,34323.18,-0.139,0,0,1
18314,Success,34325.7,-0.089,0,0,1
18315,Success,34327.11,-0.044,0,0,1
18316,Success,34328.26,-0.033,0,0,1
18317,Success,34330.92,-0.972,0,0,1
18318,Obstacle Collision,34332.07,-3.864,0,1,0
18319,Success,34336.65,-0.189,0,0,1
18320,Success,34339.42,-0.083,0,0,1
18321,Success,34340.71,-0.05,0,0,1
18322,Obstacle Collision,34342.98,-1.127,0,1,0
18323,Obstacle Collision,34344.27,-1.283,0,1,0
18324,Obstacle Collision,34346.13,-1.087,0,1,0
18325,Obstacle Collision,34347.22,-1.3,0,1,0
18326,Success,34349.7,-0.128,0,0,1
18327,Success,34351.56,-0.056,0,0,1
18328,Obstacle Collision,34352.47,-1.231,0,1,0
18329,Obstacle Collision,34354.76,-1.367,0,1,0
18330,Success,34356.63,-0.083,0,0,1
18331,Obstacle Collision,34357.39,-1.272,0,1,0
18332,Obstacle Collision,34359.39,-1.311,0,1,0
18333,Success,34361.71,-0.072,0,0,1
18334,Success,34363.54,-0.05,0,0,1
18335,Timeout,34371.02,-0.6,0,0,0
18336,Success,34373.86,-0.967,0,0,1
18337,Success,34374.93,-0.044,0,0,1
18338,Success,34376.89,-0.083,0,0,1
18339,Success,34378.35,-0.061,0,0,1
18340,Success,34379.87,-0.044,0,0,1
18341,Success,34382.07,-0.078,0,0,1
18342,Obstacle Collision,34386.84,-1.567,0,1,0
18343,Success,34388.89,-0.083,0,0,1
18344,Success,34389.9,-0.039,0,0,1
18345,Obstacle Collision,34391.78,-3.033,0,1,0
18346,Obstacle Collision,34393.74,-1.356,0,1,0
18347,Obstacle Collision,34395.34,-1.289,0,1,0
18348,Obstacle Collision,34396.21,-1.278,0,1,0
18349,Success,34399.14,-0.072,0,0,1
18350,Obstacle Collision,34400.83,-1.822,0,1,0
18351,Success,34402.79,-0.056,0,0,1
18352,Success,34405.15,-0.089,0,0,1
18353,Success,34407.12,-0.078,0,0,1
18354,Success,34410.38,-0.106,0,0,1
18355,Obstacle Collision,34412.89,-1.372,0,1,0
18356,Success,34416.05,-1.811,0,0,1
18357,Obstacle Collision,34416.93,-1.272,0,1,0
18358,Obstacle Collision,34419.37,-3.05,0,1,0
18359,Success,34421.16,-0.078,0,0,1
18360,Success,34422.6,-0.9,0,0,1
18361,Obstacle Collision,34428.71,-1.767,0,1,0
18362,Success,34431.71,-0.161,0,0,1
18363,Success,34432.62,-0.889,0,0,1
18364,Success,34434.46,-0.056,0,0,1
18365,Success,34436.24,-0.061,0,0,1
18366,Success,34438.02,-0.078,0,0,1
18367,Success,34439.73,-0.061,0,0,1
18368,Obstacle Collision,34442.07,-1.311,0,1,0
18369,Obstacle Collision,34443.66,-1.008,0,1,0
18370,Success,34445.69,-0.078,0,0,1
18371,Success,34447.68,-0.911,0,0,1
18372,Obstacle Collision,34449.05,-1.3,0,1,0
18373,Obstacle Collision,34450.56,-1.306,0,1,0
18374,Obstacle Collision,34452.27,-1.306,0,1,0
18375,Success,34454.17,-0.056,0,0,1
18376,Obstacle Collision,34455.47,-1.283,0,1,0
18377,Success,34458.03,-0.933,0,0,1
18378,Success,34460.48,-0.967,0,0,1
18379,Obstacle Collision,34461.15,-1.267,0,1,0
18380,Obstacle Collision,34462.57,-1.211,0,1,0
18381,Success,34467.1,-5.233,0,0,1
18382,Obstacle Collision,34468.6,-1.3,0,1,0
18383,Success,34470.14,-0.067,0,0,1
18384,Success,34471.21,-0.028,0,0,1
18385,Obstacle Collision,34472.12,-1.272,0,1,0
18386,Success,34474.15,-0.078,0,0,1
18387,Obstacle Collision,34474.94,-1.189,0,1,0
18388,Success,34476.81,-0.078,0,0,1
18389,Success,34478.24,-0.089,0,0,1
18390,Obstacle Collision,34483.67,-1.7,0,1,0
18391,Success,34485.06,-0.061,0,0,1
18392,Success,34486.75,-0.061,0,0,1
18393,Obstacle Collision,34487.66,-1.272,0,1,0
18394,Obstacle Collision,34490.28,-2.827,0,1,0
18395,Success,34491.81,-0.044,0,0,1
18396,Obstacle Collision,34497.41,-4.039,0,1,0
18397,Obstacle Collision,34498.6,-1.744,0,1,0
18398,Obstacle Collision,34500.53,-0.858,0,1,0
18399,Obstacle Collision,34503.64,-1.439,0,1,0
18400,Success,34504.86,-0.039,0,0,1
18401,Obstacle Collision,34506.23,-6.371,0,1,0
18402,Obstacle Collision,34508.04,-1.119,0,1,0
18403,Success,34511.37,-1.811,0,0,1
18404,Success,34513.24,-0.072,0,0,1
18405,Success,34515.64,-0.083,0,0,1
18406,Success,34518.89,-4.389,0,0,1
18407,Success,34520.95,-0.061,0,0,1
18408,Success,34523.27,-0.072,0,0,1
18409,Success,34525.65,-0.067,0,0,1
18410,Obstacle Collision,34528.13,-5.633,0,1,0
18411,Success,34530.14,-0.078,0,0,1
18412,Obstacle Collision,34532.07,-1.02,0,1,0
18413,Obstacle Collision,34532.88,-2.045,0,1,0
18414,Obstacle Collision,34534.25,-1.041,0,1,0
18415,Success,34535.86,-0.067,0,0,1
18416,Success,34537.54,-0.078,0,0,1
18417,Obstacle Collision,34539.66,-1.317,0,1,0
18418,Success,34542.44,-0.967,0,0,1
18419,Obstacle Collision,34543.94,-1.286,0,1,0
18420,Obstacle Collision,34545.58,-1.294,0,1,0
18421,Obstacle Collision,34546.91,-1.283,0,1,0
18422,Obstacle Collision,34547.78,-1.131,0,1,0
18423,Obstacle Collision,34548.79,-1.278,0,1,0
18424,Success,34553.0,-1.05,0,0,1
18425,Success,34555.85,-0.083,0,0,1
18426,Success,34558.31,-0.078,0,0,1
18427,Obstacle Collision,34559.98,-0.823,0,1,0
18428,Success,34563.13,-1.806,0,0,1
18429,Obstacle Collision,34564.4,-1.241,0,1,0
18430,Obstacle Collision,34567.3,-0.955,0,1,0
18431,Success,34569.67,-0.094,0,0,1
18432,Obstacle Collision,34571.17,-1.35,0,1,0
18433,Obstacle Collision,34571.95,-1.189,0,1,0
18434,Obstacle Collision,34572.3,-1.261,0,1,0
18435,Success,34574.56,-3.506,0,0,1
18436,Success,34576.84,-0.094,0,0,1
18437,Success,34579.45,-0.089,0,0,1
18438,Success,34580.6,-0.039,0,0,1
18439,Timeout,34587.35,-0.6,0,0,0
18440,Obstacle Collision,34587.97,-1.266,0,1,0
18441,Success,34589.68,-0.056,0,0,1
18442,Obstacle Collision,34590.55,-1.272,0,1,0
18443,Success,34593.18,-0.094,0,0,1
18444,Success,34594.77,-1.767,0,0,1
18445,Success,34597.46,-0.1,0,0,1
18446,Success,34598.77,-0.056,0,0,1
18447,Obstacle Collision,34599.84,-1.278,0,1,0
18448,Success,34601.84,-0.072,0,0,1
18449,Agent Collision,34603.96,-8.667,1,0,0
18450,Obstacle Collision,34607.68,-2.228,0,1,0
18451,Success,34608.67,-0.039,0,0,1
18452,Success,34611.08,-0.15,0,0,1
18453,Success,34612.38,-0.044,0,0,1
18454,Success,34613.06,-0.022,0,0,1
18455,Obstacle Collision,34614.38,-4.706,0,1,0
18456,Success,34617.37,-0.95,0,0,1
18457,Obstacle Collision,34618.65,-1.283,0,1,0
18458,Obstacle Collision,34620.44,-1.761,0,1,0
18459,Success,34625.85,-6.073,0,0,1
18460,Success,34627.54,-0.061,0,0,1
18461,Obstacle Collision,34629.37,-1.3,0,1,0
18462,Success,34631.15,-0.061,0,0,1
18463,Success,34632.95,-0.072,0,0,1
18464,Success,34634.34,-0.05,0,0,1
18465,Obstacle Collision,34635.88,-1.361,0,1,0
18466,Success,34637.83,-0.067,0,0,1
18467,Success,34639.0,-0.033,0,0,1
18468,Success,34640.95,-0.089,0,0,1
18469,Success,34642.35,-0.056,0,0,1
18470,Success,34643.9,-0.05,0,0,1
18471,Obstacle Collision,34646.09,-1.311,0,1,0
18472,Success,34648.33,-0.072,0,0,1
18473,Success,34650.36,-0.072,0,0,1
18474,Success,34652.47,-0.078,0,0,1
18475,Success,34654.58,-0.078,0,0,1
18476,Success,34656.66,-0.078,0,0,1
18477,Obstacle Collision,34657.56,-1.272,0,1,0
18478,Obstacle Collision,34657.99,-1.261,0,1,0
18479,Success,34660.82,-0.089,0,0,1
18480,Success,34665.51,-0.911,0,0,1
18481,Success,34667.06,-0.067,0,0,1
18482,Obstacle Collision,34667.95,-1.272,0,1,0
18483,Success,34671.04,-0.1,0,0,1
18484,Success,34672.81,-0.078,0,0,1
18485,Obstacle Collision,34675.99,-1.433,0,1,0
18486,Success,34677.13,-0.05,0,0,1
18487,Obstacle Collision,34680.35,-1.325,0,1,0
18488,Obstacle Collision,34681.45,-1.278,0,1,0
18489,Obstacle Collision,34682.3,-1.231,0,1,0
18490,Agent Collision,34685.08,-3.5,1,0,0
18491,Success,34686.23,-0.039,0,0,1
18492,Obstacle Collision,34688.91,-1.333,0,1,0
18493,Success,34691.29,-0.072,0,0,1
18494,Obstacle Collision,34693.01,-1.294,0,1,0
18495,Success,34694.4,-0.044,0,0,1
18496,Obstacle Collision,34696.11,-1.306,0,1,0
18497,Success,34699.13,-12.1,0,0,1
18498,Success,34702.67,-3.55,0,0,1
18499,Success,34705.1,-0.078,0,0,1
18500,Success,34705.86,-0.022,0,0,1
18501,Success,34707.25,-0.072,0,0,1
18502,Success,34709.26,-0.078,0,0,1
18503,Obstacle Collision,34709.7,-1.261,0,1,0
18504,Success,34711.8,-0.083,0,0,1
18505,Obstacle Collision,34715.52,-1.461,0,1,0
18506,Obstacle Collision,34718.12,-1.311,0,1,0
18507,Success,34721.32,-2.678,0,0,1
18508,Obstacle Collision,34721.76,-1.261,0,1,0
18509,Obstacle Collision,34722.44,-1.163,0,1,0
18510,Obstacle Collision,34723.23,-1.158,0,1,0
18511,Obstacle Collision,34725.66,-1.344,0,1,0
18512,Success,34727.64,-0.067,0,0,1
18513,Success,34728.81,-0.911,0,0,1
18514,Obstacle Collision,34733.5,-1.489,0,1,0
18515,Obstacle Collision,34734.38,-1.272,0,1,0
18516,Success,34735.92,-0.044,0,0,1
18517,Obstacle Collision,34736.6,-2.583,0,1,0
18518,Success,34738.92,-0.083,0,0,1
18519,Obstacle Collision,34740.22,-1.289,0,1,0
18520,Success,34742.78,-2.644,0,0,1
18521,Obstacle Collision,34745.6,-1.378,0,1,0
18522,Obstacle Collision,34746.94,-1.3,0,1,0
18523,Obstacle Collision,34748.15,-1.306,0,1,0
18524,Success,34750.38,-0.078,0,0,1
18525,Success,34752.49,-0.083,0,0,1
18526,Success,34754.51,-0.078,0,0,1
18527,Obstacle Collision,34756.58,-1.344,0,1,0
18528,Success,34758.52,-0.067,0,0,1
18529,Agent Collision,34761.81,-4.4,1,0,0
18530,Obstacle Collision,34763.9,-1.083,0,1,0
18531,Obstacle Collision,34765.69,-1.292,0,1,0
18532,Success,34766.27,-0.017,0,0,1
18533,Obstacle Collision,34767.21,-1.278,0,1,0
18534,Obstacle Collision,34768.24,-1.3,0,1,0
18535,Success,34770.53,-0.072,0,0,1
18536,Success,34771.61,-0.05,0,0,1
18537,Success,34773.38,-0.061,0,0,1
18538,Success,34775.74,-0.922,0,0,1
18539,Success,34777.44,-0.061,0,0,1
18540,Obstacle Collision,34778.45,-2.077,0,1,0
18541,Obstacle Collision,34784.32,-1.756,0,1,0
18542,Obstacle Collision,34786.89,-1.317,0,1,0
18543,Success,34788.21,-0.072,0,0,1
18544,Success,34790.65,-0.094,0,0,1
18545,Success,34792.59,-0.067,0,0,1
18546,Success,34795.39,-0.939,0,0,1
18547,Agent Collision,34797.08,-3.467,1,0,0
18548,Obstacle Collision,34798.7,-1.322,0,1,0
18549,Success,34801.62,-0.089,0,0,1
18550,Obstacle Collision,34802.9,-1.283,0,1,0
18551,Success,34804.76,-0.05,0,0,1
18552,Success,34806.31,-0.078,0,0,1
18553,Obstacle Collision,34807.44,-1.723,0,1,0
18554,Agent Collision,34808.4,-0.883,1,0,0
18555,Obstacle Collision,34808.84,-1.261,0,1,0
18556,Success,34809.94,-0.05,0,0,1
18557,Success,34812.32,-0.083,0,0,1
18558,Success,34814.92,-0.094,0,0,1
18559,Success,34816.68,-0.056,0,0,1
18560,Obstacle Collision,34817.34,-1.267,0,1,0
18561,Success,34819.66,-0.161,0,0,1
18562,Success,34822.82,-2.661,0,0,1
18563,Success,34824.39,-0.922,0,0,1
18564,Obstacle Collision,34825.72,-1.162,0,1,0
18565,Obstacle Collision,34827.49,-1.258,0,1,0
18566,Obstacle Collision,34828.13,-1.728,0,1,0
18567,Obstacle Collision,34830.16,-2.167,0,1,0
18568,Success,34831.86,-0.067,0,0,1
18569,Obstacle Collision,34832.29,-1.261,0,1,0
18570,Obstacle Collision,34832.91,-1.225,0,1,0
18571,Success,34834.29,-0.061,0,0,1
18572,Success,34836.86,-0.139,0,0,1
18573,Success,34838.9,-0.089,0,0,1
18574,Obstacle Collision,34840.4,-1.14,0,1,0
18575,Success,34842.34,-0.078,0,0,1
18576,Obstacle Collision,34843.46,-1.278,0,1,0
18577,Obstacle Collision,34845.31,-1.246,0,1,0
18578,Obstacle Collision,34846.0,-1.272,0,1,0
18579,Success,34848.98,-2.661,0,0,1
18580,Success,34850.58,-0.05,0,0,1
18581,Success,34852.44,-0.083,0,0,1
18582,Obstacle Collision,34853.67,-1.283,0,1,0
18583,Success,34854.5,-0.028,0,0,1
18584,Obstacle Collision,34856.83,-3.039,0,1,0
18585,Timeout,34863.61,-0.6,0,0,0
18586,Success,34865.54,-0.144,0,0,1
18587,Success,34867.21,-0.044,0,0,1
18588,Success,34869.68,-0.956,0,0,1
18589,Success,34872.15,-0.078,0,0,1
18590,Success,34874.01,-0.061,0,0,1
18591,Success,34875.14,-0.033,0,0,1
18592,Success,34876.91,-0.078,0,0,1
18593,Obstacle Collision,34877.9,-1.061,0,1,0
18594,Obstacle Collision,34879.0,-1.278,0,1,0
18595,Obstacle Collision,34879.62,-1.075,0,1,0
18596,Success,34882.11,-0.072,0,0,1
18597,Obstacle Collision,34882.98,-1.272,0,1,0
18598,Success,34884.76,-0.056,0,0,1
18599,Success,34885.96,-0.044,0,0,1
18600,Success,34889.4,-0.194,0,0,1
18601,Success,34891.32,-1.778,0,0,1
18602,Success,34893.25,-0.056,0,0,1
18603,Obstacle Collision,34894.77,-0.973,0,1,0
18604,Success,34895.45,-0.028,0,0,1
18605,Obstacle Collision,34896.13,-1.267,0,1,0
18606,Success,34897.43,-0.044,0,0,1
18607,Success,34899.21,-0.067,0,0,1
18608,Success,34901.51,-0.072,0,0,1
18609,Success,34904.4,-0.106,0,0,1
18610,Obstacle Collision,34907.49,-0.949,0,1,0
18611,Success,34909.61,-0.078,0,0,1
18612,Success,34912.42,-0.967,0,0,1
18613,Success,34914.41,-0.056,0,0,1
18614,Success,34915.4,-0.033,0,0,1
18615,Success,34917.83,-0.089,0,0,1
18616,Success,34919.49,-0.05,0,0,1
18617,Agent Collision,34920.71,-6.0,1,0,0
18618,Obstacle Collision,34922.89,-1.344,0,1,0
18619,Success,34924.94,-0.072,0,0,1
18620,Obstacle Collision,34926.52,-1.306,0,1,0
18621,Obstacle Collision,34927.84,-1.08,0,1,0
18622,Success,34930.16,-0.078,0,0,1
18623,Success,34931.88,-0.061,0,0,1
18624,Success,34932.81,-0.033,0,0,1
18625,Success,34935.39,-0.083,0,0,1
18626,Success,34938.4,-1.817,0,0,1
18627,Success,34940.81,-0.111,0,0,1
18628,Success,34942.83,-0.067,0,0,1
18629,Obstacle Collision,34943.65,-1.117,0,1,0
18630,Success,34945.65,-0.072,0,0,1
18631,Success,34947.61,-0.078,0,0,1
18632,Obstacle Collision,34948.06,-1.261,0,1,0
18633,Obstacle Collision,34954.37,-1.822,0,1,0
18634,Success,34956.35,-0.072,0,0,1
18635,Obstacle Collision,34959.38,-1.361,0,1,0
18636,Success,34962.06,-0.083,0,0,1
18637,Obstacle Collision,34964.41,-1.356,0,1,0
18638,Success,34966.66,-0.061,0,0,1
18639,Success,34967.65,-0.028,0,0,1
18640,Obstacle Collision,34970.85,-1.389,0,1,0
18641,Obstacle Collision,34972.18,-1.081,0,1,0
18642,Success,34973.97,-0.061,0,0,1
18643,Obstacle Collision,34975.48,-1.006,0,1,0
18644,Success,34977.29,-0.061,0,0,1
18645,Success,34979.33,-0.061,0,0,1
18646,Obstacle Collision,34980.01,-1.267,0,1,0
18647,Success,34981.84,-0.939,0,0,1
18648,Success,34983.99,-0.1,0,0,1
18649,Success,34986.28,-0.917,0,0,1
18650,Obstacle Collision,34987.95,-1.306,0,1,0
18651,Success,34989.28,-0.039,0,0,1
18652,Agent Collision,34991.23,-0.911,1,0,0
18653,Obstacle Collision,34992.47,-1.3,0,1,0
18654,Success,34993.77,-0.044,0,0,1
18655,Success,34994.92,-0.033,0,0,1
18656,Success,34996.87,-0.078,0,0,1
18657,Obstacle Collision,34998.47,-1.75,0,1,0
18658,Success,34999.22,-0.022,0,0,1
18659,Success,35001.32,-0.067,0,0,1
18660,Obstacle Collision,35002.53,-1.097,0,1,0
18661,Success,35005.23,-0.106,0,0,1
18662,Success,35006.38,-0.044,0,0,1
18663,Success,35007.76,-0.05,0,0,1
18664,Obstacle Collision,35009.25,-1.294,0,1,0
18665,Success,35011.11,-0.083,0,0,1
18666,Success,35015.27,-6.1,0,0,1
18667,Obstacle Collision,35016.15,-1.272,0,1,0
18668,Success,35019.15,-4.367,0,0,1
18669,Success,35023.15,-0.183,0,0,1
18670,Success,35027.1,-5.339,0,0,1
18671,Obstacle Collision,35027.54,-1.261,0,1,0
18672,Obstacle Collision,35028.57,-1.283,0,1,0
18673,Obstacle Collision,35029.21,-1.267,0,1,0
18674,Success,35032.35,-0.972,0,0,1
18675,Obstacle Collision,35034.56,-1.017,0,1,0
18676,Success,35036.28,-0.056,0,0,1
18677,Obstacle Collision,35036.93,-1.267,0,1,0
18678,Success,35039.74,-0.111,0,0,1
18679,Obstacle Collision,35041.21,-0.983,0,1,0
18680,Obstacle Collision,35041.89,-1.728,0,1,0
18681,Success,35043.21,-0.056,0,0,1
18682,Success,35047.94,-0.244,0,0,1
18683,Success,35049.58,-0.083,0,0,1
18684,Success,35050.1,-0.017,0,0,1
18685,Success,35052.11,-0.056,0,0,1
18686,Obstacle Collision,35052.78,-1.267,0,1,0
18687,Obstacle Collision,35053.99,-2.144,0,1,0
18688,Obstacle Collision,35054.91,-1.272,0,1,0
18689,Success,35056.81,-1.783,0,0,1
18690,Agent Collision,35058.24,-4.322,1,0,0
18691,Obstacle Collision,35059.63,-1.283,0,1,0
18692,Success,35061.58,-0.061,0,0,1
18693,Obstacle Collision,35066.98,-5.367,0,1,0
18694,Success,35068.29,-0.05,0,0,1
18695,Success,35071.24,-0.094,0,0,1
18696,Success,35073.19,-2.633,0,0,1
18697,Obstacle Collision,35074.41,-1.117,0,1,0
18698,Success,35075.81,-0.05,0,0,1
18699,Obstacle Collision,35081.66,-1.706,0,1,0
18700,Obstacle Collision,35082.33,-1.231,0,1,0
18701,Success,35084.89,-0.111,0,0,1
18702,Success,35087.72,-0.1,0,0,1
18703,Success,35089.82,-0.072,0,0,1
18704,Success,35091.05,-0.044,0,0,1
18705,Success,35092.12,-0.033,0,0,1
18706,Success,35094.38,-0.083,0,0,1
18707,Success,35097.51,-0.106,0,0,1
18708,Obstacle Collision,35099.74,-1.333,0,1,0
18709,Success,35102.1,-0.944,0,0,1
18710,Success,35104.48,-0.083,0,0,1
18711,Obstacle Collision,35105.64,-5.556,0,1,0
18712,Success,35107.51,-0.067,0,0,1
18713,Success,35109.53,-0.078,0,0,1
18714,Obstacle Collision,35110.35,-1.189,0,1,0
18715,Success,35111.74,-0.044,0,0,1
18716,Success,35115.27,-4.361,0,0,1
18717,Obstacle Collision,35117.57,-1.317,0,1,0
18718,Obstacle Collision,35119.02,-1.289,0,1,0
18719,Timeout,35127.82,-2.311,0,0,0
18720,Obstacle Collision,35129.31,-1.234,0,1,0
18721,Success,35131.57,-1.778,0,0,1
18722,Obstacle Collision,35132.01,-1.261,0,1,0
18723,Obstacle Collision,35133.63,-1.289,0,1,0
18724,Obstacle Collision,35134.27,-2.121,0,1,0
18725,Success,35135.98,-0.044,0,0,1
18726,Success,35139.26,-0.122,0,0,1
18727,Success,35140.01,-0.022,0,0,1
18728,Obstacle Collision,35141.38,-1.294,0,1,0
18729,Obstacle Collision,35143.03,-1.294,0,1,0
18730,Success,35144.77,-0.072,0,0,1
18731,Success,35145.69,-0.033,0,0,1
18732,Obstacle Collision,35146.25,-1.267,0,1,0
18733,Success,35147.71,-0.039,0,0,1
18734,Success,35150.24,-1.844,0,0,1
18735,Success,35152.3,-0.094,0,0,1
18736,Success,35154.55,-0.083,0,0,1
18737,Success,35156.88,-0.067,0,0,1
18738,Obstacle Collision,35158.6,-1.322,0,1,0
18739,Success,35160.33,-0.089,0,0,1
18740,Obstacle Collision,35161.01,-1.267,0,1,0
18741,Obstacle Collision,35162.89,-1.003,0,1,0
18742,Success,35165.87,-0.1,0,0,1
18743,Obstacle Collision,35166.73,-1.08,0,1,0
18744,Success,35167.48,-0.028,0,0,1
18745,Success,35169.16,-0.044,0,0,1
18746,Success,35171.76,-0.139,0,0,1
18747,Success,35174.12,-0.078,0,0,1
18748,Obstacle Collision,35174.72,-1.267,0,1,0
18749,Obstacle Collision,35175.16,-1.283,0,1,0
18750,Success,35176.4,-0.044,0,0,1
18751,Success,35179.16,-0.078,0,0,1
18752,Success,35181.33,-0.917,0,0,1
18753,Success,35183.22,-0.078,0,0,1
18754,Success,35184.54,-0.039,0,0,1
18755,Success,35185.55,-0.028,0,0,1
18756,Obstacle Collision,35187.59,-1.311,0,1,0
18757,Obstacle Collision,35189.99,-0.922,0,1,0
18758,Success,35191.14,-0.039,0,0,1
18759,Success,35194.99,-1.933,0,0,1
18760,Success,35196.15,-3.461,0,0,1
18761,Success,35198.1,-0.078,0,0,1
18762,Success,35199.57,-0.056,0,0,1
18763,Success,35202.05,-0.078,0,0,1
18764,Success,35205.26,-0.95,0,0,1
18765,Success,35208.55,-0.094,0,0,1
18766,Success,35210.09,-0.039,0,0,1
18767,Success,35211.63,-0.044,0,0,1
18768,Success,35213.87,-0.094,0,0,1
18769,Success,35215.93,-0.072,0,0,1
18770,Obstacle Collision,35217.86,-0.875,0,1,0
18771,Success,35221.14,-0.089,0,0,1
18772,Success,35224.35,-5.217,0,0,1
18773,Obstacle Collision,35225.93,-1.092,0,1,0
18774,Success,35228.14,-0.094,0,0,1
18775,Success,35229.86,-0.061,0,0,1
18776,Obstacle Collision,35230.75,-2.128,0,1,0
18777,Obstacle Collision,35231.19,-1.261,0,1,0
18778,Success,35233.77,-0.083,0,0,1
18779,Obstacle Collision,35234.91,-1.117,0,1,0
18780,Success,35236.31,-0.05,0,0,1
18781,Success,35237.8,-0.061,0,0,1
18782,Success,35239.21,-0.056,0,0,1
18783,Success,35243.74,-0.122,0,0,1
18784,Success,35246.64,-0.094,0,0,1
18785,Success,35247.55,-0.039,0,0,1
18786,Success,35249.1,-0.061,0,0,1
18787,Obstacle Collision,35250.41,-2.117,0,1,0
18788,Success,35253.19,-0.139,0,0,1
18789,Success,35255.1,-0.072,0,0,1
18790,Success,35260.33,-1.006,0,0,1
18791,Obstacle Collision,35261.9,-1.133,0,1,0
18792,Obstacle Collision,35262.75,-2.589,0,1,0
18793,Success,35264.24,-0.067,0,0,1
18794,Success,35265.47,-0.039,0,0,1
18795,Success,35266.57,-0.9,0,0,1
18796,Success,35267.41,-0.028,0,0,1
18797,Success,35269.76,-0.083,0,0,1
18798,Success,35270.77,-0.039,0,0,1
18799,Obstacle Collision,35272.83,-6.467,0,1,0
18800,Obstacle Collision,35274.49,-1.294,0,1,0
18801,Success,35276.2,-0.056,0,0,1
18802,Success,35279.21,-0.128,0,0,1
18803,Obstacle Collision,35281.04,-1.311,0,1,0
18804,Success,35281.88,-0.033,0,0,1
18805,Agent Collision,35283.19,-2.6,1,0,0
18806,Success,35285.33,-0.1,0,0,1
18807,Obstacle Collision,35286.78,-1.097,0,1,0
18808,Success,35288.27,-0.05,0,0,1
18809,Obstacle Collision,35289.62,-1.084,0,1,0
18810,Success,35291.02,-0.05,0,0,1
18811,Obstacle Collision,35292.16,-1.278,0,1,0
18812,Success,35294.54,-0.072,0,0,1
18813,Obstacle Collision,35295.45,-1.231,0,1,0
18814,Obstacle Collision,35296.63,-1.128,0,1,0
18815,Success,35299.12,-0.106,0,0,1
18816,Obstacle Collision,35300.7,-0.875,0,1,0
18817,Obstacle Collision,35302.15,-1.289,0,1,0
18818,Success,35304.35,-0.094,0,0,1
18819,Obstacle Collision,35305.48,-1.198,0,1,0
18820,Success,35307.71,-0.067,0,0,1
18821,Obstacle Collision,35308.15,-1.261,0,1,0
18822,Success,35311.64,-0.117,0,0,1
18823,Success,35312.63,-0.033,0,0,1
18824,Success,35314.01,-2.606,0,0,1
18825,Obstacle Collision,35315.23,-1.289,0,1,0
18826,Success,35317.17,-0.056,0,0,1
18827,Success,35319.13,-0.083,0,0,1
18828,Success,35322.61,-0.994,0,0,1
18829,Obstacle Collision,35325.65,-1.083,0,1,0
18830,Success,35327.21,-0.05,0,0,1
18831,Agent Collision,35328.9,-1.756,1,0,0
18832,Success,35331.13,-0.15,0,0,1
18833,Obstacle Collision,35331.81,-1.267,0,1,0
18834,Success,35334.23,-0.094,0,0,1
18835,Obstacle Collision,35336.35,-1.061,0,1,0
18836,Success,35338.38,-0.094,0,0,1
18837,Success,35341.59,-0.95,0,0,1
18838,Obstacle Collision,35343.7,-1.201,0,1,0
18839,Success,35345.07,-0.05,0,0,1
18840,Success,35348.52,-0.161,0,0,1
18841,Success,35349.77,-0.061,0,0,1
18842,Success,35352.0,-0.078,0,0,1
18843,Success,35353.05,-0.028,0,0,1
18844,Success,35355.9,-0.106,0,0,1
18845,Success,35357.19,-0.039,0,0,1
18846,Obstacle Collision,35357.61,-1.261,0,1,0
18847,Obstacle Collision,35358.39,-4.611,0,1,0
18848,Success,35359.61,-0.039,0,0,1
18849,Success,35360.51,-0.028,0,0,1
18850,Success,35362.97,-0.078,0,0,1
18851,Success,35366.56,-0.222,0,0,1
18852,Success,35368.98,-0.078,0,0,1
18853,Success,35370.63,-1.772,0,0,1
18854,Success,35372.51,-0.083,0,0,1
18855,Success,35374.13,-0.05,0,0,1
18856,Success,35375.73,-0.056,0,0,1
18857,Success,35376.88,-0.05,0,0,1
18858,Success,35378.95,-0.083,0,0,1
18859,Success,35381.31,-0.061,0,0,1
18860,Success,35382.41,-0.044,0,0,1
18861,Obstacle Collision,35382.81,-1.261,0,1,0
18862,Success,35383.9,-0.028,0,0,1
18863,Success,35386.6,-1.783,0,0,1
18864,Success,35388.25,-0.056,0,0,1
18865,Success,35390.31,-0.094,0,0,1
18866,Obstacle Collision,35391.42,-1.081,0,1,0
18867,Obstacle Collision,35391.86,-1.261,0,1,0
18868,Obstacle Collision,35394.41,-1.333,0,1,0
18869,Success,35396.66,-0.089,0,0,1
18870,Agent Collision,35398.28,-7.75,1,0,0
18871,Obstacle Collision,35399.36,-1.081,0,1,0
18872,Obstacle Collision,35400.28,-1.272,0,1,0
18873,Agent Collision,35401.82,-4.322,1,0,0
18874,Obstacle Collision,35403.99,-6.853,0,1,0
18875,Success,35405.14,-1.75,0,0,1
18876,Success,35407.12,-0.061,0,0,1
18877,Success,35408.68,-0.061,0,0,1
18878,Success,35411.15,-0.089,0,0,1
18879,Obstacle Collision,35411.88,-1.192,0,1,0
18880,Success,35413.92,-0.072,0,0,1
18881,Obstacle Collision,35414.95,-1.075,0,1,0
18882,Success,35416.12,-0.039,0,0,1
18883,Success,35417.44,-0.039,0,0,1
18884,Obstacle Collision,35420.33,-1.356,0,1,0
18885,Obstacle Collision,35422.18,-1.092,0,1,0
18886,Obstacle Collision,35423.05,-1.278,0,1,0
18887,Obstacle Collision,35423.49,-1.261,0,1,0
18888,Obstacle Collision,35425.61,-1.161,0,1,0
18889,Success,35428.04,-0.067,0,0,1
18890,Success,35431.24,-0.094,0,0,1
18891,Success,35432.75,-0.089,0,0,1
18892,Obstacle Collision,35433.43,-1.267,0,1,0
18893,Success,35436.24,-0.094,0,0,1
18894,Success,35437.53,-0.039,0,0,1
18895,Obstacle Collision,35439.3,-1.322,0,1,0
18896,Success,35440.75,-0.061,0,0,1
18897,Success,35445.18,-2.711,0,0,1
18898,Success,35447.7,-0.067,0,0,1
18899,Obstacle Collision,35449.92,-1.311,0,1,0
18900,Success,35453.04,-0.1,0,0,1
18901,Success,35454.7,-0.083,0,0,1
18902,Obstacle Collision,35455.91,-1.283,0,1,0
18903,Success,35457.24,-0.05,0,0,1
18904,Success,35458.64,-0.05,0,0,1
18905,Success,35459.57,-0.028,0,0,1
18906,Obstacle Collision,35461.19,-2.161,0,1,0
18907,Obstacle Collision,35462.55,-1.25,0,1,0
18908,Success,35464.54,-0.083,0,0,1
18909,Obstacle Collision,35466.41,-2.15,0,1,0
18910,Obstacle Collision,35468.18,-0.936,0,1,0
18911,Success,35469.65,-0.05,0,0,1
18912,Success,35472.12,-0.078,0,0,1
18913,Success,35473.49,-0.044,0,0,1
18914,Success,35476.06,-0.067,0,0,1
18915,Obstacle Collision,35477.65,-1.322,0,1,0
18916,Obstacle Collision,35478.88,-1.289,0,1,0
18917,Obstacle Collision,35479.96,-1.283,0,1,0
18918,Success,35481.71,-0.078,0,0,1
18919,Success,35483.34,-0.061,0,0,1
18920,Success,35485.64,-1.822,0,0,1
18921,Success,35487.81,-0.072,0,0,1
18922,Obstacle Collision,35489.44,-1.344,0,1,0
18923,Success,35491.32,-0.089,0,0,1
18924,Obstacle Collision,35496.04,-1.55,0,1,0
18925,Success,35497.75,-0.056,0,0,1
18926,Obstacle Collision,35499.68,-0.994,0,1,0
18927,Obstacle Collision,35500.58,-1.272,0,1,0
18928,Success,35502.06,-0.05,0,0,1
18929,Success,35504.85,-0.089,0,0,1
18930,Success,35506.89,-2.622,0,0,1
18931,Success,35509.29,-0.061,0,0,1
18932,Obstacle Collision,35510.69,-0.895,0,1,0
18933,Success,35511.71,-0.033,0,0,1
18934,Success,35514.99,-0.144,0,0,1
18935,Obstacle Collision,35515.71,-1.039,0,1,0
18936,Success,35516.96,-0.05,0,0,1
18937,Success,35517.64,-0.022,0,0,1
18938,Obstacle Collision,35518.07,-1.261,0,1,0
18939,Obstacle Collision,35520.15,-3.872,0,1,0
18940,Success,35521.64,-0.056,0,0,1
18941,Obstacle Collision,35522.33,-1.267,0,1,0
18942,Success,35523.89,-1.756,0,0,1
18943,Success,35526.48,-0.944,0,0,1
18944,Success,35529.15,-0.1,0,0,1
18945,Timeout,35535.8,-0.6,0,0,0
18946,Success,35538.78,-2.667,0,0,1
18947,Obstacle Collision,35541.56,-1.317,0,1,0
18948,Obstacle Collision,35542.59,-1.23,0,1,0
18949,Obstacle Collision,35545.63,-6.478,0,1,0
18950,Success,35546.95,-0.05,0,0,1
18951,Success,35549.2,-0.939,0,0,1
18952,Success,35551.08,-0.078,0,0,1
18953,Success,35552.32,-0.044,0,0,1
18954,Success,35553.41,-0.044,0,0,1
18955,Success,35555.24,-0.922,0,0,1
18956,Agent Collision,35556.51,-1.744,1,0,0
18957,Success,35557.6,-0.044,0,0,1
18958,Success,35559.31,-0.056,0,0,1
18959,Success,35560.7,-0.9,0,0,1
18960,Success,35562.82,-0.1,0,0,1
18961,Obstacle Collision,35565.93,-1.439,0,1,0
18962,Success,35567.81,-0.061,0,0,1
18963,Obstacle Collision,35570.89,-1.372,0,1,0
18964,Success,35572.29,-0.061,0,0,1
18965,Obstacle Collision,35574.19,-1.3,0,1,0
18966,Obstacle Collision,35574.63,-1.261,0,1,0
18967,Obstacle Collision,35575.45,-1.153,0,1,0
18968,Success,35578.59,-0.094,0,0,1
18969,Agent Collision,35580.86,-2.65,1,0,0
18970,Obstacle Collision,35581.72,-1.272,0,1,0
18971,Success,35584.74,-2.656,0,0,1
18972,Obstacle Collision,35586.29,-3.0,0,1,0
18973,Obstacle Collision,35587.18,-1.272,0,1,0
18974,Success,35589.33,-0.917,0,0,1
18975,Success,35590.57,-0.044,0,0,1
18976,Obstacle Collision,35593.01,-2.272,0,1,0
18977,Obstacle Collision,35593.8,-1.272,0,1,0
18978,Success,35596.61,-4.367,0,0,1
18979,Obstacle Collision,35598.58,-0.931,0,1,0
18980,Obstacle Collision,35600.58,-1.322,0,1,0
18981,Success,35601.74,-0.033,0,0,1
18982,Obstacle Collision,35602.81,-1.245,0,1,0
18983,Obstacle Collision,35604.36,-1.211,0,1,0
18984,Success,35605.53,-0.056,0,0,1
18985,Obstacle Collision,35606.71,-0.917,0,1,0
18986,Obstacle Collision,35607.12,-2.972,0,1,0
18987,Obstacle Collision,35609.66,-1.394,0,1,0
18988,Success,35611.46,-0.056,0,0,1
18989,Success,35613.41,-0.117,0,0,1
18990,Success,35615.37,-0.072,0,0,1
18991,Obstacle Collision,35617.04,-1.19,0,1,0
18992,Obstacle Collision,35618.34,-1.289,0,1,0
18993,Obstacle Collision,35619.01,-1.267,0,1,0
18994,Success,35621.66,-0.167,0,0,1
18995,Success,35624.24,-0.939,0,0,1
18996,Success,35627.11,-2.607,0,0,1
18997,Obstacle Collision,35627.78,-1.267,0,1,0
18998,Obstacle Collision,35628.56,-1.272,0,1,0
18999,Success,35630.05,-0.05,0,0,1
19000,Obstacle Collision,35631.11,-1.283,0,1,0
19001,Obstacle Collision,35634.08,-1.483,0,1,0
19002,Obstacle Collision,35634.97,-1.272,0,1,0
19003,Success,35639.99,-1.106,0,0,1
19004,Obstacle Collision,35647.72,-1.822,0,1,0
19005,Success,35649.91,-0.1,0,0,1
19006,Obstacle Collision,35650.8,-1.232,0,1,0
19007,Obstacle Collision,35651.48,-1.267,0,1,0
19008,Obstacle Collision,35653.1,-3.63,0,1,0
19009,Obstacle Collision,35653.52,-2.972,0,1,0
19010,Success,35655.32,-0.078,0,0,1
19011,Obstacle Collision,35656.23,-1.289,0,1,0
19012,Obstacle Collision,35656.89,-1.267,0,1,0
19013,Obstacle Collision,35660.37,-5.194,0,1,0
19014,Success,35661.59,-0.039,0,0,1
19015,Success,35664.15,-0.072,0,0,1
19016,Success,35665.16,-0.033,0,0,1
19017,Success,35666.64,-0.05,0,0,1
19018,Obstacle Collision,35671.43,-1.644,0,1,0
19019,Success,35673.29,-0.067,0,0,1
19020,Success,35675.0,-0.917,0,0,1
19021,Success,35677.31,-0.083,0,0,1
19022,Success,35678.49,-0.033,0,0,1
19023,Success,35679.92,-0.078,0,0,1
19024,Obstacle Collision,35681.58,-1.344,0,1,0
19025,Obstacle Collision,35683.81,-0.992,0,1,0
19026,Success,35685.32,-0.078,0,0,1
19027,Success,35687.5,-0.061,0,0,1
19028,Agent Collision,35690.25,-3.517,1,0,0
19029,Obstacle Collision,35691.07,-1.216,0,1,0
19030,Success,35693.17,-0.072,0,0,1
19031,Success,35695.64,-0.067,0,0,1
19032,Success,35697.97,-0.928,0,0,1
19033,Obstacle Collision,35699.12,-1.201,0,1,0
19034,Success,35701.15,-0.089,0,0,1
19035,Obstacle Collision,35702.54,-1.283,0,1,0
19036,Success,35704.66,-0.083,0,0,1
19037,Obstacle Collision,35705.49,-1.189,0,1,0
19038,Agent Collision,35706.36,-1.733,1,0,0
19039,Obstacle Collision,35707.47,-1.289,0,1,0
19040,Timeout,35715.33,-1.456,0,0,0
19041,Success,35716.17,-0.033,0,0,1
19042,Obstacle Collision,35719.44,-1.517,0,1,0
19043,Obstacle Collision,35720.94,-1.139,0,1,0
19044,Success,35723.59,-0.089,0,0,1
19045,Success,35725.86,-0.078,0,0,1
19046,Success,35729.18,-5.3,0,0,1
19047,Success,35731.28,-0.094,0,0,1
19048,Obstacle Collision,35732.9,-1.294,0,1,0
19049,Obstacle Collision,35733.87,-1.277,0,1,0
19050,Obstacle Collision,35735.09,-1.286,0,1,0
19051,Obstacle Collision,35735.98,-1.272,0,1,0
19052,Success,35737.46,-0.044,0,0,1
19053,Success,35738.55,-0.039,0,0,1
19054,Success,35739.63,-0.039,0,0,1
19055,Obstacle Collision,35740.97,-1.169,0,1,0
19056,Obstacle Collision,35742.05,-1.931,0,1,0
19057,Obstacle Collision,35743.07,-1.3,0,1,0
19058,Obstacle Collision,35744.29,-1.311,0,1,0
19059,Obstacle Collision,35745.91,-4.678,0,1,0
19060,Obstacle Collision,35746.58,-1.267,0,1,0
19061,Obstacle Collision,35747.49,-1.272,0,1,0
19062,Success,35749.44,-0.078,0,0,1
19063,Success,35752.22,-0.078,0,0,1
19064,Obstacle Collision,35752.9,-1.267,0,1,0
19065,Success,35755.34,-0.094,0,0,1
19066,Agent Collision,35757.56,-0.917,1,0,0
19067,Obstacle Collision,35759.61,-1.311,0,1,0
19068,Success,35763.5,-0.15,0,0,1
19069,Success,35764.96,-0.056,0,0,1
19070,Obstacle Collision,35766.0,-1.117,0,1,0
19071,Obstacle Collision,35767.55,-1.333,0,1,0
19072,Success,35769.71,-0.061,0,0,1
19073,Obstacle Collision,35770.96,-1.317,0,1,0
19074,Success,35772.98,-0.072,0,0,1
19075,Success,35776.37,-0.972,0,0,1
19076,Obstacle Collision,35777.86,-1.156,0,1,0
19077,Success,35779.8,-0.078,0,0,1
19078,Success,35782.39,-0.111,0,0,1
19079,Success,35784.43,-0.061,0,0,1
19080,Obstacle Collision,35786.77,-1.125,0,1,0
19081,Obstacle Collision,35787.21,-1.261,0,1,0
19082,Success,35789.08,-0.906,0,0,1
19083,Success,35790.68,-0.056,0,0,1
19084,Success,35792.22,-0.067,0,0,1
19085,Success,35794.22,-0.094,0,0,1
19086,Success,35799.95,-0.361,0,0,1
19087,Success,35801.89,-0.117,0,0,1
19088,Success,35804.43,-0.122,0,0,1
19089,Obstacle Collision,35805.32,-2.012,0,1,0
19090,Success,35807.16,-0.072,0,0,1
19091,Success,35808.94,-0.072,0,0,1
19092,Success,35811.12,-0.089,0,0,1
19093,Obstacle Collision,35812.38,-2.606,0,1,0
19094,Success,35814.54,-0.083,0,0,1
19095,Agent Collision,35816.71,-6.917,1,0,0
19096,Obstacle Collision,35820.35,-1.461,0,1,0
19097,Obstacle Collision,35821.71,-1.283,0,1,0
19098,Obstacle Collision,35823.26,-1.256,0,1,0
19099,Obstacle Collision,35823.89,-1.225,0,1,0
19100,Obstacle Collision,35824.43,-1.267,0,1,0
19101,Success,35826.92,-0.078,0,0,1
19102,Success,35828.31,-0.044,0,0,1
19103,Success,35831.87,-2.711,0,0,1
19104,Success,35834.68,-0.094,0,0,1
19105,Obstacle Collision,35836.45,-1.169,0,1,0
19106,Success,35837.7,-0.061,0,0,1
19107,Success,35839.62,-0.056,0,0,1
19108,Obstacle Collision,35841.54,-1.306,0,1,0
19109,Success,35842.85,-0.061,0,0,1
19110,Obstacle Collision,35843.47,-1.225,0,1,0
19111,Success,35844.93,-0.05,0,0,1
19112,Success,35847.23,-0.122,0,0,1
19113,Obstacle Collision,35849.26,-5.266,0,1,0
19114,Obstacle Collision,35852.63,-2.194,0,1,0
19115,Obstacle Collision,35854.66,-1.311,0,1,0
19116,Obstacle Collision,35855.81,-1.278,0,1,0
19117,Success,35857.92,-1.778,0,0,1
19118,Obstacle Collision,35858.95,-3.844,0,1,0
19119,Success,35861.95,-0.978,0,0,1
19120,Success,35863.2,-0.05,0,0,1
19121,Success,35864.95,-0.089,0,0,1
19122,Success,35867.81,-0.183,0,0,1
19123,Success,35871.28,-4.383,0,0,1
19124,Success,35873.08,-0.089,0,0,1
19125,Obstacle Collision,35874.9,-1.306,0,1,0
19126,Agent Collision,35876.99,-0.917,1,0,0
19127,Obstacle Collision,35878.85,-1.095,0,1,0
19128,Obstacle Collision,35879.29,-1.261,0,1,0
19129,Success,35881.12,-0.067,0,0,1
19130,Success,35882.11,-0.039,0,0,1
19131,Success,35883.43,-0.044,0,0,1
19132,Success,35885.66,-0.083,0,0,1
19133,Success,35887.78,-1.772,0,0,1
19134,Obstacle Collision,35891.29,-1.8,0,1,0
19135,Obstacle Collision,35892.15,-1.231,0,1,0
19136,Agent Collision,35894.11,-9.511,1,0,0
19137,Obstacle Collision,35896.24,-1.311,0,1,0
19138,Success,35897.83,-0.044,0,0,1
19139,Obstacle Collision,35898.4,-1.267,0,1,0
19140,Success,35900.5,-0.056,0,0,1
19141,Timeout,35907.45,-0.6,0,0,0
19142,Obstacle Collision,35908.49,-1.278,0,1,0
19143,Agent Collision,35910.74,-3.5,1,0,0
19144,Agent Collision,35914.13,-6.089,1,0,0
19145,Success,35915.77,-0.072,0,0,1
19146,Success,35917.09,-0.061,0,0,1
19147,Success,35918.7,-2.617,0,0,1
19148,Obstacle Collision,35920.51,-1.356,0,1,0
19149,Obstacle Collision,35921.42,-1.272,0,1,0
19150,Obstacle Collision,35923.75,-1.406,0,1,0
19151,Obstacle Collision,35924.67,-1.242,0,1,0
19152,Obstacle Collision,35925.95,-5.567,0,1,0
19153,Obstacle Collision,35927.3,-1.283,0,1,0
19154,Success,35929.6,-0.083,0,0,1
19155,Success,35931.85,-1.817,0,0,1
19156,Success,35934.92,-0.1,0,0,1
19157,Agent Collision,35936.28,-2.606,1,0,0
19158,Success,35937.66,-0.044,0,0,1
19159,Success,35939.2,-0.067,0,0,1
19160,Obstacle Collision,35940.36,-7.278,0,1,0
19161,Success,35941.28,-0.033,0,0,1
19162,Obstacle Collision,35943.07,-1.256,0,1,0
19163,Success,35945.35,-0.089,0,0,1
19164,Obstacle Collision,35946.92,-1.333,0,1,0
19165,Success,35948.39,-0.05,0,0,1
19166,Obstacle Collision,35949.2,-1.231,0,1,0
19167,Success,35950.91,-0.05,0,0,1
19168,Success,35952.78,-0.067,0,0,1
19169,Success,35955.11,-0.094,0,0,1
19170,Success,35957.66,-0.083,0,0,1
19171,Obstacle Collision,35959.59,-7.311,0,1,0
19172,Success,35961.21,-0.061,0,0,1
19173,Obstacle Collision,35962.24,-1.283,0,1,0
19174,Success,35965.16,-0.117,0,0,1
19175,Success,35967.26,-0.067,0,0,1
19176,Success,35968.82,-0.072,0,0,1
19177,Success,35970.05,-0.039,0,0,1
19178,Success,35971.89,-0.056,0,0,1
19179,Success,35975.59,-5.933,0,0,1
19180,Success,35978.46,-0.133,0,0,1
19181,Obstacle Collision,35979.93,-1.211,0,1,0
19182,Success,35982.37,-0.094,0,0,1
19183,Success,35984.53,-0.078,0,0,1
19184,Obstacle Collision,35991.42,-1.778,0,1,0
19185,Success,35992.59,-0.039,0,0,1
19186,Success,35994.96,-0.1,0,0,1
19187,Success,35996.22,-0.056,0,0,1
19188,Success,35997.55,-0.044,0,0,1
19189,Obstacle Collision,35998.55,-1.283,0,1,0
19190,Success,35999.96,-0.044,0,0,1
19191,Agent Collision,36001.96,-7.772,1,0,0
19192,Success,36004.5,-0.078,0,0,1
19193,Success,36006.26,-0.083,0,0,1
19194,Success,36009.54,-6.111,0,0,1
19195,Success,36012.7,-0.983,0,0,1
19196,Success,36014.53,-0.05,0,0,1
19197,Success,36015.77,-0.056,0,0,1
19198,Obstacle Collision,36017.72,-1.3,0,1,0
19199,Success,36021.22,-2.65,0,0,1
19200,Success,36023.98,-6.083,0,0,1
19201,Success,36025.92,-0.078,0,0,1
19202,Success,36027.82,-0.061,0,0,1
19203,Success,36029.63,-0.056,0,0,1
19204,Success,36030.35,-0.022,0,0,1
19205,Success,36032.79,-0.089,0,0,1
19206,Obstacle Collision,36033.73,-1.084,0,1,0
19207,Obstacle Collision,36034.87,-1.278,0,1,0
19208,Obstacle Collision,36035.77,-1.272,0,1,0
19209,Success,36037.24,-0.05,0,0,1
19210,Obstacle Collision,36039.1,-1.306,0,1,0
19211,Obstacle Collision,36039.78,-1.289,0,1,0
19212,Success,36042.12,-0.067,0,0,1
19213,Obstacle Collision,36043.61,-1.3,0,1,0
19214,Success,36045.62,-0.072,0,0,1
19215,Obstacle Collision,36048.03,-1.361,0,1,0
19216,Success,36049.35,-0.061,0,0,1
19217,Success,36050.64,-0.083,0,0,1
19218,Success,36051.72,-0.033,0,0,1
19219,Success,36053.87,-0.1,0,0,1
19220,Obstacle Collision,36055.14,-0.989,0,1,0
19221,Obstacle Collision,36056.73,-0.986,0,1,0
19222,Success,36058.3,-0.078,0,0,1
19223,Obstacle Collision,36059.64,-1.289,0,1,0
19224,Obstacle Collision,36060.24,-1.267,0,1,0
19225,Success,36061.71,-0.056,0,0,1
19226,Obstacle Collision,36064.1,-1.367,0,1,0
19227,Obstacle Collision,36066.46,-2.867,0,1,0
19228,Obstacle Collision,36067.49,-1.278,0,1,0
19229,Success,36068.43,-0.033,0,0,1
19230,Obstacle Collision,36069.61,-0.894,0,1,0
19231,Obstacle Collision,36071.84,-1.328,0,1,0
19232,Success,36073.27,-0.061,0,0,1
19233,Obstacle Collision,36075.55,-3.037,0,1,0
19234,Obstacle Collision,36077.86,-1.306,0,1,0
19235,Obstacle Collision,36080.42,-1.339,0,1,0
19236,Success,36082.8,-0.067,0,0,1
19237,Success,36084.79,-0.078,0,0,1
19238,Success,36086.34,-0.056,0,0,1
19239,Success,36088.7,-0.072,0,0,1
19240,Success,36091.99,-0.094,0,0,1
19241,Success,36096.19,-0.178,0,0,1
19242,Success,36098.41,-0.072,0,0,1
19243,Obstacle Collision,36099.76,-1.308,0,1,0
19244,Obstacle Collision,36100.74,-1.153,0,1,0
19245,Success,36103.55,-0.1,0,0,1
19246,Obstacle Collision,36104.17,-3.833,0,1,0
19247,Success,36105.88,-0.056,0,0,1
19248,Success,36109.17,-0.117,0,0,1
19249,Obstacle Collision,36110.76,-1.288,0,1,0
19250,Obstacle Collision,36111.87,-1.283,0,1,0
19251,Obstacle Collision,36112.52,-1.289,0,1,0
19252,Success,36115.35,-0.094,0,0,1
19253,Obstacle Collision,36119.67,-1.644,0,1,0
19254,Agent Collision,36121.93,-7.789,1,0,0
19255,Success,36123.24,-0.044,0,0,1
19256,Success,36125.5,-0.067,0,0,1
19257,Success,36128.38,-0.156,0,0,1
19258,Obstacle Collision,36129.17,-1.272,0,1,0
19259,Success,36131.12,-0.078,0,0,1
19260,Success,36132.97,-0.056,0,0,1
19261,Obstacle Collision,36134.82,-0.894,0,1,0
19262,Success,36136.21,-0.039,0,0,1
19263,Success,36137.6,-0.044,0,0,1
19264,Obstacle Collision,36140.17,-0.908,0,1,0
19265,Success,36142.19,-0.1,0,0,1
19266,Obstacle Collision,36143.07,-1.191,0,1,0
19267,Success,36144.85,-0.061,0,0,1
19268,Obstacle Collision,36148.3,-1.494,0,1,0
19269,Success,36149.47,-0.039,0,0,1
19270,Obstacle Collision,36152.21,-1.281,0,1,0
19271,Obstacle Collision,36153.27,-1.3,0,1,0
19272,Success,36155.13,-0.067,0,0,1
19273,Obstacle Collision,36156.35,-1.294,0,1,0
19274,Obstacle Collision,36157.04,-1.267,0,1,0
19275,Success,36159.02,-0.067,0,0,1
19276,Obstacle Collision,36159.47,-1.261,0,1,0
19277,Obstacle Collision,36160.57,-1.278,0,1,0
19278,Success,36162.22,-0.072,0,0,1
19279,Success,36164.02,-0.056,0,0,1
19280,Obstacle Collision,36164.7,-1.267,0,1,0
19281,Success,36169.1,-10.367,0,0,1
19282,Success,36170.82,-0.056,0,0,1
19283,Success,36173.5,-0.106,0,0,1
19284,Success,36174.6,-0.056,0,0,1
19285,Success,36176.26,-0.094,0,0,1
19286,Obstacle Collision,36177.76,-1.317,0,1,0
19287,Success,36180.32,-0.111,0,0,1
19288,Obstacle Collision,36181.42,-1.294,0,1,0
19289,Obstacle Collision,36182.09,-1.267,0,1,0
19290,Obstacle Collision,36182.73,-1.267,0,1,0
19291,Success,36184.2,-0.05,0,0,1
19292,Obstacle Collision,36185.36,-1.278,0,1,0
19293,Success,36187.43,-0.111,0,0,1
19294,Obstacle Collision,36191.49,-2.261,0,1,0
19295,Obstacle Collision,36193.42,-1.3,0,1,0
19296,Success,36195.22,-0.067,0,0,1
19297,Obstacle Collision,36196.46,-1.197,0,1,0
19298,Success,36198.5,-0.083,0,0,1
19299,Success,36199.81,-0.044,0,0,1
19300,Obstacle Collision,36200.73,-1.081,0,1,0
19301,Success,36203.31,-0.1,0,0,1
19302,Success,36204.31,-0.044,0,0,1
19303,Obstacle Collision,36204.99,-1.267,0,1,0
19304,Obstacle Collision,36206.16,-2.959,0,1,0
19305,Success,36208.04,-0.05,0,0,1
19306,Success,36210.58,-0.139,0,0,1
19307,Obstacle Collision,36211.74,-1.283,0,1,0
19308,Obstacle Collision,36213.06,-1.172,0,1,0
19309,Success,36214.47,-0.039,0,0,1
19310,Success,36215.41,-0.044,0,0,1
19311,Success,36218.13,-0.144,0,0,1
19312,Success,36220.0,-0.072,0,0,1
19313,Obstacle Collision,36221.81,-1.294,0,1,0
19314,Obstacle Collision,36223.64,-1.356,0,1,0
19315,Obstacle Collision,36225.22,-1.092,0,1,0
19316,Obstacle Collision,36226.74,-2.025,0,1,0
19317,Success,36228.81,-0.1,0,0,1
19318,Success,36230.38,-0.05,0,0,1
19319,Success,36232.33,-0.078,0,0,1
19320,Obstacle Collision,36234.89,-1.12,0,1,0
19321,Success,36236.85,-0.061,0,0,1
19322,Obstacle Collision,36238.71,-2.15,0,1,0
19323,Obstacle Collision,36239.66,-1.278,0,1,0
19324,Success,36240.66,-0.033,0,0,1
19325,Success,36242.73,-0.089,0,0,1
19326,Obstacle Collision,36245.35,-1.394,0,1,0
19327,Success,36247.37,-0.056,0,0,1
19328,Success,36249.73,-0.083,0,0,1
19329,Obstacle Collision,36250.46,-1.272,0,1,0
19330,Success,36252.59,-0.933,0,0,1
19331,Obstacle Collision,36253.64,-1.225,0,1,0
19332,Success,36255.22,-0.056,0,0,1
19333,Success,36257.03,-0.061,0,0,1
19334,Obstacle Collision,36257.82,-0.894,0,1,0
19335,Success,36259.51,-0.1,0,0,1
19336,Success,36260.76,-0.056,0,0,1
19337,Success,36263.51,-0.1,0,0,1
19338,Obstacle Collision,36265.04,-1.211,0,1,0
19339,Obstacle Collision,36266.16,-1.283,0,1,0
19340,Success,36267.62,-0.05,0,0,1
19341,Success,36271.39,-0.156,0,0,1
19342,Success,36272.61,-0.061,0,0,1
19343,Success,36274.05,-0.072,0,0,1
19344,Obstacle Collision,36275.25,-1.283,0,1,0
19345,Obstacle Collision,36278.65,-2.222,0,1,0
19346,Success,36281.06,-0.094,0,0,1
19347,Obstacle Collision,36281.49,-1.261,0,1,0
19348,Success,36283.05,-0.061,0,0,1
19349,Success,36284.28,-0.05,0,0,1
19350,Obstacle Collision,36286.41,-3.878,0,1,0
19351,Obstacle Collision,36287.06,-1.183,0,1,0
19352,Obstacle Collision,36288.31,-1.294,0,1,0
19353,Obstacle Collision,36290.43,-1.322,0,1,0
19354,Success,36292.28,-0.911,0,0,1
19355,Obstacle Collision,36293.32,-0.823,0,1,0
19356,Success,36295.37,-0.067,0,0,1
19357,Success,36296.87,-0.061,0,0,1
19358,Success,36299.4,-0.083,0,0,1
19359,Success,36301.69,-0.083,0,0,1
19360,Success,36304.62,-4.383,0,0,1
19361,Success,36307.09,-0.067,0,0,1
19362,Timeout,36313.87,-0.6,0,0,0
19363,Success,36315.85,-0.089,0,0,1
19364,Obstacle Collision,36317.08,-1.117,0,1,0
19365,Obstacle Collision,36319.91,-1.322,0,1,0
19366,Success,36322.13,-1.806,0,0,1
19367,Agent Collision,36323.93,-9.472,1,0,0
19368,Obstacle Collision,36325.94,-1.3,0,1,0
19369,Success,36326.7,-0.028,0,0,1
19370,Success,36328.5,-0.061,0,0,1
19371,Obstacle Collision,36329.86,-1.045,0,1,0
19372,Obstacle Collision,36331.67,-1.011,0,1,0
19373,Success,36332.75,-0.044,0,0,1
19374,Success,36334.7,-2.644,0,0,1
19375,Success,36336.17,-0.044,0,0,1
19376,Success,36338.4,-0.072,0,0,1
19377,Obstacle Collision,36339.91,-1.114,0,1,0
19378,Success,36341.22,-0.039,0,0,1
19379,Success,36343.71,-0.094,0,0,1
19380,Success,36345.64,-0.061,0,0,1
19381,Success,36349.19,-1.828,0,0,1
19382,Obstacle Collision,36350.34,-1.003,0,1,0
19383,Success,36352.53,-0.078,0,0,1
19384,Success,36353.6,-0.05,0,0,1
19385,Success,36356.15,-0.083,0,0,1
19386,Agent Collision,36356.79,-2.583,1,0,0
19387,Success,36359.35,-0.117,0,0,1
19388,Obstacle Collision,36360.98,-1.289,0,1,0
19389,Success,36362.79,-0.061,0,0,1
19390,Success,36364.27,-0.056,0,0,1
19391,Obstacle Collision,36366.35,-1.306,0,1,0
19392,Obstacle Collision,36372.95,-1.717,0,1,0
19393,Success,36375.13,-0.061,0,0,1
19394,Obstacle Collision,36376.03,-1.272,0,1,0
19395,Success,36377.32,-0.044,0,0,1
19396,Obstacle Collision,36379.23,-1.333,0,1,0
19397,Obstacle Collision,36380.52,-1.283,0,1,0
19398,Success,36382.7,-0.067,0,0,1
19399,Obstacle Collision,36383.39,-1.267,0,1,0
19400,Success,36386.81,-0.094,0,0,1
19401,Agent Collision,36387.89,-5.167,1,0,0
19402,Obstacle Collision,36388.79,-1.272,0,1,0
19403,Success,36391.07,-0.072,0,0,1
19404,Success,36392.68,-0.067,0,0,1
19405,Success,36395.94,-0.972,0,0,1
19406,Success,36397.77,-0.917,0,0,1
19407,Success,36399.13,-0.039,0,0,1
19408,Success,36401.75,-3.511,0,0,1
19409,Success,36403.44,-0.056,0,0,1
19410,Obstacle Collision,36404.76,-1.289,0,1,0
19411,Obstacle Collision,36408.69,-3.1,0,1,0
19412,Obstacle Collision,36409.81,-1.278,0,1,0
19413,Success,36413.69,-4.45,0,0,1
19414,Obstacle Collision,36415.31,-9.033,0,1,0
19415,Success,36417.7,-0.094,0,0,1
19416,Success,36418.86,-0.05,0,0,1
19417,Success,36421.47,-0.072,0,0,1
19418,Obstacle Collision,36422.13,-1.267,0,1,0
19419,Success,36423.59,-0.078,0,0,1
19420,Obstacle Collision,36424.35,-1.278,0,1,0
19421,Success,36426.18,-0.05,0,0,1
19422,Success,36427.72,-0.083,0,0,1
19423,Obstacle Collision,36429.33,-1.012,0,1,0
19424,Obstacle Collision,36430.98,-1.193,0,1,0
19425,Success,36432.22,-0.05,0,0,1
19426,Obstacle Collision,36433.2,-1.322,0,1,0
19427,Agent Collision,36435.98,-0.944,1,0,0
19428,Success,36437.95,-0.094,0,0,1
19429,Obstacle Collision,36439.58,-2.606,0,1,0
19430,Obstacle Collision,36441.86,-1.311,0,1,0
19431,Success,36443.17,-0.072,0,0,1
19432,Success,36444.78,-0.067,0,0,1
19433,Success,36446.07,-0.044,0,0,1
19434,Success,36447.93,-0.072,0,0,1
19435,Success,36449.62,-2.617,0,0,1
19436,Success,36451.46,-0.083,0,0,1
19437,Success,36452.69,-0.033,0,0,1
19438,Obstacle Collision,36453.13,-1.261,0,1,0
19439,Success,36455.47,-0.083,0,0,1
19440,Success,36457.18,-0.906,0,0,1
19441,Success,36460.59,-4.372,0,0,1
19442,Success,36462.05,-2.606,0,0,1
19443,Success,36463.5,-0.056,0,0,1
19444,Success,36465.85,-0.078,0,0,1
19445,Success,36469.3,-0.122,0,0,1
19446,Success,36470.84,-0.056,0,0,1
19447,Success,36472.48,-0.056,0,0,1
19448,Obstacle Collision,36473.1,-1.267,0,1,0
19449,Obstacle Collision,36473.74,-1.267,0,1,0
19450,Success,36476.36,-0.15,0,0,1
19451,Success,36479.12,-0.089,0,0,1
19452,Success,36481.96,-5.222,0,0,1
19453,Success,36484.39,-0.072,0,0,1
19454,Obstacle Collision,36486.92,-1.35,0,1,0
19455,Success,36488.07,-0.039,0,0,1
19456,Success,36488.98,-0.033,0,0,1
19457,Success,36489.96,-0.028,0,0,1
19458,Success,36493.09,-0.961,0,0,1
19459,Success,36495.4,-0.072,0,0,1
19460,Obstacle Collision,36496.99,-0.977,0,1,0
19461,Success,36499.71,-3.517,0,0,1
19462,Success,36502.87,-3.5,0,0,1
19463,Obstacle Collision,36504.02,-1.278,0,1,0
19464,Success,36506.87,-0.089,0,0,1
19465,Obstacle Collision,36507.3,-1.261,0,1,0
19466,Obstacle Collision,36509.01,-0.967,0,1,0
19467,Obstacle Collision,36511.54,-1.339,0,1,0
19468,Obstacle Collision,36513.53,-1.322,0,1,0
19469,Obstacle Collision,36514.37,-0.973,0,1,0
19470,Obstacle Collision,36515.33,-4.306,0,1,0
19471,Agent Collision,36518.41,-6.95,1,0,0
19472,Obstacle Collision,36521.99,-1.417,0,1,0
19473,Success,36523.3,-0.039,0,0,1
19474,Obstacle Collision,36524.16,-2.589,0,1,0
19475,Obstacle Collision,36525.69,-1.3,0,1,0
19476,Success,36527.05,-0.072,0,0,1
19477,Success,36527.82,-0.028,0,0,1
19478,Success,36529.77,-0.056,0,0,1
19479,Success,36531.38,-0.05,0,0,1
19480,Success,36533.77,-0.933,0,0,1
19481,Success,36534.84,-0.039,0,0,1
19482,Success,36536.54,-0.05,0,0,1
19483,Success,36538.32,-0.067,0,0,1
19484,Obstacle Collision,36540.26,-0.958,0,1,0
19485,Success,36543.27,-0.161,0,0,1
19486,Success,36544.74,-0.039,0,0,1
19487,Obstacle Collision,36546.23,-1.294,0,1,0
19488,Obstacle Collision,36547.3,-2.864,0,1,0
19489,Success,36550.17,-0.094,0,0,1
19490,Success,36551.01,-0.033,0,0,1
19491,Obstacle Collision,36553.26,-1.333,0,1,0
19492,Obstacle Collision,36554.81,-1.294,0,1,0
19493,Success,36556.04,-0.067,0,0,1
19494,Success,36558.04,-0.067,0,0,1
19495,Obstacle Collision,36558.69,-1.111,0,1,0
19496,Success,36559.76,-0.05,0,0,1
19497,Success,36561.9,-0.061,0,0,1
19498,Success,36566.75,-0.356,0,0,1
19499,Success,36569.48,-0.067,0,0,1
19500,Success,36570.97,-0.072,0,0,1
19501,Success,36574.04,-0.106,0,0,1
19502,Obstacle Collision,36574.83,-1.272,0,1,0
19503,Success,36576.66,-0.106,0,0,1
19504,Success,36579.17,-1.789,0,0,1
19505,Obstacle Collision,36580.39,-1.289,0,1,0
19506,Success,36582.27,-0.067,0,0,1
19507,Obstacle Collision,36584.01,-1.294,0,1,0
19508,Success,36586.09,-0.067,0,0,1
19509,Obstacle Collision,36587.46,-1.744,0,1,0
19510,Success,36589.96,-0.083,0,0,1
19511,Obstacle Collision,36590.86,-1.272,0,1,0
19512,Obstacle Collision,36591.7,-1.16,0,1,0
19513,Success,36593.6,-0.061,0,0,1
19514,Success,36594.98,-0.039,0,0,1
19515,Success,36597.5,-0.078,0,0,1
19516,Success,36599.92,-0.078,0,0,1
19517,Obstacle Collision,36602.03,-1.317,0,1,0
19518,Obstacle Collision,36604.66,-1.444,0,1,0
19519,Success,36607.86,-0.083,0,0,1
19520,Obstacle Collision,36610.47,-1.428,0,1,0
19521,Obstacle Collision,36612.8,-1.311,0,1,0
19522,Obstacle Collision,36614.21,-1.942,0,1,0
19523,Success,36616.18,-6.911,0,0,1
19524,Success,36618.5,-0.072,0,0,1
19525,Success,36620.05,-0.917,0,0,1
19526,Success,36622.08,-0.106,0,0,1
19527,Obstacle Collision,36624.35,-1.233,0,1,0
19528,Success,36625.74,-0.056,0,0,1
19529,Obstacle Collision,36628.25,-2.726,0,1,0
19530,Success,36629.72,-0.05,0,0,1
19531,Success,36630.32,-0.017,0,0,1
19532,Obstacle Collision,36631.87,-1.294,0,1,0
19533,Success,36633.33,-0.906,0,0,1
19534,Success,36634.96,-0.044,0,0,1
19535,Success,36636.36,-0.061,0,0,1
19536,Success,36637.27,-0.028,0,0,1
19537,Success,36639.39,-0.117,0,0,1
19538,Success,36640.79,-0.05,0,0,1
19539,Success,36641.95,-0.033,0,0,1
19540,Success,36643.58,-0.05,0,0,1
19541,Obstacle Collision,36644.89,-1.311,0,1,0
19542,Obstacle Collision,36646.28,-1.3,0,1,0
19543,Obstacle Collision,36648.53,-1.221,0,1,0
19544,Obstacle Collision,36649.86,-1.283,0,1,0
19545,Success,36651.02,-0.056,0,0,1
19546,Obstacle Collision,36654.72,-1.339,0,1,0
19547,Obstacle Collision,36656.85,-1.378,0,1,0
19548,Success,36659.37,-0.083,0,0,1
19549,Success,36661.59,-0.1,0,0,1
19550,Success,36662.59,-0.033,0,0,1
19551,Success,36664.38,-0.083,0,0,1
19552,Success,36665.52,-0.033,0,0,1
19553,Success,36666.84,-0.039,0,0,1
19554,Obstacle Collision,36671.52,-1.594,0,1,0
19555,Obstacle Collision,36672.92,-1.294,0,1,0
19556,Success,36674.78,-0.05,0,0,1
19557,Obstacle Collision,36675.81,-1.278,0,1,0
19558,Success,36676.81,-0.033,0,0,1
19559,Obstacle Collision,36678.57,-1.125,0,1,0
19560,Success,36679.95,-0.056,0,0,1
19561,Obstacle Collision,36680.62,-1.267,0,1,0
19562,Success,36681.76,-0.039,0,0,1
19563,Success,36683.15,-0.067,0,0,1
19564,Obstacle Collision,36684.89,-0.869,0,1,0
19565,Obstacle Collision,36685.84,-1.237,0,1,0
19566,Obstacle Collision,36688.25,-3.844,0,1,0
19567,Obstacle Collision,36689.48,-1.306,0,1,0
19568,Success,36691.77,-0.922,0,0,1
19569,Success,36694.12,-0.072,0,0,1
19570,Success,36695.51,-0.067,0,0,1
19571,Success,36697.22,-0.072,0,0,1
19572,Success,36699.45,-0.072,0,0,1
19573,Success,36700.68,-0.061,0,0,1
19574,Success,36703.47,-0.156,0,0,1
19575,Agent Collision,36705.91,-3.506,1,0,0
19576,Success,36707.38,-0.05,0,0,1
19577,Success,36709.0,-0.067,0,0,1
19578,Success,36711.42,-0.072,0,0,1
19579,Success,36714.19,-0.083,0,0,1
19580,Success,36714.86,-0.022,0,0,1
19581,Success,36716.43,-0.072,0,0,1
19582,Obstacle Collision,36718.24,-1.3,0,1,0
19583,Success,36719.76,-0.044,0,0,1
19584,Success,36721.47,-0.072,0,0,1
19585,Obstacle Collision,36722.75,-1.289,0,1,0
19586,Success,36726.0,-0.089,0,0,1
19587,Success,36726.9,-0.028,0,0,1
19588,Success,36728.51,-0.067,0,0,1
19589,Obstacle Collision,36729.74,-1.283,0,1,0
19590,Success,36731.42,-0.044,0,0,1
19591,Success,36733.34,-0.067,0,0,1
19592,Obstacle Collision,36733.99,-1.226,0,1,0
19593,Success,36735.21,-0.039,0,0,1
19594,Obstacle Collision,36736.42,-1.004,0,1,0
19595,Success,36738.7,-0.061,0,0,1
19596,Success,36740.66,-1.783,0,0,1
19597,Obstacle Collision,36741.49,-1.119,0,1,0
19598,Obstacle Collision,36743.66,-1.356,0,1,0
19599,Obstacle Collision,36746.21,-1.356,0,1,0
19600,Obstacle Collision,36746.66,-1.261,0,1,0
19601,Obstacle Collision,36747.85,-1.283,0,1,0
19602,Obstacle Collision,36749.85,-1.3,0,1,0
19603,Success,36753.79,-0.111,0,0,1
19604,Obstacle Collision,36757.5,-1.561,0,1,0
19605,Obstacle Collision,36759.9,-1.444,0,1,0
19606,Success,36762.71,-0.089,0,0,1
19607,Success,36764.19,-0.067,0,0,1
19608,Success,36765.95,-0.061,0,0,1
19609,Success,36767.82,-0.078,0,0,1
19610,Success,36769.91,-0.067,0,0,1
19611,Obstacle Collision,36771.97,-1.339,0,1,0
19612,Obstacle Collision,36772.95,-1.05,0,1,0
19613,Success,36775.61,-0.939,0,0,1
19614,Success,36778.13,-0.1,0,0,1
19615,Obstacle Collision,36778.77,-1.267,0,1,0
19616,Obstacle Collision,36781.12,-1.361,0,1,0
19617,Obstacle Collision,36781.98,-1.272,0,1,0
19618,Success,36784.27,-0.083,0,0,1
19619,Success,36785.97,-0.061,0,0,1
19620,Success,36787.42,-0.044,0,0,1
19621,Obstacle Collision,36788.7,-1.744,0,1,0
19622,Success,36790.58,-0.083,0,0,1
19623,Success,36791.65,-0.039,0,0,1
19624,Success,36792.7,-0.033,0,0,1
19625,Obstacle Collision,36795.21,-1.311,0,1,0
19626,Obstacle Collision,36795.63,-1.261,0,1,0
19627,Success,36799.72,-0.206,0,0,1
19628,Success,36801.54,-0.061,0,0,1
19629,Success,36803.76,-0.089,0,0,1
19630,Success,36805.92,-0.922,0,0,1
19631,Success,36806.9,-0.039,0,0,1
19632,Success,36808.04,-0.05,0,0,1
19633,Obstacle Collision,36809.41,-1.191,0,1,0
19634,Obstacle Collision,36810.08,-1.267,0,1,0
19635,Obstacle Collision,36813.14,-2.261,0,1,0
19636,Success,36814.99,-0.056,0,0,1
19637,Success,36817.83,-0.117,0,0,1
19638,Success,36820.17,-0.083,0,0,1
19639,Success,36822.62,-0.928,0,0,1
19640,Success,36824.32,-0.906,0,0,1
19641,Success,36826.36,-0.072,0,0,1
19642,Obstacle Collision,36828.15,-0.905,0,1,0
19643,Obstacle Collision,36829.28,-1.278,0,1,0
19644,Obstacle Collision,36831.37,-2.267,0,1,0
19645,Success,36832.35,-0.033,0,0,1
19646,Obstacle Collision,36833.26,-1.272,0,1,0
19647,Success,36835.78,-0.089,0,0,1
19648,Success,36836.85,-0.039,0,0,1
19649,Success,36837.94,-0.039,0,0,1
19650,Success,36840.12,-0.128,0,0,1
19651,Obstacle Collision,36841.45,-1.054,0,1,0
19652,Success,36843.42,-0.1,0,0,1
19653,Success,36845.04,-0.05,0,0,1
19654,Obstacle Collision,36845.71,-1.267,0,1,0
19655,Agent Collision,36847.41,-5.206,1,0,0
19656,Obstacle Collision,36847.84,-1.261,0,1,0
19657,Success,36849.39,-0.044,0,0,1
19658,Obstacle Collision,36850.96,-1.306,0,1,0
19659,Obstacle Collision,36851.9,-1.044,0,1,0
19660,Obstacle Collision,36853.51,-1.767,0,1,0
19661,Obstacle Collision,36856.21,-1.378,0,1,0
19662,Obstacle Collision,36857.96,-1.306,0,1,0
19663,Success,36859.69,-0.067,0,0,1
19664,Success,36861.15,-0.05,0,0,1
19665,Success,36863.59,-0.089,0,0,1
19666,Success,36864.92,-0.044,0,0,1
19667,Obstacle Collision,36866.84,-1.306,0,1,0
19668,Success,36868.76,-0.056,0,0,1
19669,Success,36870.7,-0.061,0,0,1
19670,Success,36872.83,-0.083,0,0,1
19671,Obstacle Collision,36873.52,-1.267,0,1,0
19672,Obstacle Collision,36878.43,-5.756,0,1,0
19673,Success,36879.5,-0.033,0,0,1
19674,Obstacle Collision,36881.59,-1.306,0,1,0
19675,Obstacle Collision,36884.29,-1.344,0,1,0
19676,Success,36886.63,-0.083,0,0,1
19677,Success,36887.7,-0.033,0,0,1
19678,Obstacle Collision,36888.78,-2.133,0,1,0
19679,Success,36890.17,-0.044,0,0,1
19680,Obstacle Collision,36891.22,-1.101,0,1,0
19681,Success,36893.28,-0.061,0,0,1
19682,Obstacle Collision,36894.21,-1.272,0,1,0
19683,Agent Collision,36897.62,-3.539,1,0,0
19684,Success,36898.95,-0.05,0,0,1
19685,Obstacle Collision,36900.03,-1.117,0,1,0
19686,Success,36902.48,-0.089,0,0,1
19687,Obstacle Collision,36904.44,-1.383,0,1,0
19688,Success,36906.36,-0.067,0,0,1
19689,Success,36908.36,-0.083,0,0,1
19690,Obstacle Collision,36909.01,-1.257,0,1,0
19691,Success,36910.7,-0.05,0,0,1
19692,Success,36912.77,-0.089,0,0,1
19693,Success,36913.75,-0.028,0,0,1
19694,Success,36914.82,-0.05,0,0,1
19695,Success,36916.92,-0.067,0,0,1
19696,Success,36918.8,-0.083,0,0,1
19697,Obstacle Collision,36920.78,-1.046,0,1,0
19698,Obstacle Collision,36921.38,-1.267,0,1,0
19699,Obstacle Collision,36923.28,-1.288,0,1,0
19700,Obstacle Collision,36925.13,-1.106,0,1,0
19701,Obstacle Collision,36926.09,-1.111,0,1,0
19702,Obstacle Collision,36927.21,-1.019,0,1,0
19703,Success,36929.68,-0.111,0,0,1
19704,Success,36931.29,-0.911,0,0,1
19705,Obstacle Collision,36931.92,-1.267,0,1,0
19706,Success,36933.96,-0.106,0,0,1
19707,Success,36936.9,-0.106,0,0,1
19708,Obstacle Collision,36938.05,-1.278,0,1,0
19709,Success,36939.46,-0.056,0,0,1
19710,Success,36941.66,-0.072,0,0,1
19711,Success,36943.84,-0.072,0,0,1
19712,Success,36946.05,-0.961,0,0,1
19713,Success,36947.29,-2.606,0,0,1
19714,Success,36949.18,-0.072,0,0,1
19715,Success,36950.97,-0.061,0,0,1
19716,Success,36953.41,-0.072,0,0,1
19717,Success,36955.66,-0.133,0,0,1
19718,Success,36957.75,-0.094,0,0,1
19719,Obstacle Collision,36959.09,-0.895,0,1,0
19720,Success,36961.07,-0.083,0,0,1
19721,Obstacle Collision,36965.36,-2.893,0,1,0
19722,Success,36966.59,-0.039,0,0,1
19723,Obstacle Collision,36967.51,-1.272,0,1,0
19724,Obstacle Collision,36972.34,-3.222,0,1,0
19725,Success,36975.33,-0.1,0,0,1
19726,Obstacle Collision,36976.01,-1.267,0,1,0
19727,Success,36978.82,-4.328,0,0,1
19728,Obstacle Collision,36979.78,-1.128,0,1,0
19729,Success,36982.85,-0.1,0,0,1
19730,Success,36984.48,-0.05,0,0,1
19731,Obstacle Collision,36986.4,-1.206,0,1,0
19732,Obstacle Collision,36986.83,-1.261,0,1,0
19733,Success,36989.4,-0.1,0,0,1
19734,Success,36993.36,-0.989,0,0,1
19735,Success,36996.82,-0.106,0,0,1
19736,Success,36998.38,-0.061,0,0,1
19737,Obstacle Collision,36999.05,-1.267,0,1,0
19738,Success,37000.53,-0.917,0,0,1
19739,Success,37003.16,-0.072,0,0,1
19740,Success,37005.23,-0.089,0,0,1
19741,Success,37008.93,-6.872,0,0,1
19742,Obstacle Collision,37010.3,-1.205,0,1,0
19743,Obstacle Collision,37012.96,-1.389,0,1,0
19744,Obstacle Collision,37014.41,-1.092,0,1,0
19745,Success,37015.71,-0.061,0,0,1
19746,Obstacle Collision,37018.43,-1.361,0,1,0
19747,Obstacle Collision,37019.1,-1.267,0,1,0
19748,Obstacle Collision,37019.72,-1.267,0,1,0
19749,Success,37023.72,-0.978,0,0,1
19750,Success,37025.77,-0.083,0,0,1
19751,Success,37027.02,-0.039,0,0,1
19752,Obstacle Collision,37028.91,-3.867,0,1,0
19753,Success,37032.27,-2.678,0,0,1
19754,Obstacle Collision,37033.74,-0.98,0,1,0
19755,Success,37035.49,-0.061,0,0,1
19756,Obstacle Collision,37037.4,-2.183,0,1,0
19757,Obstacle Collision,37037.77,-1.261,0,1,0
19758,Obstacle Collision,37039.2,-9.011,0,1,0
19759,Obstacle Collision,37040.68,-1.311,0,1,0
19760,Success,37042.33,-0.072,0,0,1
19761,Success,37044.64,-0.111,0,0,1
19762,Success,37047.32,-0.1,0,0,1
19763,Obstacle Collision,37049.25,-9.653,0,1,0
19764,Obstacle Collision,37051.88,-1.344,0,1,0
19765,Success,37054.17,-0.072,0,0,1
19766,Obstacle Collision,37055.46,-1.289,0,1,0
19767,Obstacle Collision,37056.41,-1.153,0,1,0
19768,Success,37059.45,-0.111,0,0,1
19769,Obstacle Collision,37060.8,-2.139,0,1,0
19770,Success,37063.71,-0.161,0,0,1
19771,Success,37064.48,-0.028,0,0,1
19772,Success,37065.23,-0.022,0,0,1
19773,Success,37067.44,-0.089,0,0,1
19774,Success,37070.02,-0.067,0,0,1
19775,Success,37071.47,-0.05,0,0,1
19776,Obstacle Collision,37072.62,-1.739,0,1,0
19777,Obstacle Collision,37073.98,-1.199,0,1,0
19778,Success,37074.74,-0.033,0,0,1
19779,Success,37076.91,-0.067,0,0,1
19780,Obstacle Collision,37078.86,-1.103,0,1,0
19781,Success,37080.79,-0.067,0,0,1
19782,Obstacle Collision,37082.78,-2.827,0,1,0
19783,Success,37087.33,-0.306,0,0,1
19784,Obstacle Collision,37087.97,-1.228,0,1,0
19785,Obstacle Collision,37090.51,-1.328,0,1,0
19786,Obstacle Collision,37091.99,-1.186,0,1,0
19787,Success,37093.47,-0.056,0,0,1
19788,Success,37096.56,-0.117,0,0,1
19789,Obstacle Collision,37097.55,-1.278,0,1,0
19790,Success,37099.83,-2.656,0,0,1
19791,Obstacle Collision,37101.21,-0.79,0,1,0
19792,Success,37104.56,-0.956,0,0,1
19793,Success,37106.1,-0.056,0,0,1
19794,Obstacle Collision,37106.78,-1.267,0,1,0
19795,Success,37107.62,-0.028,0,0,1
19796,Obstacle Collision,37108.5,-1.294,0,1,0
19797,Success,37111.22,-0.078,0,0,1
19798,Obstacle Collision,37111.84,-1.267,0,1,0
19799,Success,37114.56,-0.1,0,0,1
19800,Success,37117.36,-1.8,0,0,1
19801,Success,37119.15,-0.061,0,0,1
19802,Success,37120.77,-0.05,0,0,1
19803,Success,37122.78,-0.061,0,0,1
19804,Success,37124.24,-0.061,0,0,1
19805,Obstacle Collision,37126.17,-1.311,0,1,0
19806,Success,37127.24,-0.044,0,0,1
19807,Success,37129.34,-0.067,0,0,1
19808,Success,37131.38,-0.078,0,0,1
19809,Obstacle Collision,37132.24,-1.119,0,1,0
19810,Obstacle Collision,37132.99,-1.272,0,1,0
19811,Success,37134.7,-0.911,0,0,1
19812,Success,37136.65,-0.061,0,0,1
19813,Success,37140.1,-0.978,0,0,1
19814,Success,37141.42,-0.044,0,0,1
19815,Success,37143.21,-0.056,0,0,1
19816,Obstacle Collision,37145.55,-2.717,0,1,0
19817,Obstacle Collision,37147.14,-1.078,0,1,0
19818,Success,37149.33,-0.083,0,0,1
19819,Obstacle Collision,37150.22,-1.294,0,1,0
19820,Obstacle Collision,37151.67,-1.367,0,1,0
19821,Success,37153.61,-0.078,0,0,1
19822,Success,37155.15,-0.056,0,0,1
19823,Obstacle Collision,37157.07,-1.361,0,1,0
19824,Success,37158.97,-0.083,0,0,1
19825,Obstacle Collision,37161.0,-1.3,0,1,0
19826,Success,37162.79,-0.094,0,0,1
19827,Obstacle Collision,37163.99,-1.127,0,1,0
19828,Success,37165.77,-0.067,0,0,1
19829,Obstacle Collision,37166.45,-1.267,0,1,0
19830,Success,37167.77,-0.05,0,0,1
19831,Success,37169.43,-0.061,0,0,1
19832,Obstacle Collision,37171.59,-1.356,0,1,0
19833,Success,37174.07,-0.078,0,0,1
19834,Success,37176.39,-0.078,0,0,1
19835,Success,37177.61,-0.044,0,0,1
19836,Success,37178.29,-0.022,0,0,1
19837,Success,37179.92,-0.072,0,0,1
19838,Success,37183.32,-0.172,0,0,1
19839,Success,37187.32,-0.957,0,0,1
19840,Obstacle Collision,37187.95,-1.267,0,1,0
19841,Success,37189.45,-0.056,0,0,1
19842,Obstacle Collision,37190.75,-1.249,0,1,0
19843,Success,37192.98,-0.061,0,0,1
19844,Success,37193.88,-0.033,0,0,1
19845,Obstacle Collision,37194.86,-1.278,0,1,0
19846,Success,37197.22,-0.083,0,0,1
19847,Obstacle Collision,37198.74,-1.053,0,1,0
19848,Obstacle Collision,37203.28,-1.494,0,1,0
19849,Obstacle Collision,37205.12,-1.294,0,1,0
19850,Success,37206.82,-0.061,0,0,1
19851,Obstacle Collision,37208.57,-1.317,0,1,0
19852,Obstacle Collision,37210.17,-1.289,0,1,0
19853,Obstacle Collision,37211.95,-1.306,0,1,0
19854,Success,37214.46,-0.083,0,0,1
19855,Success,37217.13,-0.083,0,0,1
19856,Success,37220.49,-0.106,0,0,1
19857,Agent Collision,37223.22,-4.372,1,0,0
19858,Obstacle Collision,37226.38,-1.378,0,1,0
19859,Obstacle Collision,37228.0,-2.144,0,1,0
19860,Success,37229.86,-0.05,0,0,1
19861,Success,37231.57,-0.056,0,0,1
19862,Success,37234.16,-0.089,0,0,1
19863,Success,37237.08,-0.1,0,0,1
19864,Obstacle Collision,37239.98,-1.378,0,1,0
19865,Success,37242.25,-0.061,0,0,1
19866,Obstacle Collision,37242.65,-1.261,0,1,0
19867,Success,37244.53,-0.067,0,0,1
19868,Success,37245.28,-0.022,0,0,1
19869,Success,37247.64,-0.072,0,0,1
19870,Success,37249.37,-0.061,0,0,1
19871,Obstacle Collision,37251.92,-1.311,0,1,0
19872,Success,37254.42,-0.067,0,0,1
19873,Obstacle Collision,37255.74,-1.294,0,1,0
19874,Success,37257.94,-0.061,0,0,1
19875,Success,37259.74,-0.072,0,0,1
19876,Success,37262.48,-0.083,0,0,1
19877,Success,37264.34,-0.061,0,0,1
19878,Success,37265.42,-0.039,0,0,1
19879,Success,37267.2,-0.078,0,0,1
19880,Obstacle Collision,37268.94,-1.306,0,1,0
19881,Obstacle Collision,37269.84,-2.128,0,1,0
19882,Obstacle Collision,37271.15,-1.242,0,1,0
19883,Obstacle Collision,37274.44,-1.444,0,1,0
19884,Success,37275.27,-0.028,0,0,1
19885,Success,37277.77,-0.094,0,0,1
19886,Success,37279.77,-0.067,0,0,1
19887,Success,37282.48,-0.089,0,0,1
19888,Success,37283.8,-0.033,0,0,1
19889,Success,37286.98,-0.256,0,0,1
19890,Success,37289.0,-0.061,0,0,1
19891,Obstacle Collision,37289.65,-1.266,0,1,0
19892,Obstacle Collision,37293.45,-1.522,0,1,0
19893,Success,37295.42,-0.111,0,0,1
19894,Success,37296.8,-0.061,0,0,1
19895,Obstacle Collision,37298.4,-1.289,0,1,0
19896,Obstacle Collision,37301.52,-1.467,0,1,0
19897,Success,37303.32,-0.067,0,0,1
19898,Success,37307.11,-0.217,0,0,1
19899,Success,37309.52,-1.794,0,0,1
19900,Success,37311.4,-0.067,0,0,1
19901,Success,37313.5,-0.106,0,0,1
19902,Success,37315.63,-0.078,0,0,1
19903,Obstacle Collision,37316.91,-1.283,0,1,0
19904,Obstacle Collision,37317.58,-1.267,0,1,0
19905,Obstacle Collision,37319.06,-1.328,0,1,0
19906,Success,37320.85,-0.117,0,0,1
19907,Obstacle Collision,37322.45,-1.289,0,1,0
19908,Success,37324.66,-0.1,0,0,1
19909,Success,37326.46,-2.639,0,0,1
19910,Obstacle Collision,37327.41,-1.278,0,1,0
19911,Obstacle Collision,37328.01,-1.272,0,1,0
19912,Success,37329.35,-0.061,0,0,1
19913,Agent Collision,37331.3,-2.639,1,0,0
19914,Success,37332.84,-0.044,0,0,1
19915,Success,37335.96,-0.139,0,0,1
19916,Success,37338.29,-2.633,0,0,1
19917,Success,37339.92,-0.056,0,0,1
19918,Obstacle Collision,37340.61,-1.147,0,1,0
19919,Obstacle Collision,37341.76,-1.283,0,1,0
19920,Success,37343.45,-0.056,0,0,1
19921,Success,37344.2,-0.022,0,0,1
19922,Success,37346.38,-0.083,0,0,1
19923,Success,37347.93,-0.061,0,0,1
19924,Obstacle Collision,37350.61,-1.378,0,1,0
19925,Agent Collision,37351.37,-3.444,1,0,0
19926,Obstacle Collision,37352.05,-1.267,0,1,0
19927,Success,37357.48,-1.128,0,0,1
19928,Success,37359.36,-0.067,0,0,1
19929,Success,37361.31,-0.067,0,0,1
19930,Obstacle Collision,37362.5,-1.029,0,1,0
19931,Success,37364.35,-0.061,0,0,1
19932,Success,37366.87,-0.106,0,0,1
19933,Obstacle Collision,37367.54,-3.833,0,1,0
19934,Success,37368.3,-0.028,0,0,1
19935,Obstacle Collision,37368.94,-1.267,0,1,0
19936,Success,37370.91,-0.072,0,0,1
19937,Success,37373.01,-0.072,0,0,1
19938,Obstacle Collision,37374.37,-1.262,0,1,0
19939,Success,37376.82,-0.078,0,0,1
19940,Obstacle Collision,37377.85,-1.278,0,1,0
19941,Success,37379.5,-0.05,0,0,1
19942,Obstacle Collision,37381.0,-1.253,0,1,0
19943,Obstacle Collision,37382.77,-1.188,0,1,0
19944,Success,37385.6,-0.106,0,0,1
19945,Success,37388.26,-0.072,0,0,1
19946,Obstacle Collision,37388.93,-1.267,0,1,0
19947,Obstacle Collision,37390.69,-1.923,0,1,0
19948,Obstacle Collision,37391.6,-1.272,0,1,0
19949,Success,37394.53,-0.117,0,0,1
19950,Obstacle Collision,37396.84,-1.389,0,1,0
19951,Success,37398.5,-0.072,0,0,1
19952,Success,37400.24,-0.072,0,0,1
19953,Obstacle Collision,37400.68,-1.261,0,1,0
19954,Success,37401.93,-0.061,0,0,1
19955,Success,37402.77,-0.033,0,0,1
19956,Obstacle Collision,37403.17,-1.261,0,1,0
19957,Success,37405.03,-0.072,0,0,1
19958,Success,37406.27,-0.05,0,0,1
19959,Success,37408.21,-0.061,0,0,1
19960,Success,37411.51,-0.122,0,0,1
19961,Success,37413.85,-0.072,0,0,1
19962,Agent Collision,37416.33,-4.356,1,0,0
19963,Success,37420.35,-1.0,0,0,1
19964,Success,37422.61,-0.072,0,0,1
19965,Obstacle Collision,37424.35,-1.756,0,1,0
19966,Success,37426.34,-0.061,0,0,1
19967,Success,37428.17,-0.061,0,0,1
19968,Success,37430.32,-0.094,0,0,1
19969,Success,37432.22,-0.078,0,0,1
19970,Agent Collision,37434.6,-4.333,1,0,0
19971,Success,37436.57,-0.061,0,0,1
19972,Obstacle Collision,37438.73,-1.017,0,1,0
19973,Obstacle Collision,37440.52,-2.15,0,1,0
19974,Success,37442.38,-0.067,0,0,1
19975,Success,37443.45,-0.039,0,0,1
19976,Success,37445.22,-0.05,0,0,1
19977,Success,37446.29,-0.044,0,0,1
19978,Success,37447.28,-0.039,0,0,1
19979,Success,37450.15,-0.089,0,0,1
19980,Success,37451.52,-0.039,0,0,1
19981,Success,37455.13,-0.117,0,0,1
19982,Obstacle Collision,37456.51,-1.283,0,1,0
19983,Obstacle Collision,37457.62,-1.056,0,1,0
19984,Obstacle Collision,37459.04,-1.263,0,1,0
19985,Obstacle Collision,37460.53,-1.003,0,1,0
19986,Success,37462.33,-0.056,0,0,1
19987,Obstacle Collision,37463.46,-1.278,0,1,0
19988,Success,37466.61,-0.106,0,0,1
19989,Success,37467.93,-0.056,0,0,1
19990,Obstacle Collision,37468.74,-1.272,0,1,0
19991,Success,37470.6,-0.061,0,0,1
19992,Success,37471.59,-0.033,0,0,1
19993,Success,37472.41,-0.028,0,0,1
19994,Success,37473.65,-0.05,0,0,1
19995,Success,37475.2,-0.061,0,0,1
19996,Success,37478.0,-0.106,0,0,1
19997,Success,37479.23,-0.056,0,0,1
19998,Obstacle Collision,37480.46,-0.967,0,1,0
19999,Success,37482.51,-0.094,0,0,1
